{"EnqueuedTimeUtc":"2024-02-16T09:18:11.4060000Z","Properties":{},"SystemProperties":{"messageId":"3fdcef35-88c6-4ff0-8b97-00fe2d095d5b","connectionDeviceId":"gas","connectionAuthMethod":"{\"scope\":\"device\",\"type\":\"sas\",\"issuer\":\"iothub\",\"acceptingIpFilterRule\":null}","connectionDeviceGenerationId":"638436705133358401","contentType":"application/json","contentEncoding":"utf-8","enqueuedTime":"2024-02-16T09:18:11.4060000Z"},"Body":{"ID": "EAN546055286600819997", "timestamp": "2024-02-16T10:18:17.077485", "total_cons": 440.25315560523734, "current_cons": 0.12360955943172425}}
{"EnqueuedTimeUtc":"2024-02-16T09:18:21.5020000Z","Properties":{},"SystemProperties":{"messageId":"dae24dd6-800f-46a0-b200-1db2d29f27cb","connectionDeviceId":"gas","connectionAuthMethod":"{\"scope\":\"device\",\"type\":\"sas\",\"issuer\":\"iothub\",\"acceptingIpFilterRule\":null}","connectionDeviceGenerationId":"638436705133358401","contentType":"application/json","contentEncoding":"utf-8","enqueuedTime":"2024-02-16T09:18:21.5020000Z"},"Body":{"ID": "EAN546055286600819997", "timestamp": "2024-02-16T10:18:27.441259", "total_cons": 445.44157076848273, "current_cons": 5.18841516324541}}
{"EnqueuedTimeUtc":"2024-02-16T09:18:31.5500000Z","Properties":{},"SystemProperties":{"messageId":"e8db474f-b488-4e80-af99-20e01d0ae6ff","connectionDeviceId":"gas","connectionAuthMethod":"{\"scope\":\"device\",\"type\":\"sas\",\"issuer\":\"iothub\",\"acceptingIpFilterRule\":null}","connectionDeviceGenerationId":"638436705133358401","contentType":"application/json","contentEncoding":"utf-8","enqueuedTime":"2024-02-16T09:18:31.5500000Z"},"Body":{"ID": "EAN546055286600819997", "timestamp": "2024-02-16T10:18:37.492076", "total_cons": 450.03682012220617, "current_cons": 4.595249353723426}}
{"EnqueuedTimeUtc":"2024-02-16T09:18:41.7250000Z","Properties":{},"SystemProperties":{"messageId":"c543edac-5c36-4b8d-b008-0245af907941","connectionDeviceId":"gas","connectionAuthMethod":"{\"scope\":\"device\",\"type\":\"sas\",\"issuer\":\"iothub\",\"acceptingIpFilterRule\":null}","connectionDeviceGenerationId":"638436705133358401","contentType":"application/json","contentEncoding":"utf-8","enqueuedTime":"2024-02-16T09:18:41.7250000Z"},"Body":{"ID": "EAN546055286600819997", "timestamp": "2024-02-16T10:18:47.537951", "total_cons": 453.710981018349, "current_cons": 3.6741608961428365}}
{"EnqueuedTimeUtc":"2024-02-16T09:18:51.7730000Z","Properties":{},"SystemProperties":{"messageId":"b0303942-fc96-45e4-8b13-2909be225480","connectionDeviceId":"gas","connectionAuthMethod":"{\"scope\":\"device\",\"type\":\"sas\",\"issuer\":\"iothub\",\"acceptingIpFilterRule\":null}","connectionDeviceGenerationId":"638436705133358401","contentType":"application/json","contentEncoding":"utf-8","enqueuedTime":"2024-02-16T09:18:51.7730000Z"},"Body":{"ID": "EAN546055286600819997", "timestamp": "2024-02-16T10:18:57.718616", "total_cons": 462.95123416425326, "current_cons": 9.240253145904276}}
{"EnqueuedTimeUtc":"2024-02-16T09:19:01.8230000Z","Properties":{},"SystemProperties":{"messageId":"5ebb1f82-7d39-404c-b327-1dbc51dfd1fb","connectionDeviceId":"gas","connectionAuthMethod":"{\"scope\":\"device\",\"type\":\"sas\",\"issuer\":\"iothub\",\"acceptingIpFilterRule\":null}","connectionDeviceGenerationId":"638436705133358401","contentType":"application/json","contentEncoding":"utf-8","enqueuedTime":"2024-02-16T09:19:01.8230000Z"},"Body":{"ID": "EAN546055286600819997", "timestamp": "2024-02-16T10:19:07.765583", "total_cons": 470.608967019019, "current_cons": 7.657732854765773}}
{"EnqueuedTimeUtc":"2024-02-16T09:19:11.8730000Z","Properties":{},"SystemProperties":{"messageId":"0e6e9486-3c98-45dc-9aa1-fe24a28f90b1","connectionDeviceId":"gas","connectionAuthMethod":"{\"scope\":\"device\",\"type\":\"sas\",\"issuer\":\"iothub\",\"acceptingIpFilterRule\":null}","connectionDeviceGenerationId":"638436705133358401","contentType":"application/json","contentEncoding":"utf-8","enqueuedTime":"2024-02-16T09:19:11.8730000Z"},"Body":{"ID": "EAN546055286600819997", "timestamp": "2024-02-16T10:19:17.809631", "total_cons": 479.08312169990575, "current_cons": 8.474154680886754}}
{"EnqueuedTimeUtc":"2024-02-16T09:19:21.9200000Z","Properties":{},"SystemProperties":{"messageId":"e5865e2b-db4a-4ec3-b1be-963a2a46dfed","connectionDeviceId":"gas","connectionAuthMethod":"{\"scope\":\"device\",\"type\":\"sas\",\"issuer\":\"iothub\",\"acceptingIpFilterRule\":null}","connectionDeviceGenerationId":"638436705133358401","contentType":"application/json","contentEncoding":"utf-8","enqueuedTime":"2024-02-16T09:19:21.9200000Z"},"Body":{"ID": "EAN546055286600819997", "timestamp": "2024-02-16T10:19:27.861184", "total_cons": 479.78866887276854, "current_cons": 0.7055471728627776}}
{"EnqueuedTimeUtc":"2024-02-16T09:19:32.1120000Z","Properties":{},"SystemProperties":{"messageId":"cd55c1b9-4d88-4684-b3ed-d140a36f0e20","connectionDeviceId":"gas","connectionAuthMethod":"{\"scope\":\"device\",\"type\":\"sas\",\"issuer\":\"iothub\",\"acceptingIpFilterRule\":null}","connectionDeviceGenerationId":"638436705133358401","contentType":"application/json","contentEncoding":"utf-8","enqueuedTime":"2024-02-16T09:19:32.1120000Z"},"Body":{"ID": "EAN546055286600819997", "timestamp": "2024-02-16T10:19:37.916443", "total_cons": 485.4271791029233, "current_cons": 5.638510230154722}}
{"EnqueuedTimeUtc":"2024-02-16T09:19:42.2420000Z","Properties":{},"SystemProperties":{"messageId":"47e31f13-b451-47d4-9857-3c037221cef2","connectionDeviceId":"gas","connectionAuthMethod":"{\"scope\":\"device\",\"type\":\"sas\",\"issuer\":\"iothub\",\"acceptingIpFilterRule\":null}","connectionDeviceGenerationId":"638436705133358401","contentType":"application/json","contentEncoding":"utf-8","enqueuedTime":"2024-02-16T09:19:42.2420000Z"},"Body":{"ID": "EAN546055286600819997", "timestamp": "2024-02-16T10:19:48.177042", "total_cons": 488.83028339378853, "current_cons": 3.403104290865242}}
{"EnqueuedTimeUtc":"2024-02-16T09:19:52.2910000Z","Properties":{},"SystemProperties":{"messageId":"36e142aa-aaa2-459b-88f8-b573c96cb5a5","connectionDeviceId":"gas","connectionAuthMethod":"{\"scope\":\"device\",\"type\":\"sas\",\"issuer\":\"iothub\",\"acceptingIpFilterRule\":null}","connectionDeviceGenerationId":"638436705133358401","contentType":"application/json","contentEncoding":"utf-8","enqueuedTime":"2024-02-16T09:19:52.2910000Z"},"Body":{"ID": "EAN546055286600819997", "timestamp": "2024-02-16T10:19:58.222191", "total_cons": 493.21232288167175, "current_cons": 4.382039487883204}}
{"EnqueuedTimeUtc":"2024-02-16T09:20:02.3240000Z","Properties":{},"SystemProperties":{"messageId":"b4f2c883-ec80-40a0-b4d3-3473e329d297","connectionDeviceId":"gas","connectionAuthMethod":"{\"scope\":\"device\",\"type\":\"sas\",\"issuer\":\"iothub\",\"acceptingIpFilterRule\":null}","connectionDeviceGenerationId":"638436705133358401","contentType":"application/json","contentEncoding":"utf-8","enqueuedTime":"2024-02-16T09:20:02.3240000Z"},"Body":{"ID": "EAN546055286600819997", "timestamp": "2024-02-16T10:20:08.267504", "total_cons": 498.91118158310474, "current_cons": 5.698858701432996}}
{"EnqueuedTimeUtc":"2024-02-16T09:20:08.2630000Z","Properties":{"lat":"51.0330995","lon":"3.6865697"},"SystemProperties":{"messageId":"971a7e69-72f9-471e-857d-3d5e451fa905","connectionDeviceId":"weather","connectionAuthMethod":"{\"scope\":\"device\",\"type\":\"sas\",\"issuer\":\"iothub\",\"acceptingIpFilterRule\":null}","connectionDeviceGenerationId":"638436705223526622","contentType":"application/json","contentEncoding":"utf-8","enqueuedTime":"2024-02-16T09:20:08.2630000Z"},"Body":{"dateTime": "2024-02-16T10:02:00+01:00", "phrase": "Cloudy", "iconCode": 7, "hasPrecipitation": false, "isDayTime": true, "temperature": {"value": 12.2, "unit": "C", "unitType": 17}, "realFeelTemperature": {"value": 7.6, "unit": "C", "unitType": 17}, "realFeelTemperatureShade": {"value": 7.6, "unit": "C", "unitType": 17}, "relativeHumidity": 98, "dewPoint": {"value": 12.0, "unit": "C", "unitType": 17}, "wind": {"direction": {"degrees": 225.0, "localizedDescription": "SW"}, "speed": {"value": 22.0, "unit": "km/h", "unitType": 7}}, "windGust": {"speed": {"value": 32.9, "unit": "km/h", "unitType": 7}}, "uvIndex": 0, "uvIndexPhrase": "Low", "visibility": {"value": 24.1, "unit": "km", "unitType": 6}, "obstructionsToVisibility": "R-", "cloudCover": 100, "ceiling": {"value": 518.0, "unit": "m", "unitType": 5}, "pressure": {"value": 1011.2, "unit": "mb", "unitType": 14}, "pressureTendency": {"localizedDescription": "Rising", "code": "R"}, "past24HourTemperatureDeparture": {"value": -2.7, "unit": "C", "unitType": 17}, "apparentTemperature": {"value": 16.1, "unit": "C", "unitType": 17}, "windChillTemperature": {"value": 12.2, "unit": "C", "unitType": 17}, "wetBulbTemperature": {"value": 12.3, "unit": "C", "unitType": 17}, "precipitationSummary": {"pastHour": {"value": 0.5, "unit": "mm", "unitType": 3}, "past3Hours": {"value": 1.9, "unit": "mm", "unitType": 3}, "past6Hours": {"value": 1.9, "unit": "mm", "unitType": 3}, "past9Hours": {"value": 1.9, "unit": "mm", "unitType": 3}, "past12Hours": {"value": 1.9, "unit": "mm", "unitType": 3}, "past18Hours": {"value": 1.9, "unit": "mm", "unitType": 3}, "past24Hours": {"value": 1.9, "unit": "mm", "unitType": 3}}, "temperatureSummary": {"past6Hours": {"minimum": {"value": 12.2, "unit": "C", "unitType": 17}, "maximum": {"value": 13.2, "unit": "C", "unitType": 17}}, "past12Hours": {"minimum": {"value": 12.2, "unit": "C", "unitType": 17}, "maximum": {"value": 13.4, "unit": "C", "unitType": 17}}, "past24Hours": {"minimum": {"value": 12.2, "unit": "C", "unitType": 17}, "maximum": {"value": 15.9, "unit": "C", "unitType": 17}}}}}
{"EnqueuedTimeUtc":"2024-02-16T09:20:12.7030000Z","Properties":{},"SystemProperties":{"messageId":"8d8c12f4-c0f2-4c81-abe0-bb44695a9393","connectionDeviceId":"gas","connectionAuthMethod":"{\"scope\":\"device\",\"type\":\"sas\",\"issuer\":\"iothub\",\"acceptingIpFilterRule\":null}","connectionDeviceGenerationId":"638436705133358401","contentType":"application/json","contentEncoding":"utf-8","enqueuedTime":"2024-02-16T09:20:12.7030000Z"},"Body":{"ID": "EAN546055286600819997", "timestamp": "2024-02-16T10:20:18.313090", "total_cons": 501.3635110153547, "current_cons": 2.452329432249927}}
{"EnqueuedTimeUtc":"2024-02-16T09:20:22.7520000Z","Properties":{},"SystemProperties":{"messageId":"2dbbe1c8-2082-4c2d-936a-c58c2b8ec1e6","connectionDeviceId":"gas","connectionAuthMethod":"{\"scope\":\"device\",\"type\":\"sas\",\"issuer\":\"iothub\",\"acceptingIpFilterRule\":null}","connectionDeviceGenerationId":"638436705133358401","contentType":"application/json","contentEncoding":"utf-8","enqueuedTime":"2024-02-16T09:20:22.7520000Z"},"Body":{"ID": "EAN546055286600819997", "timestamp": "2024-02-16T10:20:28.681184", "total_cons": 509.36165143451296, "current_cons": 7.998140419158262}}