{"EnqueuedTimeUtc":"2024-02-16T09:20:32.8000000Z","Properties":{},"SystemProperties":{"messageId":"1a565c23-b602-477f-acc7-70f630d5aafa","connectionDeviceId":"gas","connectionAuthMethod":"{\"scope\":\"device\",\"type\":\"sas\",\"issuer\":\"iothub\",\"acceptingIpFilterRule\":null}","connectionDeviceGenerationId":"638436705133358401","contentType":"application/json","contentEncoding":"utf-8","enqueuedTime":"2024-02-16T09:20:32.8000000Z"},"Body":{"ID": "EAN546055286600819997", "timestamp": "2024-02-16T10:20:38.730578", "total_cons": 511.2668938472264, "current_cons": 1.9052424127134457}}
{"EnqueuedTimeUtc":"2024-02-16T09:20:42.8370000Z","Properties":{},"SystemProperties":{"messageId":"91494aba-0ea6-462f-8930-e337fd614579","connectionDeviceId":"gas","connectionAuthMethod":"{\"scope\":\"device\",\"type\":\"sas\",\"issuer\":\"iothub\",\"acceptingIpFilterRule\":null}","connectionDeviceGenerationId":"638436705133358401","contentType":"application/json","contentEncoding":"utf-8","enqueuedTime":"2024-02-16T09:20:42.8370000Z"},"Body":{"ID": "EAN546055286600819997", "timestamp": "2024-02-16T10:20:48.777415", "total_cons": 519.187810391539, "current_cons": 7.9209165443125915}}
{"EnqueuedTimeUtc":"2024-02-16T09:20:52.8850000Z","Properties":{},"SystemProperties":{"messageId":"3712171a-51ea-461a-9f2d-2404d03c951e","connectionDeviceId":"gas","connectionAuthMethod":"{\"scope\":\"device\",\"type\":\"sas\",\"issuer\":\"iothub\",\"acceptingIpFilterRule\":null}","connectionDeviceGenerationId":"638436705133358401","contentType":"application/json","contentEncoding":"utf-8","enqueuedTime":"2024-02-16T09:20:52.8850000Z"},"Body":{"ID": "EAN546055286600819997", "timestamp": "2024-02-16T10:20:58.823210", "total_cons": 526.8342927199266, "current_cons": 7.6464823283876555}}
{"EnqueuedTimeUtc":"2024-02-16T09:21:02.9340000Z","Properties":{},"SystemProperties":{"messageId":"fe40b2fb-7f22-499e-af3d-dc2fd9e8bc9d","connectionDeviceId":"gas","connectionAuthMethod":"{\"scope\":\"device\",\"type\":\"sas\",\"issuer\":\"iothub\",\"acceptingIpFilterRule\":null}","connectionDeviceGenerationId":"638436705133358401","contentType":"application/json","contentEncoding":"utf-8","enqueuedTime":"2024-02-16T09:21:02.9340000Z"},"Body":{"ID": "EAN546055286600819997", "timestamp": "2024-02-16T10:21:08.871093", "total_cons": 527.2456302338131, "current_cons": 0.4113375138865144}}
{"EnqueuedTimeUtc":"2024-02-16T09:21:13.0000000Z","Properties":{},"SystemProperties":{"messageId":"691da8b9-3d66-4a68-baf9-4c85344ba23a","connectionDeviceId":"gas","connectionAuthMethod":"{\"scope\":\"device\",\"type\":\"sas\",\"issuer\":\"iothub\",\"acceptingIpFilterRule\":null}","connectionDeviceGenerationId":"638436705133358401","contentType":"application/json","contentEncoding":"utf-8","enqueuedTime":"2024-02-16T09:21:13.0000000Z"},"Body":{"ID": "EAN546055286600819997", "timestamp": "2024-02-16T10:21:18.930749", "total_cons": 527.8787757673554, "current_cons": 0.6331455335422366}}
{"EnqueuedTimeUtc":"2024-02-16T09:21:23.0330000Z","Properties":{},"SystemProperties":{"messageId":"79f1af7c-9fae-4b35-ae30-431e2cd2cbb4","connectionDeviceId":"gas","connectionAuthMethod":"{\"scope\":\"device\",\"type\":\"sas\",\"issuer\":\"iothub\",\"acceptingIpFilterRule\":null}","connectionDeviceGenerationId":"638436705133358401","contentType":"application/json","contentEncoding":"utf-8","enqueuedTime":"2024-02-16T09:21:23.0330000Z"},"Body":{"ID": "EAN546055286600819997", "timestamp": "2024-02-16T10:21:28.967088", "total_cons": 529.6185370508842, "current_cons": 1.7397612835288359}}