{"EnqueuedTimeUtc":"2024-02-16T09:21:33.0820000Z","Properties":{},"SystemProperties":{"messageId":"ba3186d8-7327-416c-a93c-6d9d00c7ae80","connectionDeviceId":"gas","connectionAuthMethod":"{\"scope\":\"device\",\"type\":\"sas\",\"issuer\":\"iothub\",\"acceptingIpFilterRule\":null}","connectionDeviceGenerationId":"638436705133358401","contentType":"application/json","contentEncoding":"utf-8","enqueuedTime":"2024-02-16T09:21:33.0820000Z"},"Body":{"ID": "EAN546055286600819997", "timestamp": "2024-02-16T10:21:39.017010", "total_cons": 531.2089864587072, "current_cons": 1.5904494078228801}}
{"EnqueuedTimeUtc":"2024-02-16T09:21:43.1300000Z","Properties":{},"SystemProperties":{"messageId":"e31eb8d5-1b91-4e07-bb8c-2bb7484408fa","connectionDeviceId":"gas","connectionAuthMethod":"{\"scope\":\"device\",\"type\":\"sas\",\"issuer\":\"iothub\",\"acceptingIpFilterRule\":null}","connectionDeviceGenerationId":"638436705133358401","contentType":"application/json","contentEncoding":"utf-8","enqueuedTime":"2024-02-16T09:21:43.1300000Z"},"Body":{"ID": "EAN540367404846041939", "timestamp": "2024-02-16T10:21:49.069479", "total_cons": -539.9172939042164, "current_cons": -8.708307445509302}}
{"EnqueuedTimeUtc":"2024-02-16T09:21:53.1960000Z","Properties":{},"SystemProperties":{"messageId":"5cdd1557-6e15-456a-b554-497eb7c01a46","connectionDeviceId":"gas","connectionAuthMethod":"{\"scope\":\"device\",\"type\":\"sas\",\"issuer\":\"iothub\",\"acceptingIpFilterRule\":null}","connectionDeviceGenerationId":"638436705133358401","contentType":"application/json","contentEncoding":"utf-8","enqueuedTime":"2024-02-16T09:21:53.1960000Z"},"Body":{"ID": "EAN546055286600819997", "timestamp": "2024-02-16T10:21:59.126509", "total_cons": 545.0025555177938, "current_cons": 5.085261613577313}}
{"EnqueuedTimeUtc":"2024-02-16T09:22:03.2300000Z","Properties":{},"SystemProperties":{"messageId":"c914d0b0-b3d2-49db-9ddf-a1ec61afbd92","connectionDeviceId":"gas","connectionAuthMethod":"{\"scope\":\"device\",\"type\":\"sas\",\"issuer\":\"iothub\",\"acceptingIpFilterRule\":null}","connectionDeviceGenerationId":"638436705133358401","contentType":"application/json","contentEncoding":"utf-8","enqueuedTime":"2024-02-16T09:22:03.2300000Z"},"Body":{"ID": "EAN546055286600819997", "timestamp": "2024-02-16T10:22:09.175345", "total_cons": 551.8730784116439, "current_cons": 6.870522893850134}}
{"EnqueuedTimeUtc":"2024-02-16T09:22:08.5150000Z","Properties":{"lat":"51.0330995","lon":"3.6865697"},"SystemProperties":{"messageId":"1e37beb6-c8c9-4a43-a38d-39a11cbbc7e9","connectionDeviceId":"weather","connectionAuthMethod":"{\"scope\":\"device\",\"type\":\"sas\",\"issuer\":\"iothub\",\"acceptingIpFilterRule\":null}","connectionDeviceGenerationId":"638436705223526622","contentType":"application/json","contentEncoding":"utf-8","enqueuedTime":"2024-02-16T09:22:08.5150000Z"},"Body":{"dateTime": "2024-02-16T10:02:00+01:00", "phrase": "Cloudy", "iconCode": 7, "hasPrecipitation": false, "isDayTime": true, "temperature": {"value": 12.2, "unit": "C", "unitType": 17}, "realFeelTemperature": {"value": 7.6, "unit": "C", "unitType": 17}, "realFeelTemperatureShade": {"value": 7.6, "unit": "C", "unitType": 17}, "relativeHumidity": 98, "dewPoint": {"value": 12.0, "unit": "C", "unitType": 17}, "wind": {"direction": {"degrees": 225.0, "localizedDescription": "SW"}, "speed": {"value": 22.0, "unit": "km/h", "unitType": 7}}, "windGust": {"speed": {"value": 32.9, "unit": "km/h", "unitType": 7}}, "uvIndex": 0, "uvIndexPhrase": "Low", "visibility": {"value": 24.1, "unit": "km", "unitType": 6}, "obstructionsToVisibility": "R-", "cloudCover": 100, "ceiling": {"value": 518.0, "unit": "m", "unitType": 5}, "pressure": {"value": 1011.2, "unit": "mb", "unitType": 14}, "pressureTendency": {"localizedDescription": "Rising", "code": "R"}, "past24HourTemperatureDeparture": {"value": -2.7, "unit": "C", "unitType": 17}, "apparentTemperature": {"value": 16.1, "unit": "C", "unitType": 17}, "windChillTemperature": {"value": 12.2, "unit": "C", "unitType": 17}, "wetBulbTemperature": {"value": 12.3, "unit": "C", "unitType": 17}, "precipitationSummary": {"pastHour": {"value": 0.5, "unit": "mm", "unitType": 3}, "past3Hours": {"value": 1.9, "unit": "mm", "unitType": 3}, "past6Hours": {"value": 1.9, "unit": "mm", "unitType": 3}, "past9Hours": {"value": 1.9, "unit": "mm", "unitType": 3}, "past12Hours": {"value": 1.9, "unit": "mm", "unitType": 3}, "past18Hours": {"value": 1.9, "unit": "mm", "unitType": 3}, "past24Hours": {"value": 1.9, "unit": "mm", "unitType": 3}}, "temperatureSummary": {"past6Hours": {"minimum": {"value": 12.2, "unit": "C", "unitType": 17}, "maximum": {"value": 13.2, "unit": "C", "unitType": 17}}, "past12Hours": {"minimum": {"value": 12.2, "unit": "C", "unitType": 17}, "maximum": {"value": 13.4, "unit": "C", "unitType": 17}}, "past24Hours": {"minimum": {"value": 12.2, "unit": "C", "unitType": 17}, "maximum": {"value": 15.9, "unit": "C", "unitType": 17}}}}}
{"EnqueuedTimeUtc":"2024-02-16T09:22:13.2820000Z","Properties":{},"SystemProperties":{"messageId":"0bed41e5-4f5e-484d-8c16-b6d10ff696cc","connectionDeviceId":"gas","connectionAuthMethod":"{\"scope\":\"device\",\"type\":\"sas\",\"issuer\":\"iothub\",\"acceptingIpFilterRule\":null}","connectionDeviceGenerationId":"638436705133358401","contentType":"application/json","contentEncoding":"utf-8","enqueuedTime":"2024-02-16T09:22:13.2820000Z"},"Body":{"ID": "EAN546055286600819997", "timestamp": "2024-02-16T10:22:19.219621", "total_cons": 560.7980307117274, "current_cons": 8.924952300083575}}
{"EnqueuedTimeUtc":"2024-02-16T09:22:23.3170000Z","Properties":{},"SystemProperties":{"messageId":"e87b4d09-80e1-4118-b2af-ca6759cafd31","connectionDeviceId":"gas","connectionAuthMethod":"{\"scope\":\"device\",\"type\":\"sas\",\"issuer\":\"iothub\",\"acceptingIpFilterRule\":null}","connectionDeviceGenerationId":"638436705133358401","contentType":"application/json","contentEncoding":"utf-8","enqueuedTime":"2024-02-16T09:22:23.3170000Z"},"Body":{"ID": "EAN546055286600819997", "timestamp": "2024-02-16T10:22:29.263268", "total_cons": 569.5009652626658, "current_cons": 8.702934550938343}}