{"EnqueuedTimeUtc":"2024-02-16T09:22:33.3650000Z","Properties":{},"SystemProperties":{"messageId":"e52c5555-0e04-47a3-9c3c-fd3f3c14fae1","connectionDeviceId":"gas","connectionAuthMethod":"{\"scope\":\"device\",\"type\":\"sas\",\"issuer\":\"iothub\",\"acceptingIpFilterRule\":null}","connectionDeviceGenerationId":"638436705133358401","contentType":"application/json","contentEncoding":"utf-8","enqueuedTime":"2024-02-16T09:22:33.3650000Z"},"Body":{"ID": "EAN546055286600819997", "timestamp": "2024-02-16T10:22:39.306900", "total_cons": 571.1506495182902, "current_cons": 1.649684255624375}}
{"EnqueuedTimeUtc":"2024-02-16T09:22:43.4130000Z","Properties":{},"SystemProperties":{"messageId":"1e06a1f7-f756-49f9-bd57-545dbd0ed212","connectionDeviceId":"gas","connectionAuthMethod":"{\"scope\":\"device\",\"type\":\"sas\",\"issuer\":\"iothub\",\"acceptingIpFilterRule\":null}","connectionDeviceGenerationId":"638436705133358401","contentType":"application/json","contentEncoding":"utf-8","enqueuedTime":"2024-02-16T09:22:43.4130000Z"},"Body":{"ID": "EAN546055286600819997", "timestamp": "2024-02-16T10:22:49.354871", "total_cons": 574.7324255918036, "current_cons": 3.5817760735134176}}
{"EnqueuedTimeUtc":"2024-02-16T09:22:53.4600000Z","Properties":{},"SystemProperties":{"messageId":"9874cce7-79f4-4765-b57e-8d69a9db3d33","connectionDeviceId":"gas","connectionAuthMethod":"{\"scope\":\"device\",\"type\":\"sas\",\"issuer\":\"iothub\",\"acceptingIpFilterRule\":null}","connectionDeviceGenerationId":"638436705133358401","contentType":"application/json","contentEncoding":"utf-8","enqueuedTime":"2024-02-16T09:22:53.4600000Z"},"Body":{"ID": "EAN546055286600819997", "timestamp": "2024-02-16T10:22:59.390603", "total_cons": 576.0345534881063, "current_cons": 1.3021278963027618}}
{"EnqueuedTimeUtc":"2024-02-16T09:23:03.5080000Z","Properties":{},"SystemProperties":{"messageId":"51c8c600-b645-4f36-a735-a4ba3dc9fc4e","connectionDeviceId":"gas","connectionAuthMethod":"{\"scope\":\"device\",\"type\":\"sas\",\"issuer\":\"iothub\",\"acceptingIpFilterRule\":null}","connectionDeviceGenerationId":"638436705133358401","contentType":"application/json","contentEncoding":"utf-8","enqueuedTime":"2024-02-16T09:23:03.5080000Z"},"Body":{"ID": "EAN546055286600819997", "timestamp": "2024-02-16T10:23:09.437551", "total_cons": 578.7501847080706, "current_cons": 2.715631219964256}}
{"EnqueuedTimeUtc":"2024-02-16T09:23:13.5560000Z","Properties":{},"SystemProperties":{"messageId":"f95a9fd7-a90c-4f2c-a3e4-169abd7f31c7","connectionDeviceId":"gas","connectionAuthMethod":"{\"scope\":\"device\",\"type\":\"sas\",\"issuer\":\"iothub\",\"acceptingIpFilterRule\":null}","connectionDeviceGenerationId":"638436705133358401","contentType":"application/json","contentEncoding":"utf-8","enqueuedTime":"2024-02-16T09:23:13.5560000Z"},"Body":{"ID": "EAN546055286600819997", "timestamp": "2024-02-16T10:23:19.489073", "total_cons": 581.9681602813146, "current_cons": 3.217975573243908}}
{"EnqueuedTimeUtc":"2024-02-16T09:23:23.6040000Z","Properties":{},"SystemProperties":{"messageId":"9a23fb44-2261-407d-af34-4a323097f328","connectionDeviceId":"gas","connectionAuthMethod":"{\"scope\":\"device\",\"type\":\"sas\",\"issuer\":\"iothub\",\"acceptingIpFilterRule\":null}","connectionDeviceGenerationId":"638436705133358401","contentType":"application/json","contentEncoding":"utf-8","enqueuedTime":"2024-02-16T09:23:23.6040000Z"},"Body":{"ID": "EAN546055286600819997", "timestamp": "2024-02-16T10:23:29.540779", "total_cons": 587.4723022102391, "current_cons": 5.504141928924529}}