{"EnqueuedTimeUtc":"2024-02-16T09:23:33.6530000Z","Properties":{},"SystemProperties":{"messageId":"de077296-fd66-47fe-9e89-e5e14339f349","connectionDeviceId":"gas","connectionAuthMethod":"{\"scope\":\"device\",\"type\":\"sas\",\"issuer\":\"iothub\",\"acceptingIpFilterRule\":null}","connectionDeviceGenerationId":"638436705133358401","contentType":"application/json","contentEncoding":"utf-8","enqueuedTime":"2024-02-16T09:23:33.6530000Z"},"Body":{"ID": "EAN546055286600819997", "timestamp": "2024-02-16T10:23:39.595636", "total_cons": 588.9685323397439, "current_cons": 1.496230129504731}}
{"EnqueuedTimeUtc":"2024-02-16T09:23:43.7020000Z","Properties":{},"SystemProperties":{"messageId":"b1f95e61-7cb9-4fab-b703-b72b76ad3ae8","connectionDeviceId":"gas","connectionAuthMethod":"{\"scope\":\"device\",\"type\":\"sas\",\"issuer\":\"iothub\",\"acceptingIpFilterRule\":null}","connectionDeviceGenerationId":"638436705133358401","contentType":"application/json","contentEncoding":"utf-8","enqueuedTime":"2024-02-16T09:23:43.7020000Z"},"Body":{"ID": "EAN546055286600819997", "timestamp": "2024-02-16T10:23:49.643413", "total_cons": 592.2566874964766, "current_cons": 3.288155156732678}}
{"EnqueuedTimeUtc":"2024-02-16T09:23:53.7490000Z","Properties":{},"SystemProperties":{"messageId":"a847ae73-40a8-452a-ab4d-658a30500988","connectionDeviceId":"gas","connectionAuthMethod":"{\"scope\":\"device\",\"type\":\"sas\",\"issuer\":\"iothub\",\"acceptingIpFilterRule\":null}","connectionDeviceGenerationId":"638436705133358401","contentType":"application/json","contentEncoding":"utf-8","enqueuedTime":"2024-02-16T09:23:53.7490000Z"},"Body":{"ID": "EAN546055286600819997", "timestamp": "2024-02-16T10:23:59.692680", "total_cons": 595.9548556671497, "current_cons": 3.698168170673023}}
{"EnqueuedTimeUtc":"2024-02-16T09:24:03.8130000Z","Properties":{},"SystemProperties":{"messageId":"068bbdd0-ec23-4c4e-9439-59fc3cbd066e","connectionDeviceId":"gas","connectionAuthMethod":"{\"scope\":\"device\",\"type\":\"sas\",\"issuer\":\"iothub\",\"acceptingIpFilterRule\":null}","connectionDeviceGenerationId":"638436705133358401","contentType":"application/json","contentEncoding":"utf-8","enqueuedTime":"2024-02-16T09:24:03.8130000Z"},"Body":{"ID": "EAN546055286600819997", "timestamp": "2024-02-16T10:24:09.745556", "total_cons": 600.0079768457074, "current_cons": 4.053121178557742}}
{"EnqueuedTimeUtc":"2024-02-16T09:24:08.8440000Z","Properties":{"lat":"51.0330995","lon":"3.6865697"},"SystemProperties":{"messageId":"d041db65-a9ee-423f-a21e-a260dd38490a","connectionDeviceId":"weather","connectionAuthMethod":"{\"scope\":\"device\",\"type\":\"sas\",\"issuer\":\"iothub\",\"acceptingIpFilterRule\":null}","connectionDeviceGenerationId":"638436705223526622","contentType":"application/json","contentEncoding":"utf-8","enqueuedTime":"2024-02-16T09:24:08.8440000Z"},"Body":{"dateTime": "2024-02-16T10:07:00+01:00", "phrase": "Cloudy", "iconCode": 7, "hasPrecipitation": false, "isDayTime": true, "temperature": {"value": 12.5, "unit": "C", "unitType": 17}, "realFeelTemperature": {"value": 7.9, "unit": "C", "unitType": 17}, "realFeelTemperatureShade": {"value": 7.9, "unit": "C", "unitType": 17}, "relativeHumidity": 97, "dewPoint": {"value": 12.0, "unit": "C", "unitType": 17}, "wind": {"direction": {"degrees": 225.0, "localizedDescription": "SW"}, "speed": {"value": 22.0, "unit": "km/h", "unitType": 7}}, "windGust": {"speed": {"value": 32.9, "unit": "km/h", "unitType": 7}}, "uvIndex": 0, "uvIndexPhrase": "Low", "visibility": {"value": 24.1, "unit": "km", "unitType": 6}, "obstructionsToVisibility": "R-", "cloudCover": 100, "ceiling": {"value": 518.0, "unit": "m", "unitType": 5}, "pressure": {"value": 1011.0, "unit": "mb", "unitType": 14}, "pressureTendency": {"localizedDescription": "Rising", "code": "R"}, "past24HourTemperatureDeparture": {"value": -2.5, "unit": "C", "unitType": 17}, "apparentTemperature": {"value": 16.1, "unit": "C", "unitType": 17}, "windChillTemperature": {"value": 12.8, "unit": "C", "unitType": 17}, "wetBulbTemperature": {"value": 12.5, "unit": "C", "unitType": 17}, "precipitationSummary": {"pastHour": {"value": 0.5, "unit": "mm", "unitType": 3}, "past3Hours": {"value": 1.9, "unit": "mm", "unitType": 3}, "past6Hours": {"value": 1.9, "unit": "mm", "unitType": 3}, "past9Hours": {"value": 1.9, "unit": "mm", "unitType": 3}, "past12Hours": {"value": 1.9, "unit": "mm", "unitType": 3}, "past18Hours": {"value": 1.9, "unit": "mm", "unitType": 3}, "past24Hours": {"value": 1.9, "unit": "mm", "unitType": 3}}, "temperatureSummary": {"past6Hours": {"minimum": {"value": 12.4, "unit": "C", "unitType": 17}, "maximum": {"value": 13.2, "unit": "C", "unitType": 17}}, "past12Hours": {"minimum": {"value": 12.2, "unit": "C", "unitType": 17}, "maximum": {"value": 13.4, "unit": "C", "unitType": 17}}, "past24Hours": {"minimum": {"value": 12.2, "unit": "C", "unitType": 17}, "maximum": {"value": 15.9, "unit": "C", "unitType": 17}}}}}
{"EnqueuedTimeUtc":"2024-02-16T09:24:13.8600000Z","Properties":{},"SystemProperties":{"messageId":"f2277e12-ce8b-49f5-a3d8-7bb9041f6da7","connectionDeviceId":"gas","connectionAuthMethod":"{\"scope\":\"device\",\"type\":\"sas\",\"issuer\":\"iothub\",\"acceptingIpFilterRule\":null}","connectionDeviceGenerationId":"638436705133358401","contentType":"application/json","contentEncoding":"utf-8","enqueuedTime":"2024-02-16T09:24:13.8600000Z"},"Body":{"ID": "EAN546055286600819997", "timestamp": "2024-02-16T10:24:19.791073", "total_cons": 607.2928606225076, "current_cons": 7.284883776800252}}
{"EnqueuedTimeUtc":"2024-02-16T09:24:23.9070000Z","Properties":{},"SystemProperties":{"messageId":"6205eaa3-6041-4a1f-94e0-216f6392dde8","connectionDeviceId":"gas","connectionAuthMethod":"{\"scope\":\"device\",\"type\":\"sas\",\"issuer\":\"iothub\",\"acceptingIpFilterRule\":null}","connectionDeviceGenerationId":"638436705133358401","contentType":"application/json","contentEncoding":"utf-8","enqueuedTime":"2024-02-16T09:24:23.9070000Z"},"Body":{"ID": "EAN546055286600819997", "timestamp": "2024-02-16T10:24:29.838065", "total_cons": 617.1470520522095, "current_cons": 9.854191429701842}}