{"EnqueuedTimeUtc":"2024-02-16T09:24:33.9400000Z","Properties":{},"SystemProperties":{"messageId":"42f8dfbd-3a32-47fc-9ead-0b10235a2a57","connectionDeviceId":"gas","connectionAuthMethod":"{\"scope\":\"device\",\"type\":\"sas\",\"issuer\":\"iothub\",\"acceptingIpFilterRule\":null}","connectionDeviceGenerationId":"638436705133358401","contentType":"application/json","contentEncoding":"utf-8","enqueuedTime":"2024-02-16T09:24:33.9400000Z"},"Body":{"ID": "EAN546055286600819997", "timestamp": "2024-02-16T10:24:39.874662", "total_cons": 623.8463090973621, "current_cons": 6.699257045152609}}
{"EnqueuedTimeUtc":"2024-02-16T09:24:43.9740000Z","Properties":{},"SystemProperties":{"messageId":"390b6f14-688d-4197-9d0a-73b19d780c01","connectionDeviceId":"gas","connectionAuthMethod":"{\"scope\":\"device\",\"type\":\"sas\",\"issuer\":\"iothub\",\"acceptingIpFilterRule\":null}","connectionDeviceGenerationId":"638436705133358401","contentType":"application/json","contentEncoding":"utf-8","enqueuedTime":"2024-02-16T09:24:43.9740000Z"},"Body":{"ID": "EAN546055286600819997", "timestamp": "2024-02-16T10:24:49.915237", "total_cons": 633.1634519540503, "current_cons": 9.317142856688148}}
{"EnqueuedTimeUtc":"2024-02-16T09:24:54.0530000Z","Properties":{},"SystemProperties":{"messageId":"054e0d58-573d-4a67-a008-1c3ac4d3d10e","connectionDeviceId":"gas","connectionAuthMethod":"{\"scope\":\"device\",\"type\":\"sas\",\"issuer\":\"iothub\",\"acceptingIpFilterRule\":null}","connectionDeviceGenerationId":"638436705133358401","contentType":"application/json","contentEncoding":"utf-8","enqueuedTime":"2024-02-16T09:24:54.0530000Z"},"Body":{"ID": "EAN546055286600819997", "timestamp": "2024-02-16T10:24:59.991164", "total_cons": 642.3722167736935, "current_cons": 9.208764819643168}}
{"EnqueuedTimeUtc":"2024-02-16T09:25:04.1160000Z","Properties":{},"SystemProperties":{"messageId":"9efb1d96-1a8e-474a-9ab4-f901e9a7caa9","connectionDeviceId":"gas","connectionAuthMethod":"{\"scope\":\"device\",\"type\":\"sas\",\"issuer\":\"iothub\",\"acceptingIpFilterRule\":null}","connectionDeviceGenerationId":"638436705133358401","contentType":"application/json","contentEncoding":"utf-8","enqueuedTime":"2024-02-16T09:25:04.1160000Z"},"Body":{"ID": "EAN546055286600819997", "timestamp": "2024-02-16T10:25:10.047802", "total_cons": 651.8644521239274, "current_cons": 9.492235350233914}}
{"EnqueuedTimeUtc":"2024-02-16T09:25:14.1630000Z","Properties":{},"SystemProperties":{"messageId":"07f015d2-d541-4db6-affa-659c02931afe","connectionDeviceId":"gas","connectionAuthMethod":"{\"scope\":\"device\",\"type\":\"sas\",\"issuer\":\"iothub\",\"acceptingIpFilterRule\":null}","connectionDeviceGenerationId":"638436705133358401","contentType":"application/json","contentEncoding":"utf-8","enqueuedTime":"2024-02-16T09:25:14.1630000Z"},"Body":{"ID": "EAN546055286600819997", "timestamp": "2024-02-16T10:25:20.092295", "total_cons": 658.0282200179942, "current_cons": 6.163767894066677}}
{"EnqueuedTimeUtc":"2024-02-16T09:25:24.1950000Z","Properties":{},"SystemProperties":{"messageId":"79d1cd3a-1f7c-4849-90e8-3fc7e78e5dc2","connectionDeviceId":"gas","connectionAuthMethod":"{\"scope\":\"device\",\"type\":\"sas\",\"issuer\":\"iothub\",\"acceptingIpFilterRule\":null}","connectionDeviceGenerationId":"638436705133358401","contentType":"application/json","contentEncoding":"utf-8","enqueuedTime":"2024-02-16T09:25:24.1950000Z"},"Body":{"ID": "EAN546055286600819997", "timestamp": "2024-02-16T10:25:30.138096", "total_cons": 658.1635645758038, "current_cons": 0.13534455780958027}}