{"EnqueuedTimeUtc":"2024-02-16T09:25:34.2590000Z","Properties":{},"SystemProperties":{"messageId":"7c779a18-de46-4d65-b968-4503c88f5184","connectionDeviceId":"gas","connectionAuthMethod":"{\"scope\":\"device\",\"type\":\"sas\",\"issuer\":\"iothub\",\"acceptingIpFilterRule\":null}","connectionDeviceGenerationId":"638436705133358401","contentType":"application/json","contentEncoding":"utf-8","enqueuedTime":"2024-02-16T09:25:34.2590000Z"},"Body":{"ID": "EAN546055286600819997", "timestamp": "2024-02-16T10:25:40.190300", "total_cons": 660.5748730082747, "current_cons": 2.41130843247096}}
{"EnqueuedTimeUtc":"2024-02-16T09:25:44.2900000Z","Properties":{},"SystemProperties":{"messageId":"15c2985a-5587-4f7c-99d2-71e4f76449cd","connectionDeviceId":"gas","connectionAuthMethod":"{\"scope\":\"device\",\"type\":\"sas\",\"issuer\":\"iothub\",\"acceptingIpFilterRule\":null}","connectionDeviceGenerationId":"638436705133358401","contentType":"application/json","contentEncoding":"utf-8","enqueuedTime":"2024-02-16T09:25:44.2900000Z"},"Body":{"ID": "EAN546055286600819997", "timestamp": "2024-02-16T10:25:50.230232", "total_cons": 664.074149122221, "current_cons": 3.49927611394629}}
{"EnqueuedTimeUtc":"2024-02-16T09:25:54.3400000Z","Properties":{},"SystemProperties":{"messageId":"514d11d0-86fe-43bf-b918-8b011d7284fe","connectionDeviceId":"gas","connectionAuthMethod":"{\"scope\":\"device\",\"type\":\"sas\",\"issuer\":\"iothub\",\"acceptingIpFilterRule\":null}","connectionDeviceGenerationId":"638436705133358401","contentType":"application/json","contentEncoding":"utf-8","enqueuedTime":"2024-02-16T09:25:54.3400000Z"},"Body":{"ID": "EAN546055286600819997", "timestamp": "2024-02-16T10:26:00.275007", "total_cons": 664.1994880655363, "current_cons": 0.12533894331534856}}
{"EnqueuedTimeUtc":"2024-02-16T09:26:04.3720000Z","Properties":{},"SystemProperties":{"messageId":"c0a6896a-bc7e-4766-93e2-7af4feedf4f7","connectionDeviceId":"gas","connectionAuthMethod":"{\"scope\":\"device\",\"type\":\"sas\",\"issuer\":\"iothub\",\"acceptingIpFilterRule\":null}","connectionDeviceGenerationId":"638436705133358401","contentType":"application/json","contentEncoding":"utf-8","enqueuedTime":"2024-02-16T09:26:04.3720000Z"},"Body":{"ID": "EAN546055286600819997", "timestamp": "2024-02-16T10:26:10.315347", "total_cons": 666.5061428718885, "current_cons": 2.306654806352217}}
{"EnqueuedTimeUtc":"2024-02-16T09:26:09.1700000Z","Properties":{"lat":"51.0330995","lon":"3.6865697"},"SystemProperties":{"messageId":"860a46ab-4ebe-4b0d-8da6-46e348896a8d","connectionDeviceId":"weather","connectionAuthMethod":"{\"scope\":\"device\",\"type\":\"sas\",\"issuer\":\"iothub\",\"acceptingIpFilterRule\":null}","connectionDeviceGenerationId":"638436705223526622","contentType":"application/json","contentEncoding":"utf-8","enqueuedTime":"2024-02-16T09:26:09.1700000Z"},"Body":{"dateTime": "2024-02-16T10:07:00+01:00", "phrase": "Cloudy", "iconCode": 7, "hasPrecipitation": false, "isDayTime": true, "temperature": {"value": 12.5, "unit": "C", "unitType": 17}, "realFeelTemperature": {"value": 7.9, "unit": "C", "unitType": 17}, "realFeelTemperatureShade": {"value": 7.9, "unit": "C", "unitType": 17}, "relativeHumidity": 97, "dewPoint": {"value": 12.0, "unit": "C", "unitType": 17}, "wind": {"direction": {"degrees": 225.0, "localizedDescription": "SW"}, "speed": {"value": 22.0, "unit": "km/h", "unitType": 7}}, "windGust": {"speed": {"value": 32.9, "unit": "km/h", "unitType": 7}}, "uvIndex": 0, "uvIndexPhrase": "Low", "visibility": {"value": 24.1, "unit": "km", "unitType": 6}, "obstructionsToVisibility": "R-", "cloudCover": 100, "ceiling": {"value": 518.0, "unit": "m", "unitType": 5}, "pressure": {"value": 1011.0, "unit": "mb", "unitType": 14}, "pressureTendency": {"localizedDescription": "Rising", "code": "R"}, "past24HourTemperatureDeparture": {"value": -2.5, "unit": "C", "unitType": 17}, "apparentTemperature": {"value": 16.1, "unit": "C", "unitType": 17}, "windChillTemperature": {"value": 12.8, "unit": "C", "unitType": 17}, "wetBulbTemperature": {"value": 12.5, "unit": "C", "unitType": 17}, "precipitationSummary": {"pastHour": {"value": 0.5, "unit": "mm", "unitType": 3}, "past3Hours": {"value": 1.9, "unit": "mm", "unitType": 3}, "past6Hours": {"value": 1.9, "unit": "mm", "unitType": 3}, "past9Hours": {"value": 1.9, "unit": "mm", "unitType": 3}, "past12Hours": {"value": 1.9, "unit": "mm", "unitType": 3}, "past18Hours": {"value": 1.9, "unit": "mm", "unitType": 3}, "past24Hours": {"value": 1.9, "unit": "mm", "unitType": 3}}, "temperatureSummary": {"past6Hours": {"minimum": {"value": 12.4, "unit": "C", "unitType": 17}, "maximum": {"value": 13.2, "unit": "C", "unitType": 17}}, "past12Hours": {"minimum": {"value": 12.2, "unit": "C", "unitType": 17}, "maximum": {"value": 13.4, "unit": "C", "unitType": 17}}, "past24Hours": {"minimum": {"value": 12.2, "unit": "C", "unitType": 17}, "maximum": {"value": 15.9, "unit": "C", "unitType": 17}}}}}
{"EnqueuedTimeUtc":"2024-02-16T09:26:14.4210000Z","Properties":{},"SystemProperties":{"messageId":"67e934fb-51e0-4379-a6b6-38917ac2c318","connectionDeviceId":"gas","connectionAuthMethod":"{\"scope\":\"device\",\"type\":\"sas\",\"issuer\":\"iothub\",\"acceptingIpFilterRule\":null}","connectionDeviceGenerationId":"638436705133358401","contentType":"application/json","contentEncoding":"utf-8","enqueuedTime":"2024-02-16T09:26:14.4210000Z"},"Body":{"ID": "EAN546055286600819997", "timestamp": "2024-02-16T10:26:20.361747", "total_cons": 670.4089850160391, "current_cons": 3.9028421441505112}}
{"EnqueuedTimeUtc":"2024-02-16T09:26:24.4700000Z","Properties":{},"SystemProperties":{"messageId":"64ef1b88-4558-494e-82a0-38276a9c0839","connectionDeviceId":"gas","connectionAuthMethod":"{\"scope\":\"device\",\"type\":\"sas\",\"issuer\":\"iothub\",\"acceptingIpFilterRule\":null}","connectionDeviceGenerationId":"638436705133358401","contentType":"application/json","contentEncoding":"utf-8","enqueuedTime":"2024-02-16T09:26:24.4700000Z"},"Body":{"ID": "EAN546055286600819997", "timestamp": "2024-02-16T10:26:30.408748", "total_cons": 673.3854363325934, "current_cons": 2.9764513165542406}}