{"EnqueuedTimeUtc":"2024-02-16T09:26:34.5170000Z","Properties":{},"SystemProperties":{"messageId":"8bb2c63b-39eb-402c-b99d-d5a443d89f72","connectionDeviceId":"gas","connectionAuthMethod":"{\"scope\":\"device\",\"type\":\"sas\",\"issuer\":\"iothub\",\"acceptingIpFilterRule\":null}","connectionDeviceGenerationId":"638436705133358401","contentType":"application/json","contentEncoding":"utf-8","enqueuedTime":"2024-02-16T09:26:34.5170000Z"},"Body":{"ID": "EAN546055286600819997", "timestamp": "2024-02-16T10:26:40.457403", "total_cons": 682.8469996844099, "current_cons": 9.461563351816533}}
{"EnqueuedTimeUtc":"2024-02-16T09:26:44.5950000Z","Properties":{},"SystemProperties":{"messageId":"ba8c17c4-066e-4663-96e1-b81605625ca5","connectionDeviceId":"gas","connectionAuthMethod":"{\"scope\":\"device\",\"type\":\"sas\",\"issuer\":\"iothub\",\"acceptingIpFilterRule\":null}","connectionDeviceGenerationId":"638436705133358401","contentType":"application/json","contentEncoding":"utf-8","enqueuedTime":"2024-02-16T09:26:44.5950000Z"},"Body":{"ID": "EAN546055286600819997", "timestamp": "2024-02-16T10:26:50.504459", "total_cons": 686.1938871797435, "current_cons": 3.346887495333639}}
{"EnqueuedTimeUtc":"2024-02-16T09:26:54.6430000Z","Properties":{},"SystemProperties":{"messageId":"776f2d18-22aa-4070-91c7-ccdb0ad4568a","connectionDeviceId":"gas","connectionAuthMethod":"{\"scope\":\"device\",\"type\":\"sas\",\"issuer\":\"iothub\",\"acceptingIpFilterRule\":null}","connectionDeviceGenerationId":"638436705133358401","contentType":"application/json","contentEncoding":"utf-8","enqueuedTime":"2024-02-16T09:26:54.6430000Z"},"Body":{"ID": "EAN546055286600819997", "timestamp": "2024-02-16T10:27:00.577054", "total_cons": 695.0371392188251, "current_cons": 8.843252039081726}}
{"EnqueuedTimeUtc":"2024-02-16T09:27:04.6910000Z","Properties":{},"SystemProperties":{"messageId":"9676ecd9-c5f0-4084-9e22-4a3ab8c10e79","connectionDeviceId":"gas","connectionAuthMethod":"{\"scope\":\"device\",\"type\":\"sas\",\"issuer\":\"iothub\",\"acceptingIpFilterRule\":null}","connectionDeviceGenerationId":"638436705133358401","contentType":"application/json","contentEncoding":"utf-8","enqueuedTime":"2024-02-16T09:27:04.6910000Z"},"Body":{"ID": "EAN546055286600819997", "timestamp": "2024-02-16T10:27:10.627410", "total_cons": 704.494641557861, "current_cons": 9.457502339035837}}
{"EnqueuedTimeUtc":"2024-02-16T09:27:14.7390000Z","Properties":{},"SystemProperties":{"messageId":"ccec841e-f050-4ae3-bb30-24ce923c8cf3","connectionDeviceId":"gas","connectionAuthMethod":"{\"scope\":\"device\",\"type\":\"sas\",\"issuer\":\"iothub\",\"acceptingIpFilterRule\":null}","connectionDeviceGenerationId":"638436705133358401","contentType":"application/json","contentEncoding":"utf-8","enqueuedTime":"2024-02-16T09:27:14.7390000Z"},"Body":{"ID": "EAN546055286600819997", "timestamp": "2024-02-16T10:27:20.674407", "total_cons": 707.2332472505739, "current_cons": 2.7386056927128584}}
{"EnqueuedTimeUtc":"2024-02-16T09:27:24.7880000Z","Properties":{},"SystemProperties":{"messageId":"27831f5d-57ef-42df-90da-c14cef29aa02","connectionDeviceId":"gas","connectionAuthMethod":"{\"scope\":\"device\",\"type\":\"sas\",\"issuer\":\"iothub\",\"acceptingIpFilterRule\":null}","connectionDeviceGenerationId":"638436705133358401","contentType":"application/json","contentEncoding":"utf-8","enqueuedTime":"2024-02-16T09:27:24.7880000Z"},"Body":{"ID": "EAN546055286600819997", "timestamp": "2024-02-16T10:27:30.720266", "total_cons": 713.3814285468098, "current_cons": 6.1481812962359905}}