{"EnqueuedTimeUtc":"2024-02-16T09:27:34.8210000Z","Properties":{},"SystemProperties":{"messageId":"e8db5060-c7b4-4d48-996f-dcc05a2f35f1","connectionDeviceId":"gas","connectionAuthMethod":"{\"scope\":\"device\",\"type\":\"sas\",\"issuer\":\"iothub\",\"acceptingIpFilterRule\":null}","connectionDeviceGenerationId":"638436705133358401","contentType":"application/json","contentEncoding":"utf-8","enqueuedTime":"2024-02-16T09:27:34.8210000Z"},"Body":{"ID": "EAN546055286600819997", "timestamp": "2024-02-16T10:27:40.756389", "total_cons": 721.4020530101649, "current_cons": 8.02062446335509}}
{"EnqueuedTimeUtc":"2024-02-16T09:27:44.8700000Z","Properties":{},"SystemProperties":{"messageId":"cfb72d90-3489-4361-a130-b8713b3070ed","connectionDeviceId":"gas","connectionAuthMethod":"{\"scope\":\"device\",\"type\":\"sas\",\"issuer\":\"iothub\",\"acceptingIpFilterRule\":null}","connectionDeviceGenerationId":"638436705133358401","contentType":"application/json","contentEncoding":"utf-8","enqueuedTime":"2024-02-16T09:27:44.8700000Z"},"Body":{"ID": "EAN546055286600819997", "timestamp": "2024-02-16T10:27:50.800666", "total_cons": 725.4697847900993, "current_cons": 4.067731779934436}}
{"EnqueuedTimeUtc":"2024-02-16T09:27:54.9170000Z","Properties":{},"SystemProperties":{"messageId":"62a27ecd-9dbc-4538-88a9-d04883fca26b","connectionDeviceId":"gas","connectionAuthMethod":"{\"scope\":\"device\",\"type\":\"sas\",\"issuer\":\"iothub\",\"acceptingIpFilterRule\":null}","connectionDeviceGenerationId":"638436705133358401","contentType":"application/json","contentEncoding":"utf-8","enqueuedTime":"2024-02-16T09:27:54.9170000Z"},"Body":{"ID": "EAN546055286600819997", "timestamp": "2024-02-16T10:28:00.848521", "total_cons": 726.6511751211217, "current_cons": 1.1813903310223817}}
{"EnqueuedTimeUtc":"2024-02-16T09:28:04.9660000Z","Properties":{},"SystemProperties":{"messageId":"43337d6e-105c-4b38-adba-d17ab8d88dd2","connectionDeviceId":"gas","connectionAuthMethod":"{\"scope\":\"device\",\"type\":\"sas\",\"issuer\":\"iothub\",\"acceptingIpFilterRule\":null}","connectionDeviceGenerationId":"638436705133358401","contentType":"application/json","contentEncoding":"utf-8","enqueuedTime":"2024-02-16T09:28:04.9660000Z"},"Body":{"ID": "EAN546055286600819997", "timestamp": "2024-02-16T10:28:10.898951", "total_cons": 732.484231542919, "current_cons": 5.833056421797277}}
{"EnqueuedTimeUtc":"2024-02-16T09:28:09.4350000Z","Properties":{"lat":"51.0330995","lon":"3.6865697"},"SystemProperties":{"messageId":"4b05a38e-4b8c-4b4d-b3a7-a788e9eaf1d5","connectionDeviceId":"weather","connectionAuthMethod":"{\"scope\":\"device\",\"type\":\"sas\",\"issuer\":\"iothub\",\"acceptingIpFilterRule\":null}","connectionDeviceGenerationId":"638436705223526622","contentType":"application/json","contentEncoding":"utf-8","enqueuedTime":"2024-02-16T09:28:09.4350000Z"},"Body":{"dateTime": "2024-02-16T10:07:00+01:00", "phrase": "Cloudy", "iconCode": 7, "hasPrecipitation": false, "isDayTime": true, "temperature": {"value": 12.5, "unit": "C", "unitType": 17}, "realFeelTemperature": {"value": 7.9, "unit": "C", "unitType": 17}, "realFeelTemperatureShade": {"value": 7.9, "unit": "C", "unitType": 17}, "relativeHumidity": 97, "dewPoint": {"value": 12.0, "unit": "C", "unitType": 17}, "wind": {"direction": {"degrees": 225.0, "localizedDescription": "SW"}, "speed": {"value": 22.0, "unit": "km/h", "unitType": 7}}, "windGust": {"speed": {"value": 32.9, "unit": "km/h", "unitType": 7}}, "uvIndex": 0, "uvIndexPhrase": "Low", "visibility": {"value": 24.1, "unit": "km", "unitType": 6}, "obstructionsToVisibility": "R-", "cloudCover": 100, "ceiling": {"value": 518.0, "unit": "m", "unitType": 5}, "pressure": {"value": 1011.0, "unit": "mb", "unitType": 14}, "pressureTendency": {"localizedDescription": "Rising", "code": "R"}, "past24HourTemperatureDeparture": {"value": -2.5, "unit": "C", "unitType": 17}, "apparentTemperature": {"value": 16.1, "unit": "C", "unitType": 17}, "windChillTemperature": {"value": 12.8, "unit": "C", "unitType": 17}, "wetBulbTemperature": {"value": 12.5, "unit": "C", "unitType": 17}, "precipitationSummary": {"pastHour": {"value": 0.5, "unit": "mm", "unitType": 3}, "past3Hours": {"value": 1.9, "unit": "mm", "unitType": 3}, "past6Hours": {"value": 1.9, "unit": "mm", "unitType": 3}, "past9Hours": {"value": 1.9, "unit": "mm", "unitType": 3}, "past12Hours": {"value": 1.9, "unit": "mm", "unitType": 3}, "past18Hours": {"value": 1.9, "unit": "mm", "unitType": 3}, "past24Hours": {"value": 1.9, "unit": "mm", "unitType": 3}}, "temperatureSummary": {"past6Hours": {"minimum": {"value": 12.4, "unit": "C", "unitType": 17}, "maximum": {"value": 13.2, "unit": "C", "unitType": 17}}, "past12Hours": {"minimum": {"value": 12.2, "unit": "C", "unitType": 17}, "maximum": {"value": 13.4, "unit": "C", "unitType": 17}}, "past24Hours": {"minimum": {"value": 12.2, "unit": "C", "unitType": 17}, "maximum": {"value": 15.9, "unit": "C", "unitType": 17}}}}}
{"EnqueuedTimeUtc":"2024-02-16T09:28:15.0140000Z","Properties":{},"SystemProperties":{"messageId":"0a9c7478-5214-4c2d-8f85-a69c0dfa627a","connectionDeviceId":"gas","connectionAuthMethod":"{\"scope\":\"device\",\"type\":\"sas\",\"issuer\":\"iothub\",\"acceptingIpFilterRule\":null}","connectionDeviceGenerationId":"638436705133358401","contentType":"application/json","contentEncoding":"utf-8","enqueuedTime":"2024-02-16T09:28:15.0140000Z"},"Body":{"ID": "EAN546055286600819997", "timestamp": "2024-02-16T10:28:20.943606", "total_cons": 739.5904534623077, "current_cons": 7.106221919388657}}
{"EnqueuedTimeUtc":"2024-02-16T09:28:25.0610000Z","Properties":{},"SystemProperties":{"messageId":"e8459731-fea6-4f0e-9f54-3e1a3e32ddd0","connectionDeviceId":"gas","connectionAuthMethod":"{\"scope\":\"device\",\"type\":\"sas\",\"issuer\":\"iothub\",\"acceptingIpFilterRule\":null}","connectionDeviceGenerationId":"638436705133358401","contentType":"application/json","contentEncoding":"utf-8","enqueuedTime":"2024-02-16T09:28:25.0610000Z"},"Body":{"ID": "EAN546055286600819997", "timestamp": "2024-02-16T10:28:30.989213", "total_cons": 740.4869138909721, "current_cons": 0.8964604286644943}}