{"EnqueuedTimeUtc":"2024-02-16T09:28:35.1100000Z","Properties":{},"SystemProperties":{"messageId":"1e153125-c25f-466a-8d45-9e4b28955b88","connectionDeviceId":"gas","connectionAuthMethod":"{\"scope\":\"device\",\"type\":\"sas\",\"issuer\":\"iothub\",\"acceptingIpFilterRule\":null}","connectionDeviceGenerationId":"638436705133358401","contentType":"application/json","contentEncoding":"utf-8","enqueuedTime":"2024-02-16T09:28:35.1100000Z"},"Body":{"ID": "EAN546055286600819997", "timestamp": "2024-02-16T10:28:41.049788", "total_cons": 748.5460588868795, "current_cons": 8.059144995907365}}
{"EnqueuedTimeUtc":"2024-02-16T09:28:45.1610000Z","Properties":{},"SystemProperties":{"messageId":"ce297bfd-bc68-4503-ba17-6615e39bf0d2","connectionDeviceId":"gas","connectionAuthMethod":"{\"scope\":\"device\",\"type\":\"sas\",\"issuer\":\"iothub\",\"acceptingIpFilterRule\":null}","connectionDeviceGenerationId":"638436705133358401","contentType":"application/json","contentEncoding":"utf-8","enqueuedTime":"2024-02-16T09:28:45.1610000Z"},"Body":{"ID": "EAN546055286600819997", "timestamp": "2024-02-16T10:28:51.094274", "total_cons": 751.0645339786562, "current_cons": 2.518475091776783}}
{"EnqueuedTimeUtc":"2024-02-16T09:28:55.2110000Z","Properties":{},"SystemProperties":{"messageId":"53e723b5-3e3a-4600-a1ac-65cd47baa5b2","connectionDeviceId":"gas","connectionAuthMethod":"{\"scope\":\"device\",\"type\":\"sas\",\"issuer\":\"iothub\",\"acceptingIpFilterRule\":null}","connectionDeviceGenerationId":"638436705133358401","contentType":"application/json","contentEncoding":"utf-8","enqueuedTime":"2024-02-16T09:28:55.2110000Z"},"Body":{"ID": "EAN546055286600819997", "timestamp": "2024-02-16T10:29:01.140912", "total_cons": 759.3474519001613, "current_cons": 8.282917921505122}}
{"EnqueuedTimeUtc":"2024-02-16T09:29:05.2610000Z","Properties":{},"SystemProperties":{"messageId":"08efb9dc-de9b-4380-b2e9-f8f42472cbe1","connectionDeviceId":"gas","connectionAuthMethod":"{\"scope\":\"device\",\"type\":\"sas\",\"issuer\":\"iothub\",\"acceptingIpFilterRule\":null}","connectionDeviceGenerationId":"638436705133358401","contentType":"application/json","contentEncoding":"utf-8","enqueuedTime":"2024-02-16T09:29:05.2610000Z"},"Body":{"ID": "EAN546055286600819997", "timestamp": "2024-02-16T10:29:11.187630", "total_cons": 768.4694484800059, "current_cons": 9.121996579844618}}
{"EnqueuedTimeUtc":"2024-02-16T09:29:15.2930000Z","Properties":{},"SystemProperties":{"messageId":"847e2057-d955-4d3d-b0c5-236027d9d907","connectionDeviceId":"gas","connectionAuthMethod":"{\"scope\":\"device\",\"type\":\"sas\",\"issuer\":\"iothub\",\"acceptingIpFilterRule\":null}","connectionDeviceGenerationId":"638436705133358401","contentType":"application/json","contentEncoding":"utf-8","enqueuedTime":"2024-02-16T09:29:15.2930000Z"},"Body":{"ID": "EAN546055286600819997", "timestamp": "2024-02-16T10:29:21.222609", "total_cons": 773.7222754569107, "current_cons": 5.252826976904756}}
{"EnqueuedTimeUtc":"2024-02-16T09:29:25.3410000Z","Properties":{},"SystemProperties":{"messageId":"123342a6-8277-43d7-b871-13d03d402fc5","connectionDeviceId":"gas","connectionAuthMethod":"{\"scope\":\"device\",\"type\":\"sas\",\"issuer\":\"iothub\",\"acceptingIpFilterRule\":null}","connectionDeviceGenerationId":"638436705133358401","contentType":"application/json","contentEncoding":"utf-8","enqueuedTime":"2024-02-16T09:29:25.3410000Z"},"Body":{"ID": "EAN546055286600819997", "timestamp": "2024-02-16T10:29:31.267587", "total_cons": 777.9166514164049, "current_cons": 4.194375959494193}}