{"EnqueuedTimeUtc":"2024-02-16T09:29:35.3730000Z","Properties":{},"SystemProperties":{"messageId":"3739bb92-1bd4-45a7-93b4-e6e16c01577f","connectionDeviceId":"gas","connectionAuthMethod":"{\"scope\":\"device\",\"type\":\"sas\",\"issuer\":\"iothub\",\"acceptingIpFilterRule\":null}","connectionDeviceGenerationId":"638436705133358401","contentType":"application/json","contentEncoding":"utf-8","enqueuedTime":"2024-02-16T09:29:35.3730000Z"},"Body":{"ID": "EAN546055286600819997", "timestamp": "2024-02-16T10:29:41.310334", "total_cons": 781.0020096014804, "current_cons": 3.0853581850755583}}
{"EnqueuedTimeUtc":"2024-02-16T09:29:45.4220000Z","Properties":{},"SystemProperties":{"messageId":"74c545c1-161e-4b60-93cb-40c2a90c6a35","connectionDeviceId":"gas","connectionAuthMethod":"{\"scope\":\"device\",\"type\":\"sas\",\"issuer\":\"iothub\",\"acceptingIpFilterRule\":null}","connectionDeviceGenerationId":"638436705133358401","contentType":"application/json","contentEncoding":"utf-8","enqueuedTime":"2024-02-16T09:29:45.4220000Z"},"Body":{"ID": "EAN546055286600819997", "timestamp": "2024-02-16T10:29:51.355704", "total_cons": 785.5772840091907, "current_cons": 4.575274407710379}}
{"EnqueuedTimeUtc":"2024-02-16T09:29:55.4850000Z","Properties":{},"SystemProperties":{"messageId":"91fcb8f5-819d-4124-9396-3f1f5fa0ab7b","connectionDeviceId":"gas","connectionAuthMethod":"{\"scope\":\"device\",\"type\":\"sas\",\"issuer\":\"iothub\",\"acceptingIpFilterRule\":null}","connectionDeviceGenerationId":"638436705133358401","contentType":"application/json","contentEncoding":"utf-8","enqueuedTime":"2024-02-16T09:29:55.4850000Z"},"Body":{"ID": "EAN546055286600819997", "timestamp": "2024-02-16T10:30:01.411674", "total_cons": 788.4589097922596, "current_cons": 2.881625783068945}}
{"EnqueuedTimeUtc":"2024-02-16T09:30:05.5320000Z","Properties":{},"SystemProperties":{"messageId":"1eadabaa-b0fb-4c3b-b3fc-51408ea50dc3","connectionDeviceId":"gas","connectionAuthMethod":"{\"scope\":\"device\",\"type\":\"sas\",\"issuer\":\"iothub\",\"acceptingIpFilterRule\":null}","connectionDeviceGenerationId":"638436705133358401","contentType":"application/json","contentEncoding":"utf-8","enqueuedTime":"2024-02-16T09:30:05.5320000Z"},"Body":{"ID": "EAN546055286600819997", "timestamp": "2024-02-16T10:30:11.466610", "total_cons": 792.5173651004003, "current_cons": 4.058455308140602}}
{"EnqueuedTimeUtc":"2024-02-16T09:30:09.6890000Z","Properties":{"lat":"51.0330995","lon":"3.6865697"},"SystemProperties":{"messageId":"1a41004c-c616-4f82-ad81-0fcb6e255c62","connectionDeviceId":"weather","connectionAuthMethod":"{\"scope\":\"device\",\"type\":\"sas\",\"issuer\":\"iothub\",\"acceptingIpFilterRule\":null}","connectionDeviceGenerationId":"638436705223526622","contentType":"application/json","contentEncoding":"utf-8","enqueuedTime":"2024-02-16T09:30:09.6890000Z"},"Body":{"dateTime": "2024-02-16T10:07:00+01:00", "phrase": "Cloudy", "iconCode": 7, "hasPrecipitation": false, "isDayTime": true, "temperature": {"value": 12.5, "unit": "C", "unitType": 17}, "realFeelTemperature": {"value": 7.9, "unit": "C", "unitType": 17}, "realFeelTemperatureShade": {"value": 7.9, "unit": "C", "unitType": 17}, "relativeHumidity": 97, "dewPoint": {"value": 12.0, "unit": "C", "unitType": 17}, "wind": {"direction": {"degrees": 225.0, "localizedDescription": "SW"}, "speed": {"value": 22.0, "unit": "km/h", "unitType": 7}}, "windGust": {"speed": {"value": 32.9, "unit": "km/h", "unitType": 7}}, "uvIndex": 0, "uvIndexPhrase": "Low", "visibility": {"value": 24.1, "unit": "km", "unitType": 6}, "obstructionsToVisibility": "R-", "cloudCover": 100, "ceiling": {"value": 518.0, "unit": "m", "unitType": 5}, "pressure": {"value": 1011.0, "unit": "mb", "unitType": 14}, "pressureTendency": {"localizedDescription": "Rising", "code": "R"}, "past24HourTemperatureDeparture": {"value": -2.5, "unit": "C", "unitType": 17}, "apparentTemperature": {"value": 16.1, "unit": "C", "unitType": 17}, "windChillTemperature": {"value": 12.8, "unit": "C", "unitType": 17}, "wetBulbTemperature": {"value": 12.5, "unit": "C", "unitType": 17}, "precipitationSummary": {"pastHour": {"value": 0.5, "unit": "mm", "unitType": 3}, "past3Hours": {"value": 1.9, "unit": "mm", "unitType": 3}, "past6Hours": {"value": 1.9, "unit": "mm", "unitType": 3}, "past9Hours": {"value": 1.9, "unit": "mm", "unitType": 3}, "past12Hours": {"value": 1.9, "unit": "mm", "unitType": 3}, "past18Hours": {"value": 1.9, "unit": "mm", "unitType": 3}, "past24Hours": {"value": 1.9, "unit": "mm", "unitType": 3}}, "temperatureSummary": {"past6Hours": {"minimum": {"value": 12.4, "unit": "C", "unitType": 17}, "maximum": {"value": 13.2, "unit": "C", "unitType": 17}}, "past12Hours": {"minimum": {"value": 12.2, "unit": "C", "unitType": 17}, "maximum": {"value": 13.4, "unit": "C", "unitType": 17}}, "past24Hours": {"minimum": {"value": 12.2, "unit": "C", "unitType": 17}, "maximum": {"value": 15.9, "unit": "C", "unitType": 17}}}}}
{"EnqueuedTimeUtc":"2024-02-16T09:30:15.5800000Z","Properties":{},"SystemProperties":{"messageId":"4d5d18e0-30a9-41e4-8114-2bf265339039","connectionDeviceId":"gas","connectionAuthMethod":"{\"scope\":\"device\",\"type\":\"sas\",\"issuer\":\"iothub\",\"acceptingIpFilterRule\":null}","connectionDeviceGenerationId":"638436705133358401","contentType":"application/json","contentEncoding":"utf-8","enqueuedTime":"2024-02-16T09:30:15.5800000Z"},"Body":{"ID": "EAN546055286600819997", "timestamp": "2024-02-16T10:30:21.510191", "total_cons": 794.1384102403401, "current_cons": 1.6210451399398258}}
{"EnqueuedTimeUtc":"2024-02-16T09:30:25.6300000Z","Properties":{},"SystemProperties":{"messageId":"1a0d8a1c-eea0-447e-bb11-2e6eec1699e4","connectionDeviceId":"gas","connectionAuthMethod":"{\"scope\":\"device\",\"type\":\"sas\",\"issuer\":\"iothub\",\"acceptingIpFilterRule\":null}","connectionDeviceGenerationId":"638436705133358401","contentType":"application/json","contentEncoding":"utf-8","enqueuedTime":"2024-02-16T09:30:25.6300000Z"},"Body":{"ID": "EAN546055286600819997", "timestamp": "2024-02-16T10:30:31.566949", "total_cons": 797.0718147912876, "current_cons": 2.933404550947424}}