{"EnqueuedTimeUtc":"2024-02-16T09:30:35.6810000Z","Properties":{},"SystemProperties":{"messageId":"4313fb63-7919-40d4-bd7a-3fa118ab6332","connectionDeviceId":"gas","connectionAuthMethod":"{\"scope\":\"device\",\"type\":\"sas\",\"issuer\":\"iothub\",\"acceptingIpFilterRule\":null}","connectionDeviceGenerationId":"638436705133358401","contentType":"application/json","contentEncoding":"utf-8","enqueuedTime":"2024-02-16T09:30:35.6810000Z"},"Body":{"ID": "EAN546055286600819997", "timestamp": "2024-02-16T10:30:41.613188", "total_cons": 803.160964676316, "current_cons": 6.089149885028378}}
{"EnqueuedTimeUtc":"2024-02-16T09:30:45.7140000Z","Properties":{},"SystemProperties":{"messageId":"f5907859-ecef-44d6-b5c6-f60a05e8c455","connectionDeviceId":"gas","connectionAuthMethod":"{\"scope\":\"device\",\"type\":\"sas\",\"issuer\":\"iothub\",\"acceptingIpFilterRule\":null}","connectionDeviceGenerationId":"638436705133358401","contentType":"application/json","contentEncoding":"utf-8","enqueuedTime":"2024-02-16T09:30:45.7140000Z"},"Body":{"ID": "EAN546055286600819997", "timestamp": "2024-02-16T10:30:51.650347", "total_cons": 805.2465043492174, "current_cons": 2.0855396729014086}}
{"EnqueuedTimeUtc":"2024-02-16T09:30:55.7630000Z","Properties":{},"SystemProperties":{"messageId":"8ef375e8-1f69-49c3-8bb3-f910a3ec0860","connectionDeviceId":"gas","connectionAuthMethod":"{\"scope\":\"device\",\"type\":\"sas\",\"issuer\":\"iothub\",\"acceptingIpFilterRule\":null}","connectionDeviceGenerationId":"638436705133358401","contentType":"application/json","contentEncoding":"utf-8","enqueuedTime":"2024-02-16T09:30:55.7630000Z"},"Body":{"ID": "EAN546055286600819997", "timestamp": "2024-02-16T10:31:01.700202", "total_cons": 813.1507635117069, "current_cons": 7.904259162489529}}
{"EnqueuedTimeUtc":"2024-02-16T09:31:05.8120000Z","Properties":{},"SystemProperties":{"messageId":"f6b0a70c-26f8-4faf-b12f-66bc72e108cc","connectionDeviceId":"gas","connectionAuthMethod":"{\"scope\":\"device\",\"type\":\"sas\",\"issuer\":\"iothub\",\"acceptingIpFilterRule\":null}","connectionDeviceGenerationId":"638436705133358401","contentType":"application/json","contentEncoding":"utf-8","enqueuedTime":"2024-02-16T09:31:05.8120000Z"},"Body":{"ID": "EAN546055286600819997", "timestamp": "2024-02-16T10:31:11.747272", "total_cons": 815.3491061139741, "current_cons": 2.198342602267143}}
{"EnqueuedTimeUtc":"2024-02-16T09:31:15.8580000Z","Properties":{},"SystemProperties":{"messageId":"97bd5cbc-391b-41f2-8ab5-4207ab175cca","connectionDeviceId":"gas","connectionAuthMethod":"{\"scope\":\"device\",\"type\":\"sas\",\"issuer\":\"iothub\",\"acceptingIpFilterRule\":null}","connectionDeviceGenerationId":"638436705133358401","contentType":"application/json","contentEncoding":"utf-8","enqueuedTime":"2024-02-16T09:31:15.8580000Z"},"Body":{"ID": "EAN546055286600819997", "timestamp": "2024-02-16T10:31:21.798364", "total_cons": 815.8407268947356, "current_cons": 0.49162078076139204}}
{"EnqueuedTimeUtc":"2024-02-16T09:31:25.9070000Z","Properties":{},"SystemProperties":{"messageId":"dd7ba656-021d-415a-afbc-f15b5e5380f7","connectionDeviceId":"gas","connectionAuthMethod":"{\"scope\":\"device\",\"type\":\"sas\",\"issuer\":\"iothub\",\"acceptingIpFilterRule\":null}","connectionDeviceGenerationId":"638436705133358401","contentType":"application/json","contentEncoding":"utf-8","enqueuedTime":"2024-02-16T09:31:25.9070000Z"},"Body":{"ID": "EAN546055286600819997", "timestamp": "2024-02-16T10:31:31.841933", "total_cons": 821.6427627540412, "current_cons": 5.802035859305627}}