{"EnqueuedTimeUtc":"2024-02-16T09:31:35.9540000Z","Properties":{},"SystemProperties":{"messageId":"0c9e5bee-5225-4a4b-8c4c-b6a8ab0b5029","connectionDeviceId":"gas","connectionAuthMethod":"{\"scope\":\"device\",\"type\":\"sas\",\"issuer\":\"iothub\",\"acceptingIpFilterRule\":null}","connectionDeviceGenerationId":"638436705133358401","contentType":"application/json","contentEncoding":"utf-8","enqueuedTime":"2024-02-16T09:31:35.9540000Z"},"Body":{"ID": "EAN546055286600819997", "timestamp": "2024-02-16T10:31:41.889812", "total_cons": 824.6500831366901, "current_cons": 3.0073203826488575}}
{"EnqueuedTimeUtc":"2024-02-16T09:31:46.0180000Z","Properties":{},"SystemProperties":{"messageId":"cf7a6cb6-bdc1-4b23-a776-a76054383c5c","connectionDeviceId":"gas","connectionAuthMethod":"{\"scope\":\"device\",\"type\":\"sas\",\"issuer\":\"iothub\",\"acceptingIpFilterRule\":null}","connectionDeviceGenerationId":"638436705133358401","contentType":"application/json","contentEncoding":"utf-8","enqueuedTime":"2024-02-16T09:31:46.0180000Z"},"Body":{"ID": "EAN546055286600819997", "timestamp": "2024-02-16T10:31:51.944135", "total_cons": 829.6602640533406, "current_cons": 5.010180916650451}}
{"EnqueuedTimeUtc":"2024-02-16T09:31:56.0670000Z","Properties":{},"SystemProperties":{"messageId":"bdafa855-459a-4bb1-ac89-acf692157ece","connectionDeviceId":"gas","connectionAuthMethod":"{\"scope\":\"device\",\"type\":\"sas\",\"issuer\":\"iothub\",\"acceptingIpFilterRule\":null}","connectionDeviceGenerationId":"638436705133358401","contentType":"application/json","contentEncoding":"utf-8","enqueuedTime":"2024-02-16T09:31:56.0670000Z"},"Body":{"ID": "EAN546055286600819997", "timestamp": "2024-02-16T10:32:01.999248", "total_cons": 837.1241145723224, "current_cons": 7.463850518981802}}
{"EnqueuedTimeUtc":"2024-02-16T09:32:06.1150000Z","Properties":{},"SystemProperties":{"messageId":"334975b9-d3bf-42b1-bb25-b78759c50e16","connectionDeviceId":"gas","connectionAuthMethod":"{\"scope\":\"device\",\"type\":\"sas\",\"issuer\":\"iothub\",\"acceptingIpFilterRule\":null}","connectionDeviceGenerationId":"638436705133358401","contentType":"application/json","contentEncoding":"utf-8","enqueuedTime":"2024-02-16T09:32:06.1150000Z"},"Body":{"ID": "EAN546055286600819997", "timestamp": "2024-02-16T10:32:12.052367", "total_cons": 841.1480338268524, "current_cons": 4.023919254530059}}
{"EnqueuedTimeUtc":"2024-02-16T09:32:09.9900000Z","Properties":{"lat":"51.0330995","lon":"3.6865697"},"SystemProperties":{"messageId":"468ee17a-19d1-4a0e-9417-33965f2919db","connectionDeviceId":"weather","connectionAuthMethod":"{\"scope\":\"device\",\"type\":\"sas\",\"issuer\":\"iothub\",\"acceptingIpFilterRule\":null}","connectionDeviceGenerationId":"638436705223526622","contentType":"application/json","contentEncoding":"utf-8","enqueuedTime":"2024-02-16T09:32:09.9900000Z"},"Body":{"dateTime": "2024-02-16T10:21:00+01:00", "phrase": "Cloudy", "iconCode": 7, "hasPrecipitation": false, "isDayTime": true, "temperature": {"value": 12.5, "unit": "C", "unitType": 17}, "realFeelTemperature": {"value": 8.0, "unit": "C", "unitType": 17}, "realFeelTemperatureShade": {"value": 8.0, "unit": "C", "unitType": 17}, "relativeHumidity": 97, "dewPoint": {"value": 12.0, "unit": "C", "unitType": 17}, "wind": {"direction": {"degrees": 225.0, "localizedDescription": "SW"}, "speed": {"value": 21.8, "unit": "km/h", "unitType": 7}}, "windGust": {"speed": {"value": 32.2, "unit": "km/h", "unitType": 7}}, "uvIndex": 0, "uvIndexPhrase": "Low", "visibility": {"value": 22.5, "unit": "km", "unitType": 6}, "obstructionsToVisibility": "", "cloudCover": 98, "ceiling": {"value": 762.0, "unit": "m", "unitType": 5}, "pressure": {"value": 1011.0, "unit": "mb", "unitType": 14}, "pressureTendency": {"localizedDescription": "Rising", "code": "R"}, "past24HourTemperatureDeparture": {"value": -2.5, "unit": "C", "unitType": 17}, "apparentTemperature": {"value": 16.1, "unit": "C", "unitType": 17}, "windChillTemperature": {"value": 12.8, "unit": "C", "unitType": 17}, "wetBulbTemperature": {"value": 12.5, "unit": "C", "unitType": 17}, "precipitationSummary": {"pastHour": {"value": 0.4, "unit": "mm", "unitType": 3}, "past3Hours": {"value": 1.8, "unit": "mm", "unitType": 3}, "past6Hours": {"value": 2.2, "unit": "mm", "unitType": 3}, "past9Hours": {"value": 2.2, "unit": "mm", "unitType": 3}, "past12Hours": {"value": 2.2, "unit": "mm", "unitType": 3}, "past18Hours": {"value": 2.2, "unit": "mm", "unitType": 3}, "past24Hours": {"value": 2.2, "unit": "mm", "unitType": 3}}, "temperatureSummary": {"past6Hours": {"minimum": {"value": 12.4, "unit": "C", "unitType": 17}, "maximum": {"value": 13.2, "unit": "C", "unitType": 17}}, "past12Hours": {"minimum": {"value": 12.2, "unit": "C", "unitType": 17}, "maximum": {"value": 13.4, "unit": "C", "unitType": 17}}, "past24Hours": {"minimum": {"value": 12.2, "unit": "C", "unitType": 17}, "maximum": {"value": 15.9, "unit": "C", "unitType": 17}}}}}
{"EnqueuedTimeUtc":"2024-02-16T09:32:16.1790000Z","Properties":{},"SystemProperties":{"messageId":"40783ed7-7860-44bf-8a15-3978144230c3","connectionDeviceId":"gas","connectionAuthMethod":"{\"scope\":\"device\",\"type\":\"sas\",\"issuer\":\"iothub\",\"acceptingIpFilterRule\":null}","connectionDeviceGenerationId":"638436705133358401","contentType":"application/json","contentEncoding":"utf-8","enqueuedTime":"2024-02-16T09:32:16.1790000Z"},"Body":{"ID": "EAN546055286600819997", "timestamp": "2024-02-16T10:32:22.114054", "total_cons": 842.3188129269555, "current_cons": 1.1707791001031047}}
{"EnqueuedTimeUtc":"2024-02-16T09:32:26.2260000Z","Properties":{},"SystemProperties":{"messageId":"0b1b4ffc-6a99-4af3-9212-e24e7c8ce718","connectionDeviceId":"gas","connectionAuthMethod":"{\"scope\":\"device\",\"type\":\"sas\",\"issuer\":\"iothub\",\"acceptingIpFilterRule\":null}","connectionDeviceGenerationId":"638436705133358401","contentType":"application/json","contentEncoding":"utf-8","enqueuedTime":"2024-02-16T09:32:26.2260000Z"},"Body":{"ID": "EAN546055286600819997", "timestamp": "2024-02-16T10:32:32.160289", "total_cons": 843.1130094327821, "current_cons": 0.7941965058265548}}