{"EnqueuedTimeUtc":"2024-02-16T09:32:36.2910000Z","Properties":{},"SystemProperties":{"messageId":"bb48f64b-3385-4a36-bccd-33ddc10aa011","connectionDeviceId":"gas","connectionAuthMethod":"{\"scope\":\"device\",\"type\":\"sas\",\"issuer\":\"iothub\",\"acceptingIpFilterRule\":null}","connectionDeviceGenerationId":"638436705133358401","contentType":"application/json","contentEncoding":"utf-8","enqueuedTime":"2024-02-16T09:32:36.2910000Z"},"Body":{"ID": "EAN546055286600819997", "timestamp": "2024-02-16T10:32:42.216438", "total_cons": 844.7332369576372, "current_cons": 1.620227524855186}}
{"EnqueuedTimeUtc":"2024-02-16T09:32:46.3390000Z","Properties":{},"SystemProperties":{"messageId":"29d6a6ad-a10d-4f47-b4ce-7c5c2292d47b","connectionDeviceId":"gas","connectionAuthMethod":"{\"scope\":\"device\",\"type\":\"sas\",\"issuer\":\"iothub\",\"acceptingIpFilterRule\":null}","connectionDeviceGenerationId":"638436705133358401","contentType":"application/json","contentEncoding":"utf-8","enqueuedTime":"2024-02-16T09:32:46.3390000Z"},"Body":{"ID": "EAN546055286600819997", "timestamp": "2024-02-16T10:32:52.271696", "total_cons": 850.8173423387639, "current_cons": 6.08410538112667}}
{"EnqueuedTimeUtc":"2024-02-16T09:32:56.3890000Z","Properties":{},"SystemProperties":{"messageId":"6d425c4e-54e6-41f0-b4cd-87ed72be58ac","connectionDeviceId":"gas","connectionAuthMethod":"{\"scope\":\"device\",\"type\":\"sas\",\"issuer\":\"iothub\",\"acceptingIpFilterRule\":null}","connectionDeviceGenerationId":"638436705133358401","contentType":"application/json","contentEncoding":"utf-8","enqueuedTime":"2024-02-16T09:32:56.3890000Z"},"Body":{"ID": "EAN546055286600819997", "timestamp": "2024-02-16T10:33:02.317628", "total_cons": 854.8548245983737, "current_cons": 4.037482259609826}}
{"EnqueuedTimeUtc":"2024-02-16T09:33:06.4370000Z","Properties":{},"SystemProperties":{"messageId":"5e5a4a59-1bc0-44c6-b73c-fdc14119ca1c","connectionDeviceId":"gas","connectionAuthMethod":"{\"scope\":\"device\",\"type\":\"sas\",\"issuer\":\"iothub\",\"acceptingIpFilterRule\":null}","connectionDeviceGenerationId":"638436705133358401","contentType":"application/json","contentEncoding":"utf-8","enqueuedTime":"2024-02-16T09:33:06.4370000Z"},"Body":{"ID": "EAN546055286600819997", "timestamp": "2024-02-16T10:33:12.365691", "total_cons": 856.4948492493639, "current_cons": 1.6400246509902285}}
{"EnqueuedTimeUtc":"2024-02-16T09:33:16.4700000Z","Properties":{},"SystemProperties":{"messageId":"1d2ef778-2c6e-45ae-b7c7-31cf56441728","connectionDeviceId":"gas","connectionAuthMethod":"{\"scope\":\"device\",\"type\":\"sas\",\"issuer\":\"iothub\",\"acceptingIpFilterRule\":null}","connectionDeviceGenerationId":"638436705133358401","contentType":"application/json","contentEncoding":"utf-8","enqueuedTime":"2024-02-16T09:33:16.4700000Z"},"Body":{"ID": "EAN546055286600819997", "timestamp": "2024-02-16T10:33:22.412094", "total_cons": 859.3357662197839, "current_cons": 2.840916970419885}}
{"EnqueuedTimeUtc":"2024-02-16T09:33:26.5210000Z","Properties":{},"SystemProperties":{"messageId":"d3774f0a-198d-484b-80bc-5c63840f601a","connectionDeviceId":"gas","connectionAuthMethod":"{\"scope\":\"device\",\"type\":\"sas\",\"issuer\":\"iothub\",\"acceptingIpFilterRule\":null}","connectionDeviceGenerationId":"638436705133358401","contentType":"application/json","contentEncoding":"utf-8","enqueuedTime":"2024-02-16T09:33:26.5210000Z"},"Body":{"ID": "EAN546055286600819997", "timestamp": "2024-02-16T10:33:32.456122", "total_cons": 860.6893340332431, "current_cons": 1.3535678134592692}}