{"EnqueuedTimeUtc":"2024-02-16T09:33:36.5690000Z","Properties":{},"SystemProperties":{"messageId":"2fe8e320-7a75-46f1-8dd7-b2518214ff5b","connectionDeviceId":"gas","connectionAuthMethod":"{\"scope\":\"device\",\"type\":\"sas\",\"issuer\":\"iothub\",\"acceptingIpFilterRule\":null}","connectionDeviceGenerationId":"638436705133358401","contentType":"application/json","contentEncoding":"utf-8","enqueuedTime":"2024-02-16T09:33:36.5690000Z"},"Body":{"ID": "EAN546055286600819997", "timestamp": "2024-02-16T10:33:42.508314", "total_cons": 862.8123148186193, "current_cons": 2.122980785376187}}
{"EnqueuedTimeUtc":"2024-02-16T09:33:46.6170000Z","Properties":{},"SystemProperties":{"messageId":"867d58dc-51dc-4fc1-b5b2-b9eee6b4b965","connectionDeviceId":"gas","connectionAuthMethod":"{\"scope\":\"device\",\"type\":\"sas\",\"issuer\":\"iothub\",\"acceptingIpFilterRule\":null}","connectionDeviceGenerationId":"638436705133358401","contentType":"application/json","contentEncoding":"utf-8","enqueuedTime":"2024-02-16T09:33:46.6170000Z"},"Body":{"ID": "EAN546055286600819997", "timestamp": "2024-02-16T10:33:52.554844", "total_cons": 865.8055058780204, "current_cons": 2.993191059401163}}
{"EnqueuedTimeUtc":"2024-02-16T09:33:56.6650000Z","Properties":{},"SystemProperties":{"messageId":"288665db-9b34-4e08-98cb-4d7a7b393885","connectionDeviceId":"gas","connectionAuthMethod":"{\"scope\":\"device\",\"type\":\"sas\",\"issuer\":\"iothub\",\"acceptingIpFilterRule\":null}","connectionDeviceGenerationId":"638436705133358401","contentType":"application/json","contentEncoding":"utf-8","enqueuedTime":"2024-02-16T09:33:56.6650000Z"},"Body":{"ID": "EAN546055286600819997", "timestamp": "2024-02-16T10:34:02.589472", "total_cons": 869.229139142483, "current_cons": 3.423633264462493}}
{"EnqueuedTimeUtc":"2024-02-16T09:34:06.7140000Z","Properties":{},"SystemProperties":{"messageId":"0d25b354-093f-4753-b712-d0f8260fae27","connectionDeviceId":"gas","connectionAuthMethod":"{\"scope\":\"device\",\"type\":\"sas\",\"issuer\":\"iothub\",\"acceptingIpFilterRule\":null}","connectionDeviceGenerationId":"638436705133358401","contentType":"application/json","contentEncoding":"utf-8","enqueuedTime":"2024-02-16T09:34:06.7140000Z"},"Body":{"ID": "EAN546055286600819997", "timestamp": "2024-02-16T10:34:12.640615", "total_cons": 875.7048254459698, "current_cons": 6.47568630348686}}
{"EnqueuedTimeUtc":"2024-02-16T09:34:10.2600000Z","Properties":{"lat":"51.0330995","lon":"3.6865697"},"SystemProperties":{"messageId":"f92e4775-b650-47fb-af45-f8715897eb46","connectionDeviceId":"weather","connectionAuthMethod":"{\"scope\":\"device\",\"type\":\"sas\",\"issuer\":\"iothub\",\"acceptingIpFilterRule\":null}","connectionDeviceGenerationId":"638436705223526622","contentType":"application/json","contentEncoding":"utf-8","enqueuedTime":"2024-02-16T09:34:10.2600000Z"},"Body":{"dateTime": "2024-02-16T10:21:00+01:00", "phrase": "Cloudy", "iconCode": 7, "hasPrecipitation": false, "isDayTime": true, "temperature": {"value": 12.5, "unit": "C", "unitType": 17}, "realFeelTemperature": {"value": 8.0, "unit": "C", "unitType": 17}, "realFeelTemperatureShade": {"value": 8.0, "unit": "C", "unitType": 17}, "relativeHumidity": 97, "dewPoint": {"value": 12.0, "unit": "C", "unitType": 17}, "wind": {"direction": {"degrees": 225.0, "localizedDescription": "SW"}, "speed": {"value": 21.8, "unit": "km/h", "unitType": 7}}, "windGust": {"speed": {"value": 32.2, "unit": "km/h", "unitType": 7}}, "uvIndex": 0, "uvIndexPhrase": "Low", "visibility": {"value": 22.5, "unit": "km", "unitType": 6}, "obstructionsToVisibility": "", "cloudCover": 98, "ceiling": {"value": 762.0, "unit": "m", "unitType": 5}, "pressure": {"value": 1011.0, "unit": "mb", "unitType": 14}, "pressureTendency": {"localizedDescription": "Rising", "code": "R"}, "past24HourTemperatureDeparture": {"value": -2.5, "unit": "C", "unitType": 17}, "apparentTemperature": {"value": 16.1, "unit": "C", "unitType": 17}, "windChillTemperature": {"value": 12.8, "unit": "C", "unitType": 17}, "wetBulbTemperature": {"value": 12.5, "unit": "C", "unitType": 17}, "precipitationSummary": {"pastHour": {"value": 0.4, "unit": "mm", "unitType": 3}, "past3Hours": {"value": 1.8, "unit": "mm", "unitType": 3}, "past6Hours": {"value": 2.2, "unit": "mm", "unitType": 3}, "past9Hours": {"value": 2.2, "unit": "mm", "unitType": 3}, "past12Hours": {"value": 2.2, "unit": "mm", "unitType": 3}, "past18Hours": {"value": 2.2, "unit": "mm", "unitType": 3}, "past24Hours": {"value": 2.2, "unit": "mm", "unitType": 3}}, "temperatureSummary": {"past6Hours": {"minimum": {"value": 12.4, "unit": "C", "unitType": 17}, "maximum": {"value": 13.2, "unit": "C", "unitType": 17}}, "past12Hours": {"minimum": {"value": 12.2, "unit": "C", "unitType": 17}, "maximum": {"value": 13.4, "unit": "C", "unitType": 17}}, "past24Hours": {"minimum": {"value": 12.2, "unit": "C", "unitType": 17}, "maximum": {"value": 15.9, "unit": "C", "unitType": 17}}}}}
{"EnqueuedTimeUtc":"2024-02-16T09:34:16.7480000Z","Properties":{},"SystemProperties":{"messageId":"4bb4cb32-c2b7-4aed-b946-47090a11ac50","connectionDeviceId":"gas","connectionAuthMethod":"{\"scope\":\"device\",\"type\":\"sas\",\"issuer\":\"iothub\",\"acceptingIpFilterRule\":null}","connectionDeviceGenerationId":"638436705133358401","contentType":"application/json","contentEncoding":"utf-8","enqueuedTime":"2024-02-16T09:34:16.7480000Z"},"Body":{"ID": "EAN546055286600819997", "timestamp": "2024-02-16T10:34:22.687791", "total_cons": 876.1165177579107, "current_cons": 0.41169231194087585}}
{"EnqueuedTimeUtc":"2024-02-16T09:34:26.7960000Z","Properties":{},"SystemProperties":{"messageId":"cf8c9942-7e8e-452a-b602-c28e562ea54f","connectionDeviceId":"gas","connectionAuthMethod":"{\"scope\":\"device\",\"type\":\"sas\",\"issuer\":\"iothub\",\"acceptingIpFilterRule\":null}","connectionDeviceGenerationId":"638436705133358401","contentType":"application/json","contentEncoding":"utf-8","enqueuedTime":"2024-02-16T09:34:26.7960000Z"},"Body":{"ID": "EAN546055286600819997", "timestamp": "2024-02-16T10:34:32.733494", "total_cons": 885.2930121112985, "current_cons": 9.176494353387735}}