{"EnqueuedTimeUtc":"2024-02-16T09:34:36.8450000Z","Properties":{},"SystemProperties":{"messageId":"be0563a3-40ab-431d-9d05-5c21797a5f62","connectionDeviceId":"gas","connectionAuthMethod":"{\"scope\":\"device\",\"type\":\"sas\",\"issuer\":\"iothub\",\"acceptingIpFilterRule\":null}","connectionDeviceGenerationId":"638436705133358401","contentType":"application/json","contentEncoding":"utf-8","enqueuedTime":"2024-02-16T09:34:36.8450000Z"},"Body":{"ID": "EAN546055286600819997", "timestamp": "2024-02-16T10:34:42.777354", "total_cons": 891.4499181054344, "current_cons": 6.156905994136007}}
{"EnqueuedTimeUtc":"2024-02-16T09:34:46.8930000Z","Properties":{},"SystemProperties":{"messageId":"0410e5d7-54f9-48cb-a626-260d400ac406","connectionDeviceId":"gas","connectionAuthMethod":"{\"scope\":\"device\",\"type\":\"sas\",\"issuer\":\"iothub\",\"acceptingIpFilterRule\":null}","connectionDeviceGenerationId":"638436705133358401","contentType":"application/json","contentEncoding":"utf-8","enqueuedTime":"2024-02-16T09:34:46.8930000Z"},"Body":{"ID": "EAN546055286600819997", "timestamp": "2024-02-16T10:34:52.825973", "total_cons": 892.6297405538267, "current_cons": 1.1798224483922342}}
{"EnqueuedTimeUtc":"2024-02-16T09:34:56.9440000Z","Properties":{},"SystemProperties":{"messageId":"4af0f156-806e-4b3f-a23a-e78062ce2095","connectionDeviceId":"gas","connectionAuthMethod":"{\"scope\":\"device\",\"type\":\"sas\",\"issuer\":\"iothub\",\"acceptingIpFilterRule\":null}","connectionDeviceGenerationId":"638436705133358401","contentType":"application/json","contentEncoding":"utf-8","enqueuedTime":"2024-02-16T09:34:56.9440000Z"},"Body":{"ID": "EAN546055286600819997", "timestamp": "2024-02-16T10:35:02.870127", "total_cons": 901.9157565157817, "current_cons": 9.286015961955034}}
{"EnqueuedTimeUtc":"2024-02-16T09:35:06.9820000Z","Properties":{},"SystemProperties":{"messageId":"c185821b-53e8-46d9-ae59-2fb071f66433","connectionDeviceId":"gas","connectionAuthMethod":"{\"scope\":\"device\",\"type\":\"sas\",\"issuer\":\"iothub\",\"acceptingIpFilterRule\":null}","connectionDeviceGenerationId":"638436705133358401","contentType":"application/json","contentEncoding":"utf-8","enqueuedTime":"2024-02-16T09:35:06.9820000Z"},"Body":{"ID": "EAN546055286600819997", "timestamp": "2024-02-16T10:35:12.914948", "total_cons": 905.0892929154123, "current_cons": 3.1735363996305996}}
{"EnqueuedTimeUtc":"2024-02-16T09:35:17.0470000Z","Properties":{},"SystemProperties":{"messageId":"39dc3707-8c4a-46c7-96cd-0c7f7b633cfe","connectionDeviceId":"gas","connectionAuthMethod":"{\"scope\":\"device\",\"type\":\"sas\",\"issuer\":\"iothub\",\"acceptingIpFilterRule\":null}","connectionDeviceGenerationId":"638436705133358401","contentType":"application/json","contentEncoding":"utf-8","enqueuedTime":"2024-02-16T09:35:17.0470000Z"},"Body":{"ID": "EAN546055286600819997", "timestamp": "2024-02-16T10:35:22.974675", "total_cons": 911.457815004761, "current_cons": 6.368522089348685}}
{"EnqueuedTimeUtc":"2024-02-16T09:35:27.0820000Z","Properties":{},"SystemProperties":{"messageId":"0d0b7b70-5582-4a40-afde-2ab549e47222","connectionDeviceId":"gas","connectionAuthMethod":"{\"scope\":\"device\",\"type\":\"sas\",\"issuer\":\"iothub\",\"acceptingIpFilterRule\":null}","connectionDeviceGenerationId":"638436705133358401","contentType":"application/json","contentEncoding":"utf-8","enqueuedTime":"2024-02-16T09:35:27.0820000Z"},"Body":{"ID": "EAN546055286600819997", "timestamp": "2024-02-16T10:35:33.018742", "total_cons": 912.9716563216781, "current_cons": 1.5138413169171268}}