{"EnqueuedTimeUtc":"2024-02-16T09:35:37.1320000Z","Properties":{},"SystemProperties":{"messageId":"24e86ef5-0aeb-49d4-b0b8-7de39404b3f5","connectionDeviceId":"gas","connectionAuthMethod":"{\"scope\":\"device\",\"type\":\"sas\",\"issuer\":\"iothub\",\"acceptingIpFilterRule\":null}","connectionDeviceGenerationId":"638436705133358401","contentType":"application/json","contentEncoding":"utf-8","enqueuedTime":"2024-02-16T09:35:37.1320000Z"},"Body":{"ID": "EAN546055286600819997", "timestamp": "2024-02-16T10:35:43.059661", "total_cons": 920.1009545244672, "current_cons": 7.129298202789023}}
{"EnqueuedTimeUtc":"2024-02-16T09:35:47.1650000Z","Properties":{},"SystemProperties":{"messageId":"15913545-f796-4d8a-abe4-b45e8ee46ff8","connectionDeviceId":"gas","connectionAuthMethod":"{\"scope\":\"device\",\"type\":\"sas\",\"issuer\":\"iothub\",\"acceptingIpFilterRule\":null}","connectionDeviceGenerationId":"638436705133358401","contentType":"application/json","contentEncoding":"utf-8","enqueuedTime":"2024-02-16T09:35:47.1650000Z"},"Body":{"ID": "EAN546055286600819997", "timestamp": "2024-02-16T10:35:53.104901", "total_cons": 923.5508702908652, "current_cons": 3.4499157663980258}}
{"EnqueuedTimeUtc":"2024-02-16T09:35:57.2130000Z","Properties":{},"SystemProperties":{"messageId":"c9be5fd4-78f8-42d0-bfb0-47f7539db67d","connectionDeviceId":"gas","connectionAuthMethod":"{\"scope\":\"device\",\"type\":\"sas\",\"issuer\":\"iothub\",\"acceptingIpFilterRule\":null}","connectionDeviceGenerationId":"638436705133358401","contentType":"application/json","contentEncoding":"utf-8","enqueuedTime":"2024-02-16T09:35:57.2130000Z"},"Body":{"ID": "EAN544696243488186217", "timestamp": "2024-02-16T10:36:03.151146", "total_cons": -932.8598467156794, "current_cons": -9.308976424814176}}
{"EnqueuedTimeUtc":"2024-02-16T09:36:07.2640000Z","Properties":{},"SystemProperties":{"messageId":"77ccb167-2565-46fa-ab47-5f7f1256dcbe","connectionDeviceId":"gas","connectionAuthMethod":"{\"scope\":\"device\",\"type\":\"sas\",\"issuer\":\"iothub\",\"acceptingIpFilterRule\":null}","connectionDeviceGenerationId":"638436705133358401","contentType":"application/json","contentEncoding":"utf-8","enqueuedTime":"2024-02-16T09:36:07.2640000Z"},"Body":{"ID": "EAN546055286600819997", "timestamp": "2024-02-16T10:36:13.199118", "total_cons": 941.4052272501413, "current_cons": 8.545380534461858}}
{"EnqueuedTimeUtc":"2024-02-16T09:36:10.5150000Z","Properties":{"lat":"51.0330995","lon":"3.6865697"},"SystemProperties":{"messageId":"765a8836-4447-477c-ba53-afc9c4ec71c3","connectionDeviceId":"weather","connectionAuthMethod":"{\"scope\":\"device\",\"type\":\"sas\",\"issuer\":\"iothub\",\"acceptingIpFilterRule\":null}","connectionDeviceGenerationId":"638436705223526622","contentType":"application/json","contentEncoding":"utf-8","enqueuedTime":"2024-02-16T09:36:10.5150000Z"},"Body":{"dateTime": "2024-02-16T10:21:00+01:00", "phrase": "Cloudy", "iconCode": 7, "hasPrecipitation": false, "isDayTime": true, "temperature": {"value": 12.5, "unit": "C", "unitType": 17}, "realFeelTemperature": {"value": 8.0, "unit": "C", "unitType": 17}, "realFeelTemperatureShade": {"value": 8.0, "unit": "C", "unitType": 17}, "relativeHumidity": 97, "dewPoint": {"value": 12.0, "unit": "C", "unitType": 17}, "wind": {"direction": {"degrees": 225.0, "localizedDescription": "SW"}, "speed": {"value": 21.8, "unit": "km/h", "unitType": 7}}, "windGust": {"speed": {"value": 32.2, "unit": "km/h", "unitType": 7}}, "uvIndex": 0, "uvIndexPhrase": "Low", "visibility": {"value": 22.5, "unit": "km", "unitType": 6}, "obstructionsToVisibility": "", "cloudCover": 98, "ceiling": {"value": 762.0, "unit": "m", "unitType": 5}, "pressure": {"value": 1011.0, "unit": "mb", "unitType": 14}, "pressureTendency": {"localizedDescription": "Rising", "code": "R"}, "past24HourTemperatureDeparture": {"value": -2.5, "unit": "C", "unitType": 17}, "apparentTemperature": {"value": 16.1, "unit": "C", "unitType": 17}, "windChillTemperature": {"value": 12.8, "unit": "C", "unitType": 17}, "wetBulbTemperature": {"value": 12.5, "unit": "C", "unitType": 17}, "precipitationSummary": {"pastHour": {"value": 0.4, "unit": "mm", "unitType": 3}, "past3Hours": {"value": 1.8, "unit": "mm", "unitType": 3}, "past6Hours": {"value": 2.2, "unit": "mm", "unitType": 3}, "past9Hours": {"value": 2.2, "unit": "mm", "unitType": 3}, "past12Hours": {"value": 2.2, "unit": "mm", "unitType": 3}, "past18Hours": {"value": 2.2, "unit": "mm", "unitType": 3}, "past24Hours": {"value": 2.2, "unit": "mm", "unitType": 3}}, "temperatureSummary": {"past6Hours": {"minimum": {"value": 12.4, "unit": "C", "unitType": 17}, "maximum": {"value": 13.2, "unit": "C", "unitType": 17}}, "past12Hours": {"minimum": {"value": 12.2, "unit": "C", "unitType": 17}, "maximum": {"value": 13.4, "unit": "C", "unitType": 17}}, "past24Hours": {"minimum": {"value": 12.2, "unit": "C", "unitType": 17}, "maximum": {"value": 15.9, "unit": "C", "unitType": 17}}}}}
{"EnqueuedTimeUtc":"2024-02-16T09:36:17.3150000Z","Properties":{},"SystemProperties":{"messageId":"de80ef70-d7f3-4fb2-9532-7ed6fb044ad3","connectionDeviceId":"gas","connectionAuthMethod":"{\"scope\":\"device\",\"type\":\"sas\",\"issuer\":\"iothub\",\"acceptingIpFilterRule\":null}","connectionDeviceGenerationId":"638436705133358401","contentType":"application/json","contentEncoding":"utf-8","enqueuedTime":"2024-02-16T09:36:17.3150000Z"},"Body":{"ID": "EAN546055286600819997", "timestamp": "2024-02-16T10:36:23.245238", "total_cons": 943.9349572493915, "current_cons": 2.529729999250163}}
{"EnqueuedTimeUtc":"2024-02-16T09:36:27.3620000Z","Properties":{},"SystemProperties":{"messageId":"92dd9071-1552-499a-b81d-8df8df5facdb","connectionDeviceId":"gas","connectionAuthMethod":"{\"scope\":\"device\",\"type\":\"sas\",\"issuer\":\"iothub\",\"acceptingIpFilterRule\":null}","connectionDeviceGenerationId":"638436705133358401","contentType":"application/json","contentEncoding":"utf-8","enqueuedTime":"2024-02-16T09:36:27.3620000Z"},"Body":{"ID": "EAN546055286600819997", "timestamp": "2024-02-16T10:36:33.291435", "total_cons": 945.0326206219364, "current_cons": 1.0976633725449432}}