{"EnqueuedTimeUtc":"2024-02-16T09:36:37.5180000Z","Properties":{},"SystemProperties":{"messageId":"4ac599ae-a4da-4e22-9962-87514d1b8f0e","connectionDeviceId":"gas","connectionAuthMethod":"{\"scope\":\"device\",\"type\":\"sas\",\"issuer\":\"iothub\",\"acceptingIpFilterRule\":null}","connectionDeviceGenerationId":"638436705133358401","contentType":"application/json","contentEncoding":"utf-8","enqueuedTime":"2024-02-16T09:36:37.5180000Z"},"Body":{"ID": "EAN546055286600819997", "timestamp": "2024-02-16T10:36:43.334984", "total_cons": 951.9067174087048, "current_cons": 6.874096786768384}}
{"EnqueuedTimeUtc":"2024-02-16T09:36:47.5810000Z","Properties":{},"SystemProperties":{"messageId":"dc431b30-d291-4704-bae2-5a1d3efa3de2","connectionDeviceId":"gas","connectionAuthMethod":"{\"scope\":\"device\",\"type\":\"sas\",\"issuer\":\"iothub\",\"acceptingIpFilterRule\":null}","connectionDeviceGenerationId":"638436705133358401","contentType":"application/json","contentEncoding":"utf-8","enqueuedTime":"2024-02-16T09:36:47.5810000Z"},"Body":{"ID": "EAN546055286600819997", "timestamp": "2024-02-16T10:36:53.515074", "total_cons": 958.8281558693137, "current_cons": 6.921438460608938}}
{"EnqueuedTimeUtc":"2024-02-16T09:36:57.6300000Z","Properties":{},"SystemProperties":{"messageId":"6e414d62-3f2e-4237-b236-46c69f5965f8","connectionDeviceId":"gas","connectionAuthMethod":"{\"scope\":\"device\",\"type\":\"sas\",\"issuer\":\"iothub\",\"acceptingIpFilterRule\":null}","connectionDeviceGenerationId":"638436705133358401","contentType":"application/json","contentEncoding":"utf-8","enqueuedTime":"2024-02-16T09:36:57.6300000Z"},"Body":{"ID": "EAN546055286600819997", "timestamp": "2024-02-16T10:37:03.561043", "total_cons": 960.1768823999195, "current_cons": 1.348726530605729}}
{"EnqueuedTimeUtc":"2024-02-16T09:37:07.6620000Z","Properties":{},"SystemProperties":{"messageId":"694bc07e-cafb-42c9-a982-8d25688fd838","connectionDeviceId":"gas","connectionAuthMethod":"{\"scope\":\"device\",\"type\":\"sas\",\"issuer\":\"iothub\",\"acceptingIpFilterRule\":null}","connectionDeviceGenerationId":"638436705133358401","contentType":"application/json","contentEncoding":"utf-8","enqueuedTime":"2024-02-16T09:37:07.6620000Z"},"Body":{"ID": "EAN546055286600819997", "timestamp": "2024-02-16T10:37:13.597653", "total_cons": 960.6762347673267, "current_cons": 0.499352367407245}}
{"EnqueuedTimeUtc":"2024-02-16T09:37:17.7260000Z","Properties":{},"SystemProperties":{"messageId":"4acfa724-d3ff-4131-b38d-f0e465cdc76f","connectionDeviceId":"gas","connectionAuthMethod":"{\"scope\":\"device\",\"type\":\"sas\",\"issuer\":\"iothub\",\"acceptingIpFilterRule\":null}","connectionDeviceGenerationId":"638436705133358401","contentType":"application/json","contentEncoding":"utf-8","enqueuedTime":"2024-02-16T09:37:17.7260000Z"},"Body":{"ID": "EAN546055286600819997", "timestamp": "2024-02-16T10:37:23.651853", "total_cons": 966.1289591588938, "current_cons": 5.45272439156714}}
{"EnqueuedTimeUtc":"2024-02-16T09:37:27.7750000Z","Properties":{},"SystemProperties":{"messageId":"38a61286-3a2a-474a-9118-6931e1495b74","connectionDeviceId":"gas","connectionAuthMethod":"{\"scope\":\"device\",\"type\":\"sas\",\"issuer\":\"iothub\",\"acceptingIpFilterRule\":null}","connectionDeviceGenerationId":"638436705133358401","contentType":"application/json","contentEncoding":"utf-8","enqueuedTime":"2024-02-16T09:37:27.7750000Z"},"Body":{"ID": "EAN546055286600819997", "timestamp": "2024-02-16T10:37:33.704656", "total_cons": 966.7743966469908, "current_cons": 0.6454374880969896}}