{"EnqueuedTimeUtc":"2024-02-16T09:37:37.8220000Z","Properties":{},"SystemProperties":{"messageId":"aa9dae93-ef48-4c50-9a8d-d023def41ac7","connectionDeviceId":"gas","connectionAuthMethod":"{\"scope\":\"device\",\"type\":\"sas\",\"issuer\":\"iothub\",\"acceptingIpFilterRule\":null}","connectionDeviceGenerationId":"638436705133358401","contentType":"application/json","contentEncoding":"utf-8","enqueuedTime":"2024-02-16T09:37:37.8220000Z"},"Body":{"ID": "EAN546055286600819997", "timestamp": "2024-02-16T10:37:43.758369", "total_cons": 969.968879591676, "current_cons": 3.1944829446852006}}
{"EnqueuedTimeUtc":"2024-02-16T09:37:47.8690000Z","Properties":{},"SystemProperties":{"messageId":"25ff4b53-6af0-4fd2-84e7-989f3316a664","connectionDeviceId":"gas","connectionAuthMethod":"{\"scope\":\"device\",\"type\":\"sas\",\"issuer\":\"iothub\",\"acceptingIpFilterRule\":null}","connectionDeviceGenerationId":"638436705133358401","contentType":"application/json","contentEncoding":"utf-8","enqueuedTime":"2024-02-16T09:37:47.8690000Z"},"Body":{"ID": "EAN546055286600819997", "timestamp": "2024-02-16T10:37:53.810056", "total_cons": 970.284280916903, "current_cons": 0.3154013252269946}}
{"EnqueuedTimeUtc":"2024-02-16T09:37:57.9360000Z","Properties":{},"SystemProperties":{"messageId":"f5ce2168-edf9-4923-8ae9-4ad4eccd978a","connectionDeviceId":"gas","connectionAuthMethod":"{\"scope\":\"device\",\"type\":\"sas\",\"issuer\":\"iothub\",\"acceptingIpFilterRule\":null}","connectionDeviceGenerationId":"638436705133358401","contentType":"application/json","contentEncoding":"utf-8","enqueuedTime":"2024-02-16T09:37:57.9360000Z"},"Body":{"ID": "EAN546055286600819997", "timestamp": "2024-02-16T10:38:03.862964", "total_cons": 978.2152272930721, "current_cons": 7.930946376169163}}
{"EnqueuedTimeUtc":"2024-02-16T09:38:08.0320000Z","Properties":{},"SystemProperties":{"messageId":"b74bf0fe-916e-435d-a9a5-519d6134464f","connectionDeviceId":"gas","connectionAuthMethod":"{\"scope\":\"device\",\"type\":\"sas\",\"issuer\":\"iothub\",\"acceptingIpFilterRule\":null}","connectionDeviceGenerationId":"638436705133358401","contentType":"application/json","contentEncoding":"utf-8","enqueuedTime":"2024-02-16T09:38:08.0320000Z"},"Body":{"ID": "EAN546055286600819997", "timestamp": "2024-02-16T10:38:13.917893", "total_cons": 985.4724915166828, "current_cons": 7.257264223610753}}
{"EnqueuedTimeUtc":"2024-02-16T09:38:10.7690000Z","Properties":{"lat":"51.0330995","lon":"3.6865697"},"SystemProperties":{"messageId":"0106b50d-c003-41fe-8cc2-480ab012a639","connectionDeviceId":"weather","connectionAuthMethod":"{\"scope\":\"device\",\"type\":\"sas\",\"issuer\":\"iothub\",\"acceptingIpFilterRule\":null}","connectionDeviceGenerationId":"638436705223526622","contentType":"application/json","contentEncoding":"utf-8","enqueuedTime":"2024-02-16T09:38:10.7690000Z"},"Body":{"dateTime": "2024-02-16T10:21:00+01:00", "phrase": "Cloudy", "iconCode": 7, "hasPrecipitation": false, "isDayTime": true, "temperature": {"value": 12.5, "unit": "C", "unitType": 17}, "realFeelTemperature": {"value": 8.0, "unit": "C", "unitType": 17}, "realFeelTemperatureShade": {"value": 8.0, "unit": "C", "unitType": 17}, "relativeHumidity": 97, "dewPoint": {"value": 12.0, "unit": "C", "unitType": 17}, "wind": {"direction": {"degrees": 225.0, "localizedDescription": "SW"}, "speed": {"value": 21.8, "unit": "km/h", "unitType": 7}}, "windGust": {"speed": {"value": 32.2, "unit": "km/h", "unitType": 7}}, "uvIndex": 0, "uvIndexPhrase": "Low", "visibility": {"value": 22.5, "unit": "km", "unitType": 6}, "obstructionsToVisibility": "", "cloudCover": 98, "ceiling": {"value": 762.0, "unit": "m", "unitType": 5}, "pressure": {"value": 1011.0, "unit": "mb", "unitType": 14}, "pressureTendency": {"localizedDescription": "Rising", "code": "R"}, "past24HourTemperatureDeparture": {"value": -2.5, "unit": "C", "unitType": 17}, "apparentTemperature": {"value": 16.1, "unit": "C", "unitType": 17}, "windChillTemperature": {"value": 12.8, "unit": "C", "unitType": 17}, "wetBulbTemperature": {"value": 12.5, "unit": "C", "unitType": 17}, "precipitationSummary": {"pastHour": {"value": 0.4, "unit": "mm", "unitType": 3}, "past3Hours": {"value": 1.8, "unit": "mm", "unitType": 3}, "past6Hours": {"value": 2.2, "unit": "mm", "unitType": 3}, "past9Hours": {"value": 2.2, "unit": "mm", "unitType": 3}, "past12Hours": {"value": 2.2, "unit": "mm", "unitType": 3}, "past18Hours": {"value": 2.2, "unit": "mm", "unitType": 3}, "past24Hours": {"value": 2.2, "unit": "mm", "unitType": 3}}, "temperatureSummary": {"past6Hours": {"minimum": {"value": 12.4, "unit": "C", "unitType": 17}, "maximum": {"value": 13.2, "unit": "C", "unitType": 17}}, "past12Hours": {"minimum": {"value": 12.2, "unit": "C", "unitType": 17}, "maximum": {"value": 13.4, "unit": "C", "unitType": 17}}, "past24Hours": {"minimum": {"value": 12.2, "unit": "C", "unitType": 17}, "maximum": {"value": 15.9, "unit": "C", "unitType": 17}}}}}
{"EnqueuedTimeUtc":"2024-02-16T09:38:18.0840000Z","Properties":{},"SystemProperties":{"messageId":"48a92481-79da-4094-a8b6-886fc77fcf80","connectionDeviceId":"gas","connectionAuthMethod":"{\"scope\":\"device\",\"type\":\"sas\",\"issuer\":\"iothub\",\"acceptingIpFilterRule\":null}","connectionDeviceGenerationId":"638436705133358401","contentType":"application/json","contentEncoding":"utf-8","enqueuedTime":"2024-02-16T09:38:18.0840000Z"},"Body":{"ID": "EAN546055286600819997", "timestamp": "2024-02-16T10:38:24.010469", "total_cons": 988.0279620649118, "current_cons": 2.5554705482289295}}
{"EnqueuedTimeUtc":"2024-02-16T09:38:28.1160000Z","Properties":{},"SystemProperties":{"messageId":"ba3bd6f4-f60b-4892-ac6b-e0222c249478","connectionDeviceId":"gas","connectionAuthMethod":"{\"scope\":\"device\",\"type\":\"sas\",\"issuer\":\"iothub\",\"acceptingIpFilterRule\":null}","connectionDeviceGenerationId":"638436705133358401","contentType":"application/json","contentEncoding":"utf-8","enqueuedTime":"2024-02-16T09:38:28.1160000Z"},"Body":{"ID": "EAN546055286600819997", "timestamp": "2024-02-16T10:38:34.054992", "total_cons": 988.8959414388827, "current_cons": 0.867979373970914}}