{"EnqueuedTimeUtc":"2024-02-16T09:38:38.1660000Z","Properties":{},"SystemProperties":{"messageId":"79e68664-3a82-4ad3-bf35-46a2146bb703","connectionDeviceId":"gas","connectionAuthMethod":"{\"scope\":\"device\",\"type\":\"sas\",\"issuer\":\"iothub\",\"acceptingIpFilterRule\":null}","connectionDeviceGenerationId":"638436705133358401","contentType":"application/json","contentEncoding":"utf-8","enqueuedTime":"2024-02-16T09:38:38.1660000Z"},"Body":{"ID": "EAN546055286600819997", "timestamp": "2024-02-16T10:38:44.106456", "total_cons": 997.2416033706855, "current_cons": 8.345661931802903}}
{"EnqueuedTimeUtc":"2024-02-16T09:38:48.2140000Z","Properties":{},"SystemProperties":{"messageId":"b5dd4a75-88d4-4a66-b8ef-6027f5aec668","connectionDeviceId":"gas","connectionAuthMethod":"{\"scope\":\"device\",\"type\":\"sas\",\"issuer\":\"iothub\",\"acceptingIpFilterRule\":null}","connectionDeviceGenerationId":"638436705133358401","contentType":"application/json","contentEncoding":"utf-8","enqueuedTime":"2024-02-16T09:38:48.2140000Z"},"Body":{"ID": "EAN546055286600819997", "timestamp": "2024-02-16T10:38:54.146914", "total_cons": 1002.8769922579575, "current_cons": 5.635388887271913}}
{"EnqueuedTimeUtc":"2024-02-16T09:38:58.2630000Z","Properties":{},"SystemProperties":{"messageId":"81332afd-2e15-400d-9e1a-922d3cee3b48","connectionDeviceId":"gas","connectionAuthMethod":"{\"scope\":\"device\",\"type\":\"sas\",\"issuer\":\"iothub\",\"acceptingIpFilterRule\":null}","connectionDeviceGenerationId":"638436705133358401","contentType":"application/json","contentEncoding":"utf-8","enqueuedTime":"2024-02-16T09:38:58.2630000Z"},"Body":{"ID": "EAN546055286600819997", "timestamp": "2024-02-16T10:39:04.193243", "total_cons": 1005.2497192714283, "current_cons": 2.3727270134708447}}
{"EnqueuedTimeUtc":"2024-02-16T09:39:08.3110000Z","Properties":{},"SystemProperties":{"messageId":"0e807d17-78d9-470b-896c-acc82fbceb6f","connectionDeviceId":"gas","connectionAuthMethod":"{\"scope\":\"device\",\"type\":\"sas\",\"issuer\":\"iothub\",\"acceptingIpFilterRule\":null}","connectionDeviceGenerationId":"638436705133358401","contentType":"application/json","contentEncoding":"utf-8","enqueuedTime":"2024-02-16T09:39:08.3110000Z"},"Body":{"ID": "EAN546055286600819997", "timestamp": "2024-02-16T10:39:14.244662", "total_cons": 1006.6518305708216, "current_cons": 1.4021112993933786}}
{"EnqueuedTimeUtc":"2024-02-16T09:39:18.3600000Z","Properties":{},"SystemProperties":{"messageId":"b0f1c8e8-1e7d-45bf-aaa8-0daac33238fa","connectionDeviceId":"gas","connectionAuthMethod":"{\"scope\":\"device\",\"type\":\"sas\",\"issuer\":\"iothub\",\"acceptingIpFilterRule\":null}","connectionDeviceGenerationId":"638436705133358401","contentType":"application/json","contentEncoding":"utf-8","enqueuedTime":"2024-02-16T09:39:18.3600000Z"},"Body":{"ID": "EAN546055286600819997", "timestamp": "2024-02-16T10:39:24.291155", "total_cons": 1016.2938191393051, "current_cons": 9.641988568483443}}
{"EnqueuedTimeUtc":"2024-02-16T09:39:28.4100000Z","Properties":{},"SystemProperties":{"messageId":"e8efce23-ffde-4886-93c8-4b0bb899f590","connectionDeviceId":"gas","connectionAuthMethod":"{\"scope\":\"device\",\"type\":\"sas\",\"issuer\":\"iothub\",\"acceptingIpFilterRule\":null}","connectionDeviceGenerationId":"638436705133358401","contentType":"application/json","contentEncoding":"utf-8","enqueuedTime":"2024-02-16T09:39:28.4100000Z"},"Body":{"ID": "EAN546055286600819997", "timestamp": "2024-02-16T10:39:34.339942", "total_cons": 1020.508019486543, "current_cons": 4.214200347237915}}