{"EnqueuedTimeUtc":"2024-02-16T09:39:38.4580000Z","Properties":{},"SystemProperties":{"messageId":"e5d0aeaf-49e6-4d15-a2af-a5ddf84bb958","connectionDeviceId":"gas","connectionAuthMethod":"{\"scope\":\"device\",\"type\":\"sas\",\"issuer\":\"iothub\",\"acceptingIpFilterRule\":null}","connectionDeviceGenerationId":"638436705133358401","contentType":"application/json","contentEncoding":"utf-8","enqueuedTime":"2024-02-16T09:39:38.4580000Z"},"Body":{"ID": "EAN546055286600819997", "timestamp": "2024-02-16T10:39:44.391938", "total_cons": 1025.9310646770075, "current_cons": 5.423045190464391}}
{"EnqueuedTimeUtc":"2024-02-16T09:39:48.5070000Z","Properties":{},"SystemProperties":{"messageId":"13d4e0a1-794e-47e7-be85-d33dce5b193d","connectionDeviceId":"gas","connectionAuthMethod":"{\"scope\":\"device\",\"type\":\"sas\",\"issuer\":\"iothub\",\"acceptingIpFilterRule\":null}","connectionDeviceGenerationId":"638436705133358401","contentType":"application/json","contentEncoding":"utf-8","enqueuedTime":"2024-02-16T09:39:48.5070000Z"},"Body":{"ID": "EAN546055286600819997", "timestamp": "2024-02-16T10:39:54.436608", "total_cons": 1030.9805215627468, "current_cons": 5.04945688573936}}
{"EnqueuedTimeUtc":"2024-02-16T09:39:58.5540000Z","Properties":{},"SystemProperties":{"messageId":"101fd8f0-2f67-4f45-a628-60cfedda7e30","connectionDeviceId":"gas","connectionAuthMethod":"{\"scope\":\"device\",\"type\":\"sas\",\"issuer\":\"iothub\",\"acceptingIpFilterRule\":null}","connectionDeviceGenerationId":"638436705133358401","contentType":"application/json","contentEncoding":"utf-8","enqueuedTime":"2024-02-16T09:39:58.5540000Z"},"Body":{"ID": "EAN546055286600819997", "timestamp": "2024-02-16T10:40:04.481958", "total_cons": 1039.7452129291244, "current_cons": 8.764691366377544}}
{"EnqueuedTimeUtc":"2024-02-16T09:40:08.5890000Z","Properties":{},"SystemProperties":{"messageId":"5639c26a-e538-4388-83d5-02a926c30baa","connectionDeviceId":"gas","connectionAuthMethod":"{\"scope\":\"device\",\"type\":\"sas\",\"issuer\":\"iothub\",\"acceptingIpFilterRule\":null}","connectionDeviceGenerationId":"638436705133358401","contentType":"application/json","contentEncoding":"utf-8","enqueuedTime":"2024-02-16T09:40:08.5890000Z"},"Body":{"ID": "EAN546055286600819997", "timestamp": "2024-02-16T10:40:14.521703", "total_cons": 1042.9293883931812, "current_cons": 3.1841754640567665}}
{"EnqueuedTimeUtc":"2024-02-16T09:40:11.0430000Z","Properties":{"lat":"51.0330995","lon":"3.6865697"},"SystemProperties":{"messageId":"36c319b5-71bc-4d63-ba12-32a0b937efa1","connectionDeviceId":"weather","connectionAuthMethod":"{\"scope\":\"device\",\"type\":\"sas\",\"issuer\":\"iothub\",\"acceptingIpFilterRule\":null}","connectionDeviceGenerationId":"638436705223526622","contentType":"application/json","contentEncoding":"utf-8","enqueuedTime":"2024-02-16T09:40:11.0430000Z"},"Body":{"dateTime": "2024-02-16T10:32:00+01:00", "phrase": "Light rain", "iconCode": 12, "hasPrecipitation": true, "precipitationType": "Rain", "isDayTime": true, "temperature": {"value": 12.5, "unit": "C", "unitType": 17}, "realFeelTemperature": {"value": 8.0, "unit": "C", "unitType": 17}, "realFeelTemperatureShade": {"value": 8.0, "unit": "C", "unitType": 17}, "relativeHumidity": 97, "dewPoint": {"value": 12.0, "unit": "C", "unitType": 17}, "wind": {"direction": {"degrees": 225.0, "localizedDescription": "SW"}, "speed": {"value": 21.8, "unit": "km/h", "unitType": 7}}, "windGust": {"speed": {"value": 32.2, "unit": "km/h", "unitType": 7}}, "uvIndex": 0, "uvIndexPhrase": "Low", "visibility": {"value": 22.5, "unit": "km", "unitType": 6}, "obstructionsToVisibility": "R-", "cloudCover": 98, "ceiling": {"value": 762.0, "unit": "m", "unitType": 5}, "pressure": {"value": 1011.0, "unit": "mb", "unitType": 14}, "pressureTendency": {"localizedDescription": "Rising", "code": "R"}, "past24HourTemperatureDeparture": {"value": -2.5, "unit": "C", "unitType": 17}, "apparentTemperature": {"value": 16.1, "unit": "C", "unitType": 17}, "windChillTemperature": {"value": 12.8, "unit": "C", "unitType": 17}, "wetBulbTemperature": {"value": 12.5, "unit": "C", "unitType": 17}, "precipitationSummary": {"pastHour": {"value": 0.5, "unit": "mm", "unitType": 3}, "past3Hours": {"value": 1.8, "unit": "mm", "unitType": 3}, "past6Hours": {"value": 2.2, "unit": "mm", "unitType": 3}, "past9Hours": {"value": 2.2, "unit": "mm", "unitType": 3}, "past12Hours": {"value": 2.2, "unit": "mm", "unitType": 3}, "past18Hours": {"value": 2.2, "unit": "mm", "unitType": 3}, "past24Hours": {"value": 2.2, "unit": "mm", "unitType": 3}}, "temperatureSummary": {"past6Hours": {"minimum": {"value": 12.4, "unit": "C", "unitType": 17}, "maximum": {"value": 13.2, "unit": "C", "unitType": 17}}, "past12Hours": {"minimum": {"value": 12.2, "unit": "C", "unitType": 17}, "maximum": {"value": 13.4, "unit": "C", "unitType": 17}}, "past24Hours": {"minimum": {"value": 12.2, "unit": "C", "unitType": 17}, "maximum": {"value": 15.9, "unit": "C", "unitType": 17}}}}}
{"EnqueuedTimeUtc":"2024-02-16T09:40:18.6380000Z","Properties":{},"SystemProperties":{"messageId":"805fc9c5-dcbc-4e0c-9d76-6ae5dc25bfce","connectionDeviceId":"gas","connectionAuthMethod":"{\"scope\":\"device\",\"type\":\"sas\",\"issuer\":\"iothub\",\"acceptingIpFilterRule\":null}","connectionDeviceGenerationId":"638436705133358401","contentType":"application/json","contentEncoding":"utf-8","enqueuedTime":"2024-02-16T09:40:18.6380000Z"},"Body":{"ID": "EAN546055286600819997", "timestamp": "2024-02-16T10:40:24.572201", "total_cons": 1044.062011409697, "current_cons": 1.1326230165159388}}