{"EnqueuedTimeUtc":"2024-02-16T09:40:28.8750000Z","Properties":{},"SystemProperties":{"messageId":"e5054578-0ba3-4190-bc6c-02ffe09168f1","connectionDeviceId":"gas","connectionAuthMethod":"{\"scope\":\"device\",\"type\":\"sas\",\"issuer\":\"iothub\",\"acceptingIpFilterRule\":null}","connectionDeviceGenerationId":"638436705133358401","contentType":"application/json","contentEncoding":"utf-8","enqueuedTime":"2024-02-16T09:40:28.8750000Z"},"Body":{"ID": "EAN546055286600819997", "timestamp": "2024-02-16T10:40:34.815101", "total_cons": 1049.36968359417, "current_cons": 5.307672184472917}}
{"EnqueuedTimeUtc":"2024-02-16T09:40:38.9370000Z","Properties":{},"SystemProperties":{"messageId":"e2697762-d076-4e78-90bc-22536e0ac5ad","connectionDeviceId":"gas","connectionAuthMethod":"{\"scope\":\"device\",\"type\":\"sas\",\"issuer\":\"iothub\",\"acceptingIpFilterRule\":null}","connectionDeviceGenerationId":"638436705133358401","contentType":"application/json","contentEncoding":"utf-8","enqueuedTime":"2024-02-16T09:40:38.9370000Z"},"Body":{"ID": "EAN546055286600819997", "timestamp": "2024-02-16T10:40:44.867149", "total_cons": 1058.9304014045656, "current_cons": 9.560717810395552}}
{"EnqueuedTimeUtc":"2024-02-16T09:40:48.9840000Z","Properties":{},"SystemProperties":{"messageId":"8c608773-e577-46d8-940e-ad1b7050d959","connectionDeviceId":"gas","connectionAuthMethod":"{\"scope\":\"device\",\"type\":\"sas\",\"issuer\":\"iothub\",\"acceptingIpFilterRule\":null}","connectionDeviceGenerationId":"638436705133358401","contentType":"application/json","contentEncoding":"utf-8","enqueuedTime":"2024-02-16T09:40:48.9840000Z"},"Body":{"ID": "EAN546055286600819997", "timestamp": "2024-02-16T10:40:54.910415", "total_cons": 1068.2110752319588, "current_cons": 9.280673827393313}}
{"EnqueuedTimeUtc":"2024-02-16T09:40:59.0320000Z","Properties":{},"SystemProperties":{"messageId":"85d22f48-ecf6-4b06-9bcd-87cb9d103491","connectionDeviceId":"gas","connectionAuthMethod":"{\"scope\":\"device\",\"type\":\"sas\",\"issuer\":\"iothub\",\"acceptingIpFilterRule\":null}","connectionDeviceGenerationId":"638436705133358401","contentType":"application/json","contentEncoding":"utf-8","enqueuedTime":"2024-02-16T09:40:59.0320000Z"},"Body":{"ID": "EAN546055286600819997", "timestamp": "2024-02-16T10:41:04.965076", "total_cons": 1075.1912592221183, "current_cons": 6.980183990159456}}
{"EnqueuedTimeUtc":"2024-02-16T09:41:09.0820000Z","Properties":{},"SystemProperties":{"messageId":"fa639025-eecc-49ae-b3b9-6de672c89830","connectionDeviceId":"gas","connectionAuthMethod":"{\"scope\":\"device\",\"type\":\"sas\",\"issuer\":\"iothub\",\"acceptingIpFilterRule\":null}","connectionDeviceGenerationId":"638436705133358401","contentType":"application/json","contentEncoding":"utf-8","enqueuedTime":"2024-02-16T09:41:09.0820000Z"},"Body":{"ID": "EAN546055286600819997", "timestamp": "2024-02-16T10:41:15.014631", "total_cons": 1082.0873521749593, "current_cons": 6.896092952841032}}
{"EnqueuedTimeUtc":"2024-02-16T09:41:19.1460000Z","Properties":{},"SystemProperties":{"messageId":"c68f3b1f-3aac-4a7f-902d-202a8fffdb09","connectionDeviceId":"gas","connectionAuthMethod":"{\"scope\":\"device\",\"type\":\"sas\",\"issuer\":\"iothub\",\"acceptingIpFilterRule\":null}","connectionDeviceGenerationId":"638436705133358401","contentType":"application/json","contentEncoding":"utf-8","enqueuedTime":"2024-02-16T09:41:19.1460000Z"},"Body":{"ID": "EAN546055286600819997", "timestamp": "2024-02-16T10:41:25.078720", "total_cons": 1087.051783907313, "current_cons": 4.9644317323537255}}