{"EnqueuedTimeUtc":"2024-02-16T09:41:29.1790000Z","Properties":{},"SystemProperties":{"messageId":"bf4e3ebf-e922-4024-bf33-ed3e3650bbfe","connectionDeviceId":"gas","connectionAuthMethod":"{\"scope\":\"device\",\"type\":\"sas\",\"issuer\":\"iothub\",\"acceptingIpFilterRule\":null}","connectionDeviceGenerationId":"638436705133358401","contentType":"application/json","contentEncoding":"utf-8","enqueuedTime":"2024-02-16T09:41:29.1790000Z"},"Body":{"ID": "EAN546055286600819997", "timestamp": "2024-02-16T10:41:35.117782", "total_cons": 1091.959319084596, "current_cons": 4.907535177283062}}
{"EnqueuedTimeUtc":"2024-02-16T09:41:39.2280000Z","Properties":{},"SystemProperties":{"messageId":"53c74da3-1874-41b6-925a-f551ac71131c","connectionDeviceId":"gas","connectionAuthMethod":"{\"scope\":\"device\",\"type\":\"sas\",\"issuer\":\"iothub\",\"acceptingIpFilterRule\":null}","connectionDeviceGenerationId":"638436705133358401","contentType":"application/json","contentEncoding":"utf-8","enqueuedTime":"2024-02-16T09:41:39.2280000Z"},"Body":{"ID": "EAN546055286600819997", "timestamp": "2024-02-16T10:41:45.166342", "total_cons": 1100.0624049624762, "current_cons": 8.103085877880282}}
{"EnqueuedTimeUtc":"2024-02-16T09:41:49.2750000Z","Properties":{},"SystemProperties":{"messageId":"dc29c039-14fc-4103-9ae9-5812eb1b451a","connectionDeviceId":"gas","connectionAuthMethod":"{\"scope\":\"device\",\"type\":\"sas\",\"issuer\":\"iothub\",\"acceptingIpFilterRule\":null}","connectionDeviceGenerationId":"638436705133358401","contentType":"application/json","contentEncoding":"utf-8","enqueuedTime":"2024-02-16T09:41:49.2750000Z"},"Body":{"ID": "EAN546055286600819997", "timestamp": "2024-02-16T10:41:55.212957", "total_cons": 1105.5844023066386, "current_cons": 5.5219973441623385}}
{"EnqueuedTimeUtc":"2024-02-16T09:41:59.3250000Z","Properties":{},"SystemProperties":{"messageId":"7bee54aa-7eb2-4531-a23b-b203d5090284","connectionDeviceId":"gas","connectionAuthMethod":"{\"scope\":\"device\",\"type\":\"sas\",\"issuer\":\"iothub\",\"acceptingIpFilterRule\":null}","connectionDeviceGenerationId":"638436705133358401","contentType":"application/json","contentEncoding":"utf-8","enqueuedTime":"2024-02-16T09:41:59.3250000Z"},"Body":{"ID": "EAN546055286600819997", "timestamp": "2024-02-16T10:42:05.261920", "total_cons": 1112.6610383114937, "current_cons": 7.076636004855013}}
{"EnqueuedTimeUtc":"2024-02-16T09:42:09.5040000Z","Properties":{},"SystemProperties":{"messageId":"2ae1cc86-a0b8-4000-9d1e-b594c06e229b","connectionDeviceId":"gas","connectionAuthMethod":"{\"scope\":\"device\",\"type\":\"sas\",\"issuer\":\"iothub\",\"acceptingIpFilterRule\":null}","connectionDeviceGenerationId":"638436705133358401","contentType":"application/json","contentEncoding":"utf-8","enqueuedTime":"2024-02-16T09:42:09.5040000Z"},"Body":{"ID": "EAN546055286600819997", "timestamp": "2024-02-16T10:42:15.440185", "total_cons": 1118.3666242463294, "current_cons": 5.7055859348356}}
{"EnqueuedTimeUtc":"2024-02-16T09:42:11.2860000Z","Properties":{"lat":"51.0330995","lon":"3.6865697"},"SystemProperties":{"messageId":"71d836f5-6263-4b69-8a8a-9cc09ba3c3c9","connectionDeviceId":"weather","connectionAuthMethod":"{\"scope\":\"device\",\"type\":\"sas\",\"issuer\":\"iothub\",\"acceptingIpFilterRule\":null}","connectionDeviceGenerationId":"638436705223526622","contentType":"application/json","contentEncoding":"utf-8","enqueuedTime":"2024-02-16T09:42:11.2860000Z"},"Body":{"dateTime": "2024-02-16T10:32:00+01:00", "phrase": "Light rain", "iconCode": 12, "hasPrecipitation": true, "precipitationType": "Rain", "isDayTime": true, "temperature": {"value": 12.5, "unit": "C", "unitType": 17}, "realFeelTemperature": {"value": 8.0, "unit": "C", "unitType": 17}, "realFeelTemperatureShade": {"value": 8.0, "unit": "C", "unitType": 17}, "relativeHumidity": 97, "dewPoint": {"value": 12.0, "unit": "C", "unitType": 17}, "wind": {"direction": {"degrees": 225.0, "localizedDescription": "SW"}, "speed": {"value": 21.8, "unit": "km/h", "unitType": 7}}, "windGust": {"speed": {"value": 32.2, "unit": "km/h", "unitType": 7}}, "uvIndex": 0, "uvIndexPhrase": "Low", "visibility": {"value": 22.5, "unit": "km", "unitType": 6}, "obstructionsToVisibility": "R-", "cloudCover": 98, "ceiling": {"value": 762.0, "unit": "m", "unitType": 5}, "pressure": {"value": 1011.0, "unit": "mb", "unitType": 14}, "pressureTendency": {"localizedDescription": "Rising", "code": "R"}, "past24HourTemperatureDeparture": {"value": -2.5, "unit": "C", "unitType": 17}, "apparentTemperature": {"value": 16.1, "unit": "C", "unitType": 17}, "windChillTemperature": {"value": 12.8, "unit": "C", "unitType": 17}, "wetBulbTemperature": {"value": 12.5, "unit": "C", "unitType": 17}, "precipitationSummary": {"pastHour": {"value": 0.5, "unit": "mm", "unitType": 3}, "past3Hours": {"value": 1.8, "unit": "mm", "unitType": 3}, "past6Hours": {"value": 2.2, "unit": "mm", "unitType": 3}, "past9Hours": {"value": 2.2, "unit": "mm", "unitType": 3}, "past12Hours": {"value": 2.2, "unit": "mm", "unitType": 3}, "past18Hours": {"value": 2.2, "unit": "mm", "unitType": 3}, "past24Hours": {"value": 2.2, "unit": "mm", "unitType": 3}}, "temperatureSummary": {"past6Hours": {"minimum": {"value": 12.4, "unit": "C", "unitType": 17}, "maximum": {"value": 13.2, "unit": "C", "unitType": 17}}, "past12Hours": {"minimum": {"value": 12.2, "unit": "C", "unitType": 17}, "maximum": {"value": 13.4, "unit": "C", "unitType": 17}}, "past24Hours": {"minimum": {"value": 12.2, "unit": "C", "unitType": 17}, "maximum": {"value": 15.9, "unit": "C", "unitType": 17}}}}}
{"EnqueuedTimeUtc":"2024-02-16T09:42:19.5690000Z","Properties":{},"SystemProperties":{"messageId":"2d6039b2-f096-4919-ae37-8f207f8abda5","connectionDeviceId":"gas","connectionAuthMethod":"{\"scope\":\"device\",\"type\":\"sas\",\"issuer\":\"iothub\",\"acceptingIpFilterRule\":null}","connectionDeviceGenerationId":"638436705133358401","contentType":"application/json","contentEncoding":"utf-8","enqueuedTime":"2024-02-16T09:42:19.5690000Z"},"Body":{"ID": "EAN546055286600819997", "timestamp": "2024-02-16T10:42:25.496476", "total_cons": 1124.349826459009, "current_cons": 5.983202212679611}}