{"EnqueuedTimeUtc":"2024-02-16T09:42:29.6190000Z","Properties":{},"SystemProperties":{"messageId":"16800414-95f7-435e-96d3-33a9d4d78894","connectionDeviceId":"gas","connectionAuthMethod":"{\"scope\":\"device\",\"type\":\"sas\",\"issuer\":\"iothub\",\"acceptingIpFilterRule\":null}","connectionDeviceGenerationId":"638436705133358401","contentType":"application/json","contentEncoding":"utf-8","enqueuedTime":"2024-02-16T09:42:29.6190000Z"},"Body":{"ID": "EAN546055286600819997", "timestamp": "2024-02-16T10:42:35.545368", "total_cons": 1125.2543729069168, "current_cons": 0.9045464479078832}}
{"EnqueuedTimeUtc":"2024-02-16T09:42:39.6700000Z","Properties":{},"SystemProperties":{"messageId":"778c29c7-5be8-4530-84d9-f61ddcfa1a2a","connectionDeviceId":"gas","connectionAuthMethod":"{\"scope\":\"device\",\"type\":\"sas\",\"issuer\":\"iothub\",\"acceptingIpFilterRule\":null}","connectionDeviceGenerationId":"638436705133358401","contentType":"application/json","contentEncoding":"utf-8","enqueuedTime":"2024-02-16T09:42:39.6700000Z"},"Body":{"ID": "EAN546055286600819997", "timestamp": "2024-02-16T10:42:45.594313", "total_cons": 1130.8825015785992, "current_cons": 5.628128671682359}}
{"EnqueuedTimeUtc":"2024-02-16T09:42:49.7020000Z","Properties":{},"SystemProperties":{"messageId":"0cf65160-26b1-4c83-852b-137e9b7b5db0","connectionDeviceId":"gas","connectionAuthMethod":"{\"scope\":\"device\",\"type\":\"sas\",\"issuer\":\"iothub\",\"acceptingIpFilterRule\":null}","connectionDeviceGenerationId":"638436705133358401","contentType":"application/json","contentEncoding":"utf-8","enqueuedTime":"2024-02-16T09:42:49.7020000Z"},"Body":{"ID": "EAN546055286600819997", "timestamp": "2024-02-16T10:42:55.637180", "total_cons": 1131.699032868941, "current_cons": 0.8165312903418429}}
{"EnqueuedTimeUtc":"2024-02-16T09:42:59.7500000Z","Properties":{},"SystemProperties":{"messageId":"7b4c5995-2a04-49b9-93c0-c316545c372d","connectionDeviceId":"gas","connectionAuthMethod":"{\"scope\":\"device\",\"type\":\"sas\",\"issuer\":\"iothub\",\"acceptingIpFilterRule\":null}","connectionDeviceGenerationId":"638436705133358401","contentType":"application/json","contentEncoding":"utf-8","enqueuedTime":"2024-02-16T09:42:59.7500000Z"},"Body":{"ID": "EAN546055286600819997", "timestamp": "2024-02-16T10:43:05.686113", "total_cons": 1139.2849250986526, "current_cons": 7.585892229711662}}
{"EnqueuedTimeUtc":"2024-02-16T09:43:09.7980000Z","Properties":{},"SystemProperties":{"messageId":"0f1d3015-672e-4453-aec8-d567a7c8c8ad","connectionDeviceId":"gas","connectionAuthMethod":"{\"scope\":\"device\",\"type\":\"sas\",\"issuer\":\"iothub\",\"acceptingIpFilterRule\":null}","connectionDeviceGenerationId":"638436705133358401","contentType":"application/json","contentEncoding":"utf-8","enqueuedTime":"2024-02-16T09:43:09.7980000Z"},"Body":{"ID": "EAN546055286600819997", "timestamp": "2024-02-16T10:43:15.732561", "total_cons": 1143.6278926012365, "current_cons": 4.342967502583806}}
{"EnqueuedTimeUtc":"2024-02-16T09:43:19.8460000Z","Properties":{},"SystemProperties":{"messageId":"4e750de8-6d4b-47da-ab7b-21983a79ed6c","connectionDeviceId":"gas","connectionAuthMethod":"{\"scope\":\"device\",\"type\":\"sas\",\"issuer\":\"iothub\",\"acceptingIpFilterRule\":null}","connectionDeviceGenerationId":"638436705133358401","contentType":"application/json","contentEncoding":"utf-8","enqueuedTime":"2024-02-16T09:43:19.8460000Z"},"Body":{"ID": "EAN546055286600819997", "timestamp": "2024-02-16T10:43:25.784000", "total_cons": 1153.2165427849914, "current_cons": 9.588650183754831}}