{"EnqueuedTimeUtc":"2024-02-16T09:43:29.9100000Z","Properties":{},"SystemProperties":{"messageId":"88d6e959-b520-492c-882f-76470d104f04","connectionDeviceId":"gas","connectionAuthMethod":"{\"scope\":\"device\",\"type\":\"sas\",\"issuer\":\"iothub\",\"acceptingIpFilterRule\":null}","connectionDeviceGenerationId":"638436705133358401","contentType":"application/json","contentEncoding":"utf-8","enqueuedTime":"2024-02-16T09:43:29.9100000Z"},"Body":{"ID": "EAN546055286600819997", "timestamp": "2024-02-16T10:43:35.835877", "total_cons": 1161.145515378964, "current_cons": 7.928972593972839}}
{"EnqueuedTimeUtc":"2024-02-16T09:43:39.9580000Z","Properties":{},"SystemProperties":{"messageId":"6de1273e-cd01-4af2-a9c2-574af40a92a3","connectionDeviceId":"gas","connectionAuthMethod":"{\"scope\":\"device\",\"type\":\"sas\",\"issuer\":\"iothub\",\"acceptingIpFilterRule\":null}","connectionDeviceGenerationId":"638436705133358401","contentType":"application/json","contentEncoding":"utf-8","enqueuedTime":"2024-02-16T09:43:39.9580000Z"},"Body":{"ID": "EAN546055286600819997", "timestamp": "2024-02-16T10:43:45.880197", "total_cons": 1161.6631801759966, "current_cons": 0.5176647970325524}}
{"EnqueuedTimeUtc":"2024-02-16T09:43:50.0060000Z","Properties":{},"SystemProperties":{"messageId":"50682925-7b10-4981-8678-5eeff456dab8","connectionDeviceId":"gas","connectionAuthMethod":"{\"scope\":\"device\",\"type\":\"sas\",\"issuer\":\"iothub\",\"acceptingIpFilterRule\":null}","connectionDeviceGenerationId":"638436705133358401","contentType":"application/json","contentEncoding":"utf-8","enqueuedTime":"2024-02-16T09:43:50.0060000Z"},"Body":{"ID": "EAN546055286600819997", "timestamp": "2024-02-16T10:43:55.931305", "total_cons": 1166.1353191807157, "current_cons": 4.472139004719224}}
{"EnqueuedTimeUtc":"2024-02-16T09:44:00.0530000Z","Properties":{},"SystemProperties":{"messageId":"f5448ad9-8f01-440b-ba71-18d827f38ad0","connectionDeviceId":"gas","connectionAuthMethod":"{\"scope\":\"device\",\"type\":\"sas\",\"issuer\":\"iothub\",\"acceptingIpFilterRule\":null}","connectionDeviceGenerationId":"638436705133358401","contentType":"application/json","contentEncoding":"utf-8","enqueuedTime":"2024-02-16T09:44:00.0530000Z"},"Body":{"ID": "EAN546055286600819997", "timestamp": "2024-02-16T10:44:05.985449", "total_cons": 1169.926307843507, "current_cons": 3.790988662791285}}
{"EnqueuedTimeUtc":"2024-02-16T09:44:10.0910000Z","Properties":{},"SystemProperties":{"messageId":"cfc0e583-0954-45be-9236-9cb269a2269d","connectionDeviceId":"gas","connectionAuthMethod":"{\"scope\":\"device\",\"type\":\"sas\",\"issuer\":\"iothub\",\"acceptingIpFilterRule\":null}","connectionDeviceGenerationId":"638436705133358401","contentType":"application/json","contentEncoding":"utf-8","enqueuedTime":"2024-02-16T09:44:10.0910000Z"},"Body":{"ID": "EAN546055286600819997", "timestamp": "2024-02-16T10:44:16.020252", "total_cons": 1172.2396673258809, "current_cons": 2.313359482373879}}
{"EnqueuedTimeUtc":"2024-02-16T09:44:11.5910000Z","Properties":{"lat":"51.0330995","lon":"3.6865697"},"SystemProperties":{"messageId":"367bd2fb-3559-4749-b8e3-4af919c3d600","connectionDeviceId":"weather","connectionAuthMethod":"{\"scope\":\"device\",\"type\":\"sas\",\"issuer\":\"iothub\",\"acceptingIpFilterRule\":null}","connectionDeviceGenerationId":"638436705223526622","contentType":"application/json","contentEncoding":"utf-8","enqueuedTime":"2024-02-16T09:44:11.5910000Z"},"Body":{"dateTime": "2024-02-16T10:32:00+01:00", "phrase": "Light rain", "iconCode": 12, "hasPrecipitation": true, "precipitationType": "Rain", "isDayTime": true, "temperature": {"value": 12.5, "unit": "C", "unitType": 17}, "realFeelTemperature": {"value": 8.0, "unit": "C", "unitType": 17}, "realFeelTemperatureShade": {"value": 8.0, "unit": "C", "unitType": 17}, "relativeHumidity": 97, "dewPoint": {"value": 12.0, "unit": "C", "unitType": 17}, "wind": {"direction": {"degrees": 225.0, "localizedDescription": "SW"}, "speed": {"value": 21.8, "unit": "km/h", "unitType": 7}}, "windGust": {"speed": {"value": 32.2, "unit": "km/h", "unitType": 7}}, "uvIndex": 0, "uvIndexPhrase": "Low", "visibility": {"value": 22.5, "unit": "km", "unitType": 6}, "obstructionsToVisibility": "R-", "cloudCover": 98, "ceiling": {"value": 762.0, "unit": "m", "unitType": 5}, "pressure": {"value": 1011.0, "unit": "mb", "unitType": 14}, "pressureTendency": {"localizedDescription": "Rising", "code": "R"}, "past24HourTemperatureDeparture": {"value": -2.5, "unit": "C", "unitType": 17}, "apparentTemperature": {"value": 16.1, "unit": "C", "unitType": 17}, "windChillTemperature": {"value": 12.8, "unit": "C", "unitType": 17}, "wetBulbTemperature": {"value": 12.5, "unit": "C", "unitType": 17}, "precipitationSummary": {"pastHour": {"value": 0.5, "unit": "mm", "unitType": 3}, "past3Hours": {"value": 1.8, "unit": "mm", "unitType": 3}, "past6Hours": {"value": 2.2, "unit": "mm", "unitType": 3}, "past9Hours": {"value": 2.2, "unit": "mm", "unitType": 3}, "past12Hours": {"value": 2.2, "unit": "mm", "unitType": 3}, "past18Hours": {"value": 2.2, "unit": "mm", "unitType": 3}, "past24Hours": {"value": 2.2, "unit": "mm", "unitType": 3}}, "temperatureSummary": {"past6Hours": {"minimum": {"value": 12.4, "unit": "C", "unitType": 17}, "maximum": {"value": 13.2, "unit": "C", "unitType": 17}}, "past12Hours": {"minimum": {"value": 12.2, "unit": "C", "unitType": 17}, "maximum": {"value": 13.4, "unit": "C", "unitType": 17}}, "past24Hours": {"minimum": {"value": 12.2, "unit": "C", "unitType": 17}, "maximum": {"value": 15.9, "unit": "C", "unitType": 17}}}}}
{"EnqueuedTimeUtc":"2024-02-16T09:44:20.1400000Z","Properties":{},"SystemProperties":{"messageId":"6f38ce50-f8c7-4e6c-9475-96490abbbc12","connectionDeviceId":"gas","connectionAuthMethod":"{\"scope\":\"device\",\"type\":\"sas\",\"issuer\":\"iothub\",\"acceptingIpFilterRule\":null}","connectionDeviceGenerationId":"638436705133358401","contentType":"application/json","contentEncoding":"utf-8","enqueuedTime":"2024-02-16T09:44:20.1400000Z"},"Body":{"ID": "EAN546055286600819997", "timestamp": "2024-02-16T10:44:26.077824", "total_cons": 1175.2150552612914, "current_cons": 2.9753879354104735}}