{"EnqueuedTimeUtc":"2024-02-16T09:44:30.1880000Z","Properties":{},"SystemProperties":{"messageId":"052ba314-891d-4838-adaa-3e17da3f0bf4","connectionDeviceId":"gas","connectionAuthMethod":"{\"scope\":\"device\",\"type\":\"sas\",\"issuer\":\"iothub\",\"acceptingIpFilterRule\":null}","connectionDeviceGenerationId":"638436705133358401","contentType":"application/json","contentEncoding":"utf-8","enqueuedTime":"2024-02-16T09:44:30.1880000Z"},"Body":{"ID": "EAN546055286600819997", "timestamp": "2024-02-16T10:44:36.125108", "total_cons": 1184.9444885034757, "current_cons": 9.729433242184337}}
{"EnqueuedTimeUtc":"2024-02-16T09:44:40.2360000Z","Properties":{},"SystemProperties":{"messageId":"ec923934-ee85-4a43-a1b3-56f4cba3c680","connectionDeviceId":"gas","connectionAuthMethod":"{\"scope\":\"device\",\"type\":\"sas\",\"issuer\":\"iothub\",\"acceptingIpFilterRule\":null}","connectionDeviceGenerationId":"638436705133358401","contentType":"application/json","contentEncoding":"utf-8","enqueuedTime":"2024-02-16T09:44:40.2360000Z"},"Body":{"ID": "EAN546055286600819997", "timestamp": "2024-02-16T10:44:46.170470", "total_cons": 1193.6079232835536, "current_cons": 8.66343478007789}}
{"EnqueuedTimeUtc":"2024-02-16T09:44:50.2990000Z","Properties":{},"SystemProperties":{"messageId":"2bf929f6-bccf-4c58-b0bc-be1e5d2b3f7a","connectionDeviceId":"gas","connectionAuthMethod":"{\"scope\":\"device\",\"type\":\"sas\",\"issuer\":\"iothub\",\"acceptingIpFilterRule\":null}","connectionDeviceGenerationId":"638436705133358401","contentType":"application/json","contentEncoding":"utf-8","enqueuedTime":"2024-02-16T09:44:50.2990000Z"},"Body":{"ID": "EAN546055286600819997", "timestamp": "2024-02-16T10:44:56.220594", "total_cons": 1195.7465224019124, "current_cons": 2.138599118358712}}
{"EnqueuedTimeUtc":"2024-02-16T09:45:00.3310000Z","Properties":{},"SystemProperties":{"messageId":"c78fc0fb-1269-4179-94df-ad3bf2d10a19","connectionDeviceId":"gas","connectionAuthMethod":"{\"scope\":\"device\",\"type\":\"sas\",\"issuer\":\"iothub\",\"acceptingIpFilterRule\":null}","connectionDeviceGenerationId":"638436705133358401","contentType":"application/json","contentEncoding":"utf-8","enqueuedTime":"2024-02-16T09:45:00.3310000Z"},"Body":{"ID": "EAN546055286600819997", "timestamp": "2024-02-16T10:45:06.267874", "total_cons": 1199.3673253472111, "current_cons": 3.6208029452986996}}
{"EnqueuedTimeUtc":"2024-02-16T09:45:10.3940000Z","Properties":{},"SystemProperties":{"messageId":"5b48230d-a750-4bfb-ac02-5c6cbfffb86a","connectionDeviceId":"gas","connectionAuthMethod":"{\"scope\":\"device\",\"type\":\"sas\",\"issuer\":\"iothub\",\"acceptingIpFilterRule\":null}","connectionDeviceGenerationId":"638436705133358401","contentType":"application/json","contentEncoding":"utf-8","enqueuedTime":"2024-02-16T09:45:10.3940000Z"},"Body":{"ID": "EAN546055286600819997", "timestamp": "2024-02-16T10:45:16.315189", "total_cons": 1200.5366010908363, "current_cons": 1.1692757436251011}}
{"EnqueuedTimeUtc":"2024-02-16T09:45:20.4250000Z","Properties":{},"SystemProperties":{"messageId":"15c463a4-7c9d-4549-bd09-b4af6aa70a32","connectionDeviceId":"gas","connectionAuthMethod":"{\"scope\":\"device\",\"type\":\"sas\",\"issuer\":\"iothub\",\"acceptingIpFilterRule\":null}","connectionDeviceGenerationId":"638436705133358401","contentType":"application/json","contentEncoding":"utf-8","enqueuedTime":"2024-02-16T09:45:20.4250000Z"},"Body":{"ID": "EAN546055286600819997", "timestamp": "2024-02-16T10:45:26.352884", "total_cons": 1206.8001989273182, "current_cons": 6.263597836482033}}