{"EnqueuedTimeUtc":"2024-02-16T09:45:30.4750000Z","Properties":{},"SystemProperties":{"messageId":"df9a9084-08b4-4c1d-a96f-edace4aea792","connectionDeviceId":"gas","connectionAuthMethod":"{\"scope\":\"device\",\"type\":\"sas\",\"issuer\":\"iothub\",\"acceptingIpFilterRule\":null}","connectionDeviceGenerationId":"638436705133358401","contentType":"application/json","contentEncoding":"utf-8","enqueuedTime":"2024-02-16T09:45:30.4750000Z"},"Body":{"ID": "EAN546055286600819997", "timestamp": "2024-02-16T10:45:36.400574", "total_cons": 1210.218204534386, "current_cons": 3.4180056070677756}}
{"EnqueuedTimeUtc":"2024-02-16T09:45:40.5240000Z","Properties":{},"SystemProperties":{"messageId":"fffed701-8393-46f2-bf75-05fd2610f6a9","connectionDeviceId":"gas","connectionAuthMethod":"{\"scope\":\"device\",\"type\":\"sas\",\"issuer\":\"iothub\",\"acceptingIpFilterRule\":null}","connectionDeviceGenerationId":"638436705133358401","contentType":"application/json","contentEncoding":"utf-8","enqueuedTime":"2024-02-16T09:45:40.5240000Z"},"Body":{"ID": "EAN546069806603579439", "timestamp": "2024-02-16T10:45:46.454002", "total_cons": -1214.3248773709931, "current_cons": -4.106672836607168}}
{"EnqueuedTimeUtc":"2024-02-16T09:45:50.5720000Z","Properties":{},"SystemProperties":{"messageId":"57309e6e-27d5-4452-ab8c-4ed249ba77d7","connectionDeviceId":"gas","connectionAuthMethod":"{\"scope\":\"device\",\"type\":\"sas\",\"issuer\":\"iothub\",\"acceptingIpFilterRule\":null}","connectionDeviceGenerationId":"638436705133358401","contentType":"application/json","contentEncoding":"utf-8","enqueuedTime":"2024-02-16T09:45:50.5720000Z"},"Body":{"ID": "EAN546055286600819997", "timestamp": "2024-02-16T10:45:56.500567", "total_cons": 1222.6671760205295, "current_cons": 8.342298649536268}}
{"EnqueuedTimeUtc":"2024-02-16T09:46:00.6190000Z","Properties":{},"SystemProperties":{"messageId":"11b1fed2-4c0d-48fd-b317-a67f2b4c2bb6","connectionDeviceId":"gas","connectionAuthMethod":"{\"scope\":\"device\",\"type\":\"sas\",\"issuer\":\"iothub\",\"acceptingIpFilterRule\":null}","connectionDeviceGenerationId":"638436705133358401","contentType":"application/json","contentEncoding":"utf-8","enqueuedTime":"2024-02-16T09:46:00.6190000Z"},"Body":{"ID": "EAN546055286600819997", "timestamp": "2024-02-16T10:46:06.540784", "total_cons": 1223.5592633314357, "current_cons": 0.8920873109060654}}
{"EnqueuedTimeUtc":"2024-02-16T09:46:10.6700000Z","Properties":{},"SystemProperties":{"messageId":"e807cb91-4dcf-4eb3-868b-1584fb14f1c0","connectionDeviceId":"gas","connectionAuthMethod":"{\"scope\":\"device\",\"type\":\"sas\",\"issuer\":\"iothub\",\"acceptingIpFilterRule\":null}","connectionDeviceGenerationId":"638436705133358401","contentType":"application/json","contentEncoding":"utf-8","enqueuedTime":"2024-02-16T09:46:10.6700000Z"},"Body":{"ID": "EAN546055286600819997", "timestamp": "2024-02-16T10:46:16.590995", "total_cons": 1224.3668815780106, "current_cons": 0.807618246575027}}
{"EnqueuedTimeUtc":"2024-02-16T09:46:11.8260000Z","Properties":{"lat":"51.0330995","lon":"3.6865697"},"SystemProperties":{"messageId":"adc2ed57-6448-4cc3-8f68-f3b5b127d4e7","connectionDeviceId":"weather","connectionAuthMethod":"{\"scope\":\"device\",\"type\":\"sas\",\"issuer\":\"iothub\",\"acceptingIpFilterRule\":null}","connectionDeviceGenerationId":"638436705223526622","contentType":"application/json","contentEncoding":"utf-8","enqueuedTime":"2024-02-16T09:46:11.8260000Z"},"Body":{"dateTime": "2024-02-16T10:32:00+01:00", "phrase": "Light rain", "iconCode": 12, "hasPrecipitation": true, "precipitationType": "Rain", "isDayTime": true, "temperature": {"value": 12.5, "unit": "C", "unitType": 17}, "realFeelTemperature": {"value": 8.0, "unit": "C", "unitType": 17}, "realFeelTemperatureShade": {"value": 8.0, "unit": "C", "unitType": 17}, "relativeHumidity": 97, "dewPoint": {"value": 12.0, "unit": "C", "unitType": 17}, "wind": {"direction": {"degrees": 225.0, "localizedDescription": "SW"}, "speed": {"value": 21.8, "unit": "km/h", "unitType": 7}}, "windGust": {"speed": {"value": 32.2, "unit": "km/h", "unitType": 7}}, "uvIndex": 0, "uvIndexPhrase": "Low", "visibility": {"value": 22.5, "unit": "km", "unitType": 6}, "obstructionsToVisibility": "R-", "cloudCover": 98, "ceiling": {"value": 762.0, "unit": "m", "unitType": 5}, "pressure": {"value": 1011.0, "unit": "mb", "unitType": 14}, "pressureTendency": {"localizedDescription": "Rising", "code": "R"}, "past24HourTemperatureDeparture": {"value": -2.5, "unit": "C", "unitType": 17}, "apparentTemperature": {"value": 16.1, "unit": "C", "unitType": 17}, "windChillTemperature": {"value": 12.8, "unit": "C", "unitType": 17}, "wetBulbTemperature": {"value": 12.5, "unit": "C", "unitType": 17}, "precipitationSummary": {"pastHour": {"value": 0.5, "unit": "mm", "unitType": 3}, "past3Hours": {"value": 1.8, "unit": "mm", "unitType": 3}, "past6Hours": {"value": 2.2, "unit": "mm", "unitType": 3}, "past9Hours": {"value": 2.2, "unit": "mm", "unitType": 3}, "past12Hours": {"value": 2.2, "unit": "mm", "unitType": 3}, "past18Hours": {"value": 2.2, "unit": "mm", "unitType": 3}, "past24Hours": {"value": 2.2, "unit": "mm", "unitType": 3}}, "temperatureSummary": {"past6Hours": {"minimum": {"value": 12.4, "unit": "C", "unitType": 17}, "maximum": {"value": 13.2, "unit": "C", "unitType": 17}}, "past12Hours": {"minimum": {"value": 12.2, "unit": "C", "unitType": 17}, "maximum": {"value": 13.4, "unit": "C", "unitType": 17}}, "past24Hours": {"minimum": {"value": 12.2, "unit": "C", "unitType": 17}, "maximum": {"value": 15.9, "unit": "C", "unitType": 17}}}}}
{"EnqueuedTimeUtc":"2024-02-16T09:46:20.7020000Z","Properties":{},"SystemProperties":{"messageId":"96fff5e6-b0c8-4487-a936-05ab6bc76f6c","connectionDeviceId":"gas","connectionAuthMethod":"{\"scope\":\"device\",\"type\":\"sas\",\"issuer\":\"iothub\",\"acceptingIpFilterRule\":null}","connectionDeviceGenerationId":"638436705133358401","contentType":"application/json","contentEncoding":"utf-8","enqueuedTime":"2024-02-16T09:46:20.7020000Z"},"Body":{"ID": "EAN546055286600819997", "timestamp": "2024-02-16T10:46:26.635539", "total_cons": 1226.0270685457897, "current_cons": 1.6601869677791072}}