{"EnqueuedTimeUtc":"2024-02-16T09:46:30.7520000Z","Properties":{},"SystemProperties":{"messageId":"6b09c8af-09b1-4559-b786-b3ce3febfdad","connectionDeviceId":"gas","connectionAuthMethod":"{\"scope\":\"device\",\"type\":\"sas\",\"issuer\":\"iothub\",\"acceptingIpFilterRule\":null}","connectionDeviceGenerationId":"638436705133358401","contentType":"application/json","contentEncoding":"utf-8","enqueuedTime":"2024-02-16T09:46:30.7520000Z"},"Body":{"ID": "EAN546055286600819997", "timestamp": "2024-02-16T10:46:36.684914", "total_cons": 1226.6238466988818, "current_cons": 0.5967781530921205}}
{"EnqueuedTimeUtc":"2024-02-16T09:46:40.7990000Z","Properties":{},"SystemProperties":{"messageId":"031802c9-514b-47e5-824f-b3d98e51b866","connectionDeviceId":"gas","connectionAuthMethod":"{\"scope\":\"device\",\"type\":\"sas\",\"issuer\":\"iothub\",\"acceptingIpFilterRule\":null}","connectionDeviceGenerationId":"638436705133358401","contentType":"application/json","contentEncoding":"utf-8","enqueuedTime":"2024-02-16T09:46:40.7990000Z"},"Body":{"ID": "EAN546055286600819997", "timestamp": "2024-02-16T10:46:46.724172", "total_cons": 1234.2131103026775, "current_cons": 7.589263603795646}}
{"EnqueuedTimeUtc":"2024-02-16T09:46:50.8470000Z","Properties":{},"SystemProperties":{"messageId":"25d666bd-3391-4cdc-a6d1-4bdbb81f0f69","connectionDeviceId":"gas","connectionAuthMethod":"{\"scope\":\"device\",\"type\":\"sas\",\"issuer\":\"iothub\",\"acceptingIpFilterRule\":null}","connectionDeviceGenerationId":"638436705133358401","contentType":"application/json","contentEncoding":"utf-8","enqueuedTime":"2024-02-16T09:46:50.8470000Z"},"Body":{"ID": "EAN546055286600819997", "timestamp": "2024-02-16T10:46:56.771324", "total_cons": 1237.186559504845, "current_cons": 2.9734492021675396}}
{"EnqueuedTimeUtc":"2024-02-16T09:47:00.9250000Z","Properties":{},"SystemProperties":{"messageId":"8ab89ae7-fd30-42aa-b494-df63d2598ac8","connectionDeviceId":"gas","connectionAuthMethod":"{\"scope\":\"device\",\"type\":\"sas\",\"issuer\":\"iothub\",\"acceptingIpFilterRule\":null}","connectionDeviceGenerationId":"638436705133358401","contentType":"application/json","contentEncoding":"utf-8","enqueuedTime":"2024-02-16T09:47:00.9250000Z"},"Body":{"ID": "EAN546055286600819997", "timestamp": "2024-02-16T10:47:06.818110", "total_cons": 1240.2693586051146, "current_cons": 3.0827991002694506}}
{"EnqueuedTimeUtc":"2024-02-16T09:47:10.9900000Z","Properties":{},"SystemProperties":{"messageId":"c83f0ea1-12a1-490e-8c13-ff86216c45ac","connectionDeviceId":"gas","connectionAuthMethod":"{\"scope\":\"device\",\"type\":\"sas\",\"issuer\":\"iothub\",\"acceptingIpFilterRule\":null}","connectionDeviceGenerationId":"638436705133358401","contentType":"application/json","contentEncoding":"utf-8","enqueuedTime":"2024-02-16T09:47:10.9900000Z"},"Body":{"ID": "EAN546055286600819997", "timestamp": "2024-02-16T10:47:16.915992", "total_cons": 1245.654528879537, "current_cons": 5.385170274422518}}
{"EnqueuedTimeUtc":"2024-02-16T09:47:21.0390000Z","Properties":{},"SystemProperties":{"messageId":"8327eced-0c76-496d-991e-9d3f0b1a3032","connectionDeviceId":"gas","connectionAuthMethod":"{\"scope\":\"device\",\"type\":\"sas\",\"issuer\":\"iothub\",\"acceptingIpFilterRule\":null}","connectionDeviceGenerationId":"638436705133358401","contentType":"application/json","contentEncoding":"utf-8","enqueuedTime":"2024-02-16T09:47:21.0390000Z"},"Body":{"ID": "EAN546055286600819997", "timestamp": "2024-02-16T10:47:26.965132", "total_cons": 1253.422851663907, "current_cons": 7.768322784369895}}