{"EnqueuedTimeUtc":"2024-02-16T09:47:31.0860000Z","Properties":{},"SystemProperties":{"messageId":"6a917687-3acd-40e8-bffb-f73f6a9847ab","connectionDeviceId":"gas","connectionAuthMethod":"{\"scope\":\"device\",\"type\":\"sas\",\"issuer\":\"iothub\",\"acceptingIpFilterRule\":null}","connectionDeviceGenerationId":"638436705133358401","contentType":"application/json","contentEncoding":"utf-8","enqueuedTime":"2024-02-16T09:47:31.0860000Z"},"Body":{"ID": "EAN546055286600819997", "timestamp": "2024-02-16T10:47:37.010335", "total_cons": 1253.5378296688102, "current_cons": 0.11497800490323992}}
{"EnqueuedTimeUtc":"2024-02-16T09:47:41.1340000Z","Properties":{},"SystemProperties":{"messageId":"4ff03811-ab77-4f7a-8cd9-5a913a4937f7","connectionDeviceId":"gas","connectionAuthMethod":"{\"scope\":\"device\",\"type\":\"sas\",\"issuer\":\"iothub\",\"acceptingIpFilterRule\":null}","connectionDeviceGenerationId":"638436705133358401","contentType":"application/json","contentEncoding":"utf-8","enqueuedTime":"2024-02-16T09:47:41.1340000Z"},"Body":{"ID": "EAN546055286600819997", "timestamp": "2024-02-16T10:47:47.061301", "total_cons": 1257.8851851221248, "current_cons": 4.347355453314519}}
{"EnqueuedTimeUtc":"2024-02-16T09:47:51.1810000Z","Properties":{},"SystemProperties":{"messageId":"bb4c327f-35bb-457c-9bcf-2c9cda3b8206","connectionDeviceId":"gas","connectionAuthMethod":"{\"scope\":\"device\",\"type\":\"sas\",\"issuer\":\"iothub\",\"acceptingIpFilterRule\":null}","connectionDeviceGenerationId":"638436705133358401","contentType":"application/json","contentEncoding":"utf-8","enqueuedTime":"2024-02-16T09:47:51.1810000Z"},"Body":{"ID": "EAN546055286600819997", "timestamp": "2024-02-16T10:47:57.107753", "total_cons": 1258.61080858272, "current_cons": 0.725623460595107}}
{"EnqueuedTimeUtc":"2024-02-16T09:48:01.2130000Z","Properties":{},"SystemProperties":{"messageId":"81250bf5-7ecd-4e23-b5dd-1eb7fd40ee14","connectionDeviceId":"gas","connectionAuthMethod":"{\"scope\":\"device\",\"type\":\"sas\",\"issuer\":\"iothub\",\"acceptingIpFilterRule\":null}","connectionDeviceGenerationId":"638436705133358401","contentType":"application/json","contentEncoding":"utf-8","enqueuedTime":"2024-02-16T09:48:01.2130000Z"},"Body":{"ID": "EAN546055286600819997", "timestamp": "2024-02-16T10:48:07.144910", "total_cons": 1266.718640487718, "current_cons": 8.107831904997994}}
{"EnqueuedTimeUtc":"2024-02-16T09:48:11.2910000Z","Properties":{},"SystemProperties":{"messageId":"77734138-3546-457e-9528-b656090649ba","connectionDeviceId":"gas","connectionAuthMethod":"{\"scope\":\"device\",\"type\":\"sas\",\"issuer\":\"iothub\",\"acceptingIpFilterRule\":null}","connectionDeviceGenerationId":"638436705133358401","contentType":"application/json","contentEncoding":"utf-8","enqueuedTime":"2024-02-16T09:48:11.2910000Z"},"Body":{"ID": "EAN546055286600819997", "timestamp": "2024-02-16T10:48:17.226064", "total_cons": 1267.7901838178827, "current_cons": 1.0715433301648727}}
{"EnqueuedTimeUtc":"2024-02-16T09:48:12.1040000Z","Properties":{"lat":"51.0330995","lon":"3.6865697"},"SystemProperties":{"messageId":"1fc5a7a9-daad-427d-9a2c-3c7782adfd07","connectionDeviceId":"weather","connectionAuthMethod":"{\"scope\":\"device\",\"type\":\"sas\",\"issuer\":\"iothub\",\"acceptingIpFilterRule\":null}","connectionDeviceGenerationId":"638436705223526622","contentType":"application/json","contentEncoding":"utf-8","enqueuedTime":"2024-02-16T09:48:12.1040000Z"},"Body":{"dateTime": "2024-02-16T10:32:00+01:00", "phrase": "Light rain", "iconCode": 12, "hasPrecipitation": true, "precipitationType": "Rain", "isDayTime": true, "temperature": {"value": 12.5, "unit": "C", "unitType": 17}, "realFeelTemperature": {"value": 8.0, "unit": "C", "unitType": 17}, "realFeelTemperatureShade": {"value": 8.0, "unit": "C", "unitType": 17}, "relativeHumidity": 97, "dewPoint": {"value": 12.0, "unit": "C", "unitType": 17}, "wind": {"direction": {"degrees": 225.0, "localizedDescription": "SW"}, "speed": {"value": 21.8, "unit": "km/h", "unitType": 7}}, "windGust": {"speed": {"value": 32.2, "unit": "km/h", "unitType": 7}}, "uvIndex": 0, "uvIndexPhrase": "Low", "visibility": {"value": 22.5, "unit": "km", "unitType": 6}, "obstructionsToVisibility": "R-", "cloudCover": 98, "ceiling": {"value": 762.0, "unit": "m", "unitType": 5}, "pressure": {"value": 1011.0, "unit": "mb", "unitType": 14}, "pressureTendency": {"localizedDescription": "Rising", "code": "R"}, "past24HourTemperatureDeparture": {"value": -2.5, "unit": "C", "unitType": 17}, "apparentTemperature": {"value": 16.1, "unit": "C", "unitType": 17}, "windChillTemperature": {"value": 12.8, "unit": "C", "unitType": 17}, "wetBulbTemperature": {"value": 12.5, "unit": "C", "unitType": 17}, "precipitationSummary": {"pastHour": {"value": 0.5, "unit": "mm", "unitType": 3}, "past3Hours": {"value": 1.8, "unit": "mm", "unitType": 3}, "past6Hours": {"value": 2.2, "unit": "mm", "unitType": 3}, "past9Hours": {"value": 2.2, "unit": "mm", "unitType": 3}, "past12Hours": {"value": 2.2, "unit": "mm", "unitType": 3}, "past18Hours": {"value": 2.2, "unit": "mm", "unitType": 3}, "past24Hours": {"value": 2.2, "unit": "mm", "unitType": 3}}, "temperatureSummary": {"past6Hours": {"minimum": {"value": 12.4, "unit": "C", "unitType": 17}, "maximum": {"value": 13.2, "unit": "C", "unitType": 17}}, "past12Hours": {"minimum": {"value": 12.2, "unit": "C", "unitType": 17}, "maximum": {"value": 13.4, "unit": "C", "unitType": 17}}, "past24Hours": {"minimum": {"value": 12.2, "unit": "C", "unitType": 17}, "maximum": {"value": 15.9, "unit": "C", "unitType": 17}}}}}
{"EnqueuedTimeUtc":"2024-02-16T09:48:21.3550000Z","Properties":{},"SystemProperties":{"messageId":"8fb2169d-6e04-4ff9-a2bb-a51137387970","connectionDeviceId":"gas","connectionAuthMethod":"{\"scope\":\"device\",\"type\":\"sas\",\"issuer\":\"iothub\",\"acceptingIpFilterRule\":null}","connectionDeviceGenerationId":"638436705133358401","contentType":"application/json","contentEncoding":"utf-8","enqueuedTime":"2024-02-16T09:48:21.3550000Z"},"Body":{"ID": "EAN546055286600819997", "timestamp": "2024-02-16T10:48:27.275659", "total_cons": 1273.763937134049, "current_cons": 5.9737533161662}}