{"EnqueuedTimeUtc":"2024-02-16T09:48:31.3900000Z","Properties":{},"SystemProperties":{"messageId":"c3cbf8a3-116c-41fa-b1b9-a2a74b513980","connectionDeviceId":"gas","connectionAuthMethod":"{\"scope\":\"device\",\"type\":\"sas\",\"issuer\":\"iothub\",\"acceptingIpFilterRule\":null}","connectionDeviceGenerationId":"638436705133358401","contentType":"application/json","contentEncoding":"utf-8","enqueuedTime":"2024-02-16T09:48:31.3900000Z"},"Body":{"ID": "EAN546055286600819997", "timestamp": "2024-02-16T10:48:37.321717", "total_cons": 1280.9933713770838, "current_cons": 7.229434243034893}}
{"EnqueuedTimeUtc":"2024-02-16T09:48:41.4530000Z","Properties":{},"SystemProperties":{"messageId":"aa1c01e3-d4b0-4ffd-8ada-2d72e222356b","connectionDeviceId":"gas","connectionAuthMethod":"{\"scope\":\"device\",\"type\":\"sas\",\"issuer\":\"iothub\",\"acceptingIpFilterRule\":null}","connectionDeviceGenerationId":"638436705133358401","contentType":"application/json","contentEncoding":"utf-8","enqueuedTime":"2024-02-16T09:48:41.4530000Z"},"Body":{"ID": "EAN546055286600819997", "timestamp": "2024-02-16T10:48:47.376156", "total_cons": 1283.6976206433637, "current_cons": 2.7042492662798314}}
{"EnqueuedTimeUtc":"2024-02-16T09:48:51.5020000Z","Properties":{},"SystemProperties":{"messageId":"a0b7f82a-d209-4a29-a61b-01998e142a39","connectionDeviceId":"gas","connectionAuthMethod":"{\"scope\":\"device\",\"type\":\"sas\",\"issuer\":\"iothub\",\"acceptingIpFilterRule\":null}","connectionDeviceGenerationId":"638436705133358401","contentType":"application/json","contentEncoding":"utf-8","enqueuedTime":"2024-02-16T09:48:51.5020000Z"},"Body":{"ID": "EAN546055286600819997", "timestamp": "2024-02-16T10:48:57.425348", "total_cons": 1288.405696808801, "current_cons": 4.708076165437277}}
{"EnqueuedTimeUtc":"2024-02-16T09:49:01.5680000Z","Properties":{},"SystemProperties":{"messageId":"2ee2f36d-e1b5-4195-b070-c519efc934ad","connectionDeviceId":"gas","connectionAuthMethod":"{\"scope\":\"device\",\"type\":\"sas\",\"issuer\":\"iothub\",\"acceptingIpFilterRule\":null}","connectionDeviceGenerationId":"638436705133358401","contentType":"application/json","contentEncoding":"utf-8","enqueuedTime":"2024-02-16T09:49:01.5680000Z"},"Body":{"ID": "EAN546055286600819997", "timestamp": "2024-02-16T10:49:07.489225", "total_cons": 1296.3106502816042, "current_cons": 7.904953472803206}}
{"EnqueuedTimeUtc":"2024-02-16T09:49:11.6180000Z","Properties":{},"SystemProperties":{"messageId":"e4bd175f-4319-4542-8483-6f6b6022bf6e","connectionDeviceId":"gas","connectionAuthMethod":"{\"scope\":\"device\",\"type\":\"sas\",\"issuer\":\"iothub\",\"acceptingIpFilterRule\":null}","connectionDeviceGenerationId":"638436705133358401","contentType":"application/json","contentEncoding":"utf-8","enqueuedTime":"2024-02-16T09:49:11.6180000Z"},"Body":{"ID": "EAN546055286600819997", "timestamp": "2024-02-16T10:49:17.540712", "total_cons": 1299.379290117455, "current_cons": 3.0686398358506897}}
{"EnqueuedTimeUtc":"2024-02-16T09:49:21.6520000Z","Properties":{},"SystemProperties":{"messageId":"369a2725-20ee-4fa3-8b62-3f548385fa8b","connectionDeviceId":"gas","connectionAuthMethod":"{\"scope\":\"device\",\"type\":\"sas\",\"issuer\":\"iothub\",\"acceptingIpFilterRule\":null}","connectionDeviceGenerationId":"638436705133358401","contentType":"application/json","contentEncoding":"utf-8","enqueuedTime":"2024-02-16T09:49:21.6520000Z"},"Body":{"ID": "EAN546055286600819997", "timestamp": "2024-02-16T10:49:27.579726", "total_cons": 1304.5422847910174, "current_cons": 5.162994673562529}}