{"EnqueuedTimeUtc":"2024-02-16T09:49:31.6990000Z","Properties":{},"SystemProperties":{"messageId":"01d90e53-8ed6-4394-82ad-f5faac27b76d","connectionDeviceId":"gas","connectionAuthMethod":"{\"scope\":\"device\",\"type\":\"sas\",\"issuer\":\"iothub\",\"acceptingIpFilterRule\":null}","connectionDeviceGenerationId":"638436705133358401","contentType":"application/json","contentEncoding":"utf-8","enqueuedTime":"2024-02-16T09:49:31.6990000Z"},"Body":{"ID": "EAN546055286600819997", "timestamp": "2024-02-16T10:49:37.626154", "total_cons": 1304.8629401106766, "current_cons": 0.32065531965928995}}
{"EnqueuedTimeUtc":"2024-02-16T09:49:41.7470000Z","Properties":{},"SystemProperties":{"messageId":"4b045a6b-3cba-4c05-8517-481489ead7ef","connectionDeviceId":"gas","connectionAuthMethod":"{\"scope\":\"device\",\"type\":\"sas\",\"issuer\":\"iothub\",\"acceptingIpFilterRule\":null}","connectionDeviceGenerationId":"638436705133358401","contentType":"application/json","contentEncoding":"utf-8","enqueuedTime":"2024-02-16T09:49:41.7470000Z"},"Body":{"ID": "EAN546055286600819997", "timestamp": "2024-02-16T10:49:47.671650", "total_cons": 1311.8286198688093, "current_cons": 6.965679758132725}}
{"EnqueuedTimeUtc":"2024-02-16T09:49:51.7960000Z","Properties":{},"SystemProperties":{"messageId":"a76982ca-fd55-4549-8e87-7a00e11566d3","connectionDeviceId":"gas","connectionAuthMethod":"{\"scope\":\"device\",\"type\":\"sas\",\"issuer\":\"iothub\",\"acceptingIpFilterRule\":null}","connectionDeviceGenerationId":"638436705133358401","contentType":"application/json","contentEncoding":"utf-8","enqueuedTime":"2024-02-16T09:49:51.7960000Z"},"Body":{"ID": "EAN546055286600819997", "timestamp": "2024-02-16T10:49:57.722563", "total_cons": 1319.4393864475867, "current_cons": 7.610766578777444}}
{"EnqueuedTimeUtc":"2024-02-16T09:50:01.8450000Z","Properties":{},"SystemProperties":{"messageId":"1da999b5-e080-4f22-9bd5-b24512ea785c","connectionDeviceId":"gas","connectionAuthMethod":"{\"scope\":\"device\",\"type\":\"sas\",\"issuer\":\"iothub\",\"acceptingIpFilterRule\":null}","connectionDeviceGenerationId":"638436705133358401","contentType":"application/json","contentEncoding":"utf-8","enqueuedTime":"2024-02-16T09:50:01.8450000Z"},"Body":{"ID": "EAN546055286600819997", "timestamp": "2024-02-16T10:50:07.768315", "total_cons": 1321.7935421212321, "current_cons": 2.3541556736453875}}
{"EnqueuedTimeUtc":"2024-02-16T09:50:11.8960000Z","Properties":{},"SystemProperties":{"messageId":"f3adbeb0-6d15-4f90-a098-822eda957060","connectionDeviceId":"gas","connectionAuthMethod":"{\"scope\":\"device\",\"type\":\"sas\",\"issuer\":\"iothub\",\"acceptingIpFilterRule\":null}","connectionDeviceGenerationId":"638436705133358401","contentType":"application/json","contentEncoding":"utf-8","enqueuedTime":"2024-02-16T09:50:11.8960000Z"},"Body":{"ID": "EAN546055286600819997", "timestamp": "2024-02-16T10:50:17.829299", "total_cons": 1330.3066966931294, "current_cons": 8.513154571897346}}
{"EnqueuedTimeUtc":"2024-02-16T09:50:12.3490000Z","Properties":{"lat":"51.0330995","lon":"3.6865697"},"SystemProperties":{"messageId":"6c5cffcd-2fe2-4679-b5e1-a01041be7b5a","connectionDeviceId":"weather","connectionAuthMethod":"{\"scope\":\"device\",\"type\":\"sas\",\"issuer\":\"iothub\",\"acceptingIpFilterRule\":null}","connectionDeviceGenerationId":"638436705223526622","contentType":"application/json","contentEncoding":"utf-8","enqueuedTime":"2024-02-16T09:50:12.3490000Z"},"Body":{"dateTime": "2024-02-16T10:42:00+01:00", "phrase": "Light rain", "iconCode": 12, "hasPrecipitation": true, "precipitationType": "Rain", "isDayTime": true, "temperature": {"value": 12.5, "unit": "C", "unitType": 17}, "realFeelTemperature": {"value": 8.0, "unit": "C", "unitType": 17}, "realFeelTemperatureShade": {"value": 8.0, "unit": "C", "unitType": 17}, "relativeHumidity": 97, "dewPoint": {"value": 12.0, "unit": "C", "unitType": 17}, "wind": {"direction": {"degrees": 225.0, "localizedDescription": "SW"}, "speed": {"value": 21.8, "unit": "km/h", "unitType": 7}}, "windGust": {"speed": {"value": 32.2, "unit": "km/h", "unitType": 7}}, "uvIndex": 0, "uvIndexPhrase": "Low", "visibility": {"value": 22.5, "unit": "km", "unitType": 6}, "obstructionsToVisibility": "R-", "cloudCover": 98, "ceiling": {"value": 762.0, "unit": "m", "unitType": 5}, "pressure": {"value": 1011.0, "unit": "mb", "unitType": 14}, "pressureTendency": {"localizedDescription": "Rising", "code": "R"}, "past24HourTemperatureDeparture": {"value": -2.5, "unit": "C", "unitType": 17}, "apparentTemperature": {"value": 16.1, "unit": "C", "unitType": 17}, "windChillTemperature": {"value": 12.8, "unit": "C", "unitType": 17}, "wetBulbTemperature": {"value": 12.5, "unit": "C", "unitType": 17}, "precipitationSummary": {"pastHour": {"value": 0.5, "unit": "mm", "unitType": 3}, "past3Hours": {"value": 1.8, "unit": "mm", "unitType": 3}, "past6Hours": {"value": 2.2, "unit": "mm", "unitType": 3}, "past9Hours": {"value": 2.2, "unit": "mm", "unitType": 3}, "past12Hours": {"value": 2.2, "unit": "mm", "unitType": 3}, "past18Hours": {"value": 2.2, "unit": "mm", "unitType": 3}, "past24Hours": {"value": 2.2, "unit": "mm", "unitType": 3}}, "temperatureSummary": {"past6Hours": {"minimum": {"value": 12.4, "unit": "C", "unitType": 17}, "maximum": {"value": 13.2, "unit": "C", "unitType": 17}}, "past12Hours": {"minimum": {"value": 12.2, "unit": "C", "unitType": 17}, "maximum": {"value": 13.4, "unit": "C", "unitType": 17}}, "past24Hours": {"minimum": {"value": 12.2, "unit": "C", "unitType": 17}, "maximum": {"value": 15.9, "unit": "C", "unitType": 17}}}}}
{"EnqueuedTimeUtc":"2024-02-16T09:50:21.9430000Z","Properties":{},"SystemProperties":{"messageId":"c94db6bf-b04e-4727-b5c4-e9d3be12926f","connectionDeviceId":"gas","connectionAuthMethod":"{\"scope\":\"device\",\"type\":\"sas\",\"issuer\":\"iothub\",\"acceptingIpFilterRule\":null}","connectionDeviceGenerationId":"638436705133358401","contentType":"application/json","contentEncoding":"utf-8","enqueuedTime":"2024-02-16T09:50:21.9430000Z"},"Body":{"ID": "EAN546055286600819997", "timestamp": "2024-02-16T10:50:27.874853", "total_cons": 1331.722824559955, "current_cons": 1.4161278668255937}}