{"EnqueuedTimeUtc":"2024-02-16T09:50:31.9910000Z","Properties":{},"SystemProperties":{"messageId":"ecc2cbef-72d1-41b5-ba66-89ed24911abb","connectionDeviceId":"gas","connectionAuthMethod":"{\"scope\":\"device\",\"type\":\"sas\",\"issuer\":\"iothub\",\"acceptingIpFilterRule\":null}","connectionDeviceGenerationId":"638436705133358401","contentType":"application/json","contentEncoding":"utf-8","enqueuedTime":"2024-02-16T09:50:31.9910000Z"},"Body":{"ID": "EAN546055286600819997", "timestamp": "2024-02-16T10:50:37.924508", "total_cons": 1338.4668219088321, "current_cons": 6.743997348877248}}
{"EnqueuedTimeUtc":"2024-02-16T09:50:42.0380000Z","Properties":{},"SystemProperties":{"messageId":"191e1fd7-dc58-4570-a7f8-23cdc5a78f37","connectionDeviceId":"gas","connectionAuthMethod":"{\"scope\":\"device\",\"type\":\"sas\",\"issuer\":\"iothub\",\"acceptingIpFilterRule\":null}","connectionDeviceGenerationId":"638436705133358401","contentType":"application/json","contentEncoding":"utf-8","enqueuedTime":"2024-02-16T09:50:42.0380000Z"},"Body":{"ID": "EAN546055286600819997", "timestamp": "2024-02-16T10:50:47.961781", "total_cons": 1339.5737187079494, "current_cons": 1.1068967991172327}}
{"EnqueuedTimeUtc":"2024-02-16T09:50:52.0850000Z","Properties":{},"SystemProperties":{"messageId":"3833099d-d988-4395-8e51-c8723439b048","connectionDeviceId":"gas","connectionAuthMethod":"{\"scope\":\"device\",\"type\":\"sas\",\"issuer\":\"iothub\",\"acceptingIpFilterRule\":null}","connectionDeviceGenerationId":"638436705133358401","contentType":"application/json","contentEncoding":"utf-8","enqueuedTime":"2024-02-16T09:50:52.0850000Z"},"Body":{"ID": "EAN546055286600819997", "timestamp": "2024-02-16T10:50:58.011239", "total_cons": 1343.5175248587307, "current_cons": 3.943806150781303}}
{"EnqueuedTimeUtc":"2024-02-16T09:51:02.1370000Z","Properties":{},"SystemProperties":{"messageId":"0fc46a59-f680-483b-ab39-1a7d3dfc7b11","connectionDeviceId":"gas","connectionAuthMethod":"{\"scope\":\"device\",\"type\":\"sas\",\"issuer\":\"iothub\",\"acceptingIpFilterRule\":null}","connectionDeviceGenerationId":"638436705133358401","contentType":"application/json","contentEncoding":"utf-8","enqueuedTime":"2024-02-16T09:51:02.1370000Z"},"Body":{"ID": "EAN546055286600819997", "timestamp": "2024-02-16T10:51:08.054891", "total_cons": 1346.99155690773, "current_cons": 3.4740320489993683}}
{"EnqueuedTimeUtc":"2024-02-16T09:51:12.1730000Z","Properties":{},"SystemProperties":{"messageId":"1a5cf4d9-22b8-4f4c-996e-283b506a6ad8","connectionDeviceId":"gas","connectionAuthMethod":"{\"scope\":\"device\",\"type\":\"sas\",\"issuer\":\"iothub\",\"acceptingIpFilterRule\":null}","connectionDeviceGenerationId":"638436705133358401","contentType":"application/json","contentEncoding":"utf-8","enqueuedTime":"2024-02-16T09:51:12.1730000Z"},"Body":{"ID": "EAN546055286600819997", "timestamp": "2024-02-16T10:51:18.108361", "total_cons": 1351.1385944744009, "current_cons": 4.147037566670888}}
{"EnqueuedTimeUtc":"2024-02-16T09:51:22.3130000Z","Properties":{},"SystemProperties":{"messageId":"35d896c5-969c-4910-925f-2b870fea13c0","connectionDeviceId":"gas","connectionAuthMethod":"{\"scope\":\"device\",\"type\":\"sas\",\"issuer\":\"iothub\",\"acceptingIpFilterRule\":null}","connectionDeviceGenerationId":"638436705133358401","contentType":"application/json","contentEncoding":"utf-8","enqueuedTime":"2024-02-16T09:51:22.3130000Z"},"Body":{"ID": "EAN546055286600819997", "timestamp": "2024-02-16T10:51:28.153777", "total_cons": 1355.51897592244, "current_cons": 4.3803814480391425}}