{"EnqueuedTimeUtc":"2024-02-16T09:51:32.4240000Z","Properties":{},"SystemProperties":{"messageId":"e17182e4-6672-4242-a4fd-efd17cc1129f","connectionDeviceId":"gas","connectionAuthMethod":"{\"scope\":\"device\",\"type\":\"sas\",\"issuer\":\"iothub\",\"acceptingIpFilterRule\":null}","connectionDeviceGenerationId":"638436705133358401","contentType":"application/json","contentEncoding":"utf-8","enqueuedTime":"2024-02-16T09:51:32.4240000Z"},"Body":{"ID": "EAN546055286600819997", "timestamp": "2024-02-16T10:51:38.294714", "total_cons": 1363.7686895952613, "current_cons": 8.24971367282139}}
{"EnqueuedTimeUtc":"2024-02-16T09:51:42.4710000Z","Properties":{},"SystemProperties":{"messageId":"8f8d93c5-404b-4b2d-9961-0da4553bbc9a","connectionDeviceId":"gas","connectionAuthMethod":"{\"scope\":\"device\",\"type\":\"sas\",\"issuer\":\"iothub\",\"acceptingIpFilterRule\":null}","connectionDeviceGenerationId":"638436705133358401","contentType":"application/json","contentEncoding":"utf-8","enqueuedTime":"2024-02-16T09:51:42.4710000Z"},"Body":{"ID": "EAN546055286600819997", "timestamp": "2024-02-16T10:51:48.400862", "total_cons": 1371.6813608155467, "current_cons": 7.912671220285426}}
{"EnqueuedTimeUtc":"2024-02-16T09:51:52.5200000Z","Properties":{},"SystemProperties":{"messageId":"b6e9b7a3-a4d2-4ef0-9089-01b3ec67565a","connectionDeviceId":"gas","connectionAuthMethod":"{\"scope\":\"device\",\"type\":\"sas\",\"issuer\":\"iothub\",\"acceptingIpFilterRule\":null}","connectionDeviceGenerationId":"638436705133358401","contentType":"application/json","contentEncoding":"utf-8","enqueuedTime":"2024-02-16T09:51:52.5200000Z"},"Body":{"ID": "EAN546055286600819997", "timestamp": "2024-02-16T10:51:58.453605", "total_cons": 1377.6175196596557, "current_cons": 5.936158844109141}}
{"EnqueuedTimeUtc":"2024-02-16T09:52:02.5680000Z","Properties":{},"SystemProperties":{"messageId":"952e3b41-c251-40fd-acbc-bf287f75a0b3","connectionDeviceId":"gas","connectionAuthMethod":"{\"scope\":\"device\",\"type\":\"sas\",\"issuer\":\"iothub\",\"acceptingIpFilterRule\":null}","connectionDeviceGenerationId":"638436705133358401","contentType":"application/json","contentEncoding":"utf-8","enqueuedTime":"2024-02-16T09:52:02.5680000Z"},"Body":{"ID": "EAN546055286600819997", "timestamp": "2024-02-16T10:52:08.492899", "total_cons": 1385.2048317309718, "current_cons": 7.587312071316145}}
{"EnqueuedTimeUtc":"2024-02-16T09:52:12.6160000Z","Properties":{},"SystemProperties":{"messageId":"ec5d43e8-4cda-48c0-ac1d-abe811ad632b","connectionDeviceId":"gas","connectionAuthMethod":"{\"scope\":\"device\",\"type\":\"sas\",\"issuer\":\"iothub\",\"acceptingIpFilterRule\":null}","connectionDeviceGenerationId":"638436705133358401","contentType":"application/json","contentEncoding":"utf-8","enqueuedTime":"2024-02-16T09:52:12.6160000Z"},"Body":{"ID": "EAN546055286600819997", "timestamp": "2024-02-16T10:52:18.543805", "total_cons": 1385.630913913976, "current_cons": 0.4260821830040912}}
{"EnqueuedTimeUtc":"2024-02-16T09:52:12.6310000Z","Properties":{"lat":"51.0330995","lon":"3.6865697"},"SystemProperties":{"messageId":"f08f1ec4-ebef-4e90-b166-df5d57e9655c","connectionDeviceId":"weather","connectionAuthMethod":"{\"scope\":\"device\",\"type\":\"sas\",\"issuer\":\"iothub\",\"acceptingIpFilterRule\":null}","connectionDeviceGenerationId":"638436705223526622","contentType":"application/json","contentEncoding":"utf-8","enqueuedTime":"2024-02-16T09:52:12.6310000Z"},"Body":{"dateTime": "2024-02-16T10:42:00+01:00", "phrase": "Light rain", "iconCode": 12, "hasPrecipitation": true, "precipitationType": "Rain", "isDayTime": true, "temperature": {"value": 12.5, "unit": "C", "unitType": 17}, "realFeelTemperature": {"value": 8.0, "unit": "C", "unitType": 17}, "realFeelTemperatureShade": {"value": 8.0, "unit": "C", "unitType": 17}, "relativeHumidity": 97, "dewPoint": {"value": 12.0, "unit": "C", "unitType": 17}, "wind": {"direction": {"degrees": 225.0, "localizedDescription": "SW"}, "speed": {"value": 21.8, "unit": "km/h", "unitType": 7}}, "windGust": {"speed": {"value": 32.2, "unit": "km/h", "unitType": 7}}, "uvIndex": 0, "uvIndexPhrase": "Low", "visibility": {"value": 22.5, "unit": "km", "unitType": 6}, "obstructionsToVisibility": "R-", "cloudCover": 98, "ceiling": {"value": 762.0, "unit": "m", "unitType": 5}, "pressure": {"value": 1011.0, "unit": "mb", "unitType": 14}, "pressureTendency": {"localizedDescription": "Rising", "code": "R"}, "past24HourTemperatureDeparture": {"value": -2.5, "unit": "C", "unitType": 17}, "apparentTemperature": {"value": 16.1, "unit": "C", "unitType": 17}, "windChillTemperature": {"value": 12.8, "unit": "C", "unitType": 17}, "wetBulbTemperature": {"value": 12.5, "unit": "C", "unitType": 17}, "precipitationSummary": {"pastHour": {"value": 0.5, "unit": "mm", "unitType": 3}, "past3Hours": {"value": 1.8, "unit": "mm", "unitType": 3}, "past6Hours": {"value": 2.2, "unit": "mm", "unitType": 3}, "past9Hours": {"value": 2.2, "unit": "mm", "unitType": 3}, "past12Hours": {"value": 2.2, "unit": "mm", "unitType": 3}, "past18Hours": {"value": 2.2, "unit": "mm", "unitType": 3}, "past24Hours": {"value": 2.2, "unit": "mm", "unitType": 3}}, "temperatureSummary": {"past6Hours": {"minimum": {"value": 12.4, "unit": "C", "unitType": 17}, "maximum": {"value": 13.2, "unit": "C", "unitType": 17}}, "past12Hours": {"minimum": {"value": 12.2, "unit": "C", "unitType": 17}, "maximum": {"value": 13.4, "unit": "C", "unitType": 17}}, "past24Hours": {"minimum": {"value": 12.2, "unit": "C", "unitType": 17}, "maximum": {"value": 15.9, "unit": "C", "unitType": 17}}}}}
{"EnqueuedTimeUtc":"2024-02-16T09:52:22.6630000Z","Properties":{},"SystemProperties":{"messageId":"7873defb-eb76-4c51-8120-cd9f2b1e40e4","connectionDeviceId":"gas","connectionAuthMethod":"{\"scope\":\"device\",\"type\":\"sas\",\"issuer\":\"iothub\",\"acceptingIpFilterRule\":null}","connectionDeviceGenerationId":"638436705133358401","contentType":"application/json","contentEncoding":"utf-8","enqueuedTime":"2024-02-16T09:52:22.6630000Z"},"Body":{"ID": "EAN546055286600819997", "timestamp": "2024-02-16T10:52:28.594011", "total_cons": 1388.8095263037721, "current_cons": 3.178612389796075}}