{"EnqueuedTimeUtc":"2024-02-16T09:52:32.7140000Z","Properties":{},"SystemProperties":{"messageId":"46f2525a-8e9f-4694-8564-a0c4bef6b659","connectionDeviceId":"gas","connectionAuthMethod":"{\"scope\":\"device\",\"type\":\"sas\",\"issuer\":\"iothub\",\"acceptingIpFilterRule\":null}","connectionDeviceGenerationId":"638436705133358401","contentType":"application/json","contentEncoding":"utf-8","enqueuedTime":"2024-02-16T09:52:32.7140000Z"},"Body":{"ID": "EAN546055286600819997", "timestamp": "2024-02-16T10:52:38.639821", "total_cons": 1393.8088070602987, "current_cons": 4.9992807565265185}}
{"EnqueuedTimeUtc":"2024-02-16T09:52:42.7640000Z","Properties":{},"SystemProperties":{"messageId":"331047d0-4ec3-45d0-9c29-de6e76081444","connectionDeviceId":"gas","connectionAuthMethod":"{\"scope\":\"device\",\"type\":\"sas\",\"issuer\":\"iothub\",\"acceptingIpFilterRule\":null}","connectionDeviceGenerationId":"638436705133358401","contentType":"application/json","contentEncoding":"utf-8","enqueuedTime":"2024-02-16T09:52:42.7640000Z"},"Body":{"ID": "EAN546055286600819997", "timestamp": "2024-02-16T10:52:48.688282", "total_cons": 1401.30856653471, "current_cons": 7.499759474411444}}
{"EnqueuedTimeUtc":"2024-02-16T09:52:52.8130000Z","Properties":{},"SystemProperties":{"messageId":"ab1f879e-c025-4e6e-8249-2933c0e9c084","connectionDeviceId":"gas","connectionAuthMethod":"{\"scope\":\"device\",\"type\":\"sas\",\"issuer\":\"iothub\",\"acceptingIpFilterRule\":null}","connectionDeviceGenerationId":"638436705133358401","contentType":"application/json","contentEncoding":"utf-8","enqueuedTime":"2024-02-16T09:52:52.8130000Z"},"Body":{"ID": "EAN546055286600819997", "timestamp": "2024-02-16T10:52:58.740396", "total_cons": 1408.2198374409913, "current_cons": 6.911270906281188}}
{"EnqueuedTimeUtc":"2024-02-16T09:53:02.8760000Z","Properties":{},"SystemProperties":{"messageId":"99481f1f-798e-48ac-b0b4-0fa807c5881e","connectionDeviceId":"gas","connectionAuthMethod":"{\"scope\":\"device\",\"type\":\"sas\",\"issuer\":\"iothub\",\"acceptingIpFilterRule\":null}","connectionDeviceGenerationId":"638436705133358401","contentType":"application/json","contentEncoding":"utf-8","enqueuedTime":"2024-02-16T09:53:02.8760000Z"},"Body":{"ID": "EAN546055286600819997", "timestamp": "2024-02-16T10:53:08.797899", "total_cons": 1416.5489907325461, "current_cons": 8.329153291554839}}
{"EnqueuedTimeUtc":"2024-02-16T09:53:12.9100000Z","Properties":{},"SystemProperties":{"messageId":"9fe8633c-2cf7-4d2b-8a80-e7ee0b52044a","connectionDeviceId":"gas","connectionAuthMethod":"{\"scope\":\"device\",\"type\":\"sas\",\"issuer\":\"iothub\",\"acceptingIpFilterRule\":null}","connectionDeviceGenerationId":"638436705133358401","contentType":"application/json","contentEncoding":"utf-8","enqueuedTime":"2024-02-16T09:53:12.9100000Z"},"Body":{"ID": "EAN546055286600819997", "timestamp": "2024-02-16T10:53:18.844037", "total_cons": 1416.683196987385, "current_cons": 0.13420625483880175}}
{"EnqueuedTimeUtc":"2024-02-16T09:53:22.9730000Z","Properties":{},"SystemProperties":{"messageId":"68fe28b2-10bb-48e4-98d3-c3f379cb3892","connectionDeviceId":"gas","connectionAuthMethod":"{\"scope\":\"device\",\"type\":\"sas\",\"issuer\":\"iothub\",\"acceptingIpFilterRule\":null}","connectionDeviceGenerationId":"638436705133358401","contentType":"application/json","contentEncoding":"utf-8","enqueuedTime":"2024-02-16T09:53:22.9730000Z"},"Body":{"ID": "EAN546055286600819997", "timestamp": "2024-02-16T10:53:28.890737", "total_cons": 1420.5592455490382, "current_cons": 3.87604856165333}}