{"EnqueuedTimeUtc":"2024-02-16T09:53:33.0060000Z","Properties":{},"SystemProperties":{"messageId":"564c1c1b-6f10-4572-a0ba-2ad8ca83c589","connectionDeviceId":"gas","connectionAuthMethod":"{\"scope\":\"device\",\"type\":\"sas\",\"issuer\":\"iothub\",\"acceptingIpFilterRule\":null}","connectionDeviceGenerationId":"638436705133358401","contentType":"application/json","contentEncoding":"utf-8","enqueuedTime":"2024-02-16T09:53:33.0060000Z"},"Body":{"ID": "EAN546055286600819997", "timestamp": "2024-02-16T10:53:38.938288", "total_cons": 1427.285495080136, "current_cons": 6.726249531097758}}
{"EnqueuedTimeUtc":"2024-02-16T09:53:43.0690000Z","Properties":{},"SystemProperties":{"messageId":"60aa4513-7bc5-4ef1-988f-10516d470ed9","connectionDeviceId":"gas","connectionAuthMethod":"{\"scope\":\"device\",\"type\":\"sas\",\"issuer\":\"iothub\",\"acceptingIpFilterRule\":null}","connectionDeviceGenerationId":"638436705133358401","contentType":"application/json","contentEncoding":"utf-8","enqueuedTime":"2024-02-16T09:53:43.0690000Z"},"Body":{"ID": "EAN546055286600819997", "timestamp": "2024-02-16T10:53:49.003187", "total_cons": 1429.659240258475, "current_cons": 2.373745178339112}}
{"EnqueuedTimeUtc":"2024-02-16T09:53:53.1170000Z","Properties":{},"SystemProperties":{"messageId":"648d25c4-de81-444b-bc11-0b4b272a2bf0","connectionDeviceId":"gas","connectionAuthMethod":"{\"scope\":\"device\",\"type\":\"sas\",\"issuer\":\"iothub\",\"acceptingIpFilterRule\":null}","connectionDeviceGenerationId":"638436705133358401","contentType":"application/json","contentEncoding":"utf-8","enqueuedTime":"2024-02-16T09:53:53.1170000Z"},"Body":{"ID": "EAN546055286600819997", "timestamp": "2024-02-16T10:53:59.053508", "total_cons": 1430.5592531739685, "current_cons": 0.9000129154936655}}
{"EnqueuedTimeUtc":"2024-02-16T09:54:03.1660000Z","Properties":{},"SystemProperties":{"messageId":"30dfea7e-426a-4ab2-b6a1-3254146c9a49","connectionDeviceId":"gas","connectionAuthMethod":"{\"scope\":\"device\",\"type\":\"sas\",\"issuer\":\"iothub\",\"acceptingIpFilterRule\":null}","connectionDeviceGenerationId":"638436705133358401","contentType":"application/json","contentEncoding":"utf-8","enqueuedTime":"2024-02-16T09:54:03.1660000Z"},"Body":{"ID": "EAN546055286600819997", "timestamp": "2024-02-16T10:54:09.098248", "total_cons": 1434.5198655670858, "current_cons": 3.960612393117288}}
{"EnqueuedTimeUtc":"2024-02-16T09:54:12.8870000Z","Properties":{"lat":"51.0330995","lon":"3.6865697"},"SystemProperties":{"messageId":"12732c85-1993-4db1-b803-e24a5a8ba512","connectionDeviceId":"weather","connectionAuthMethod":"{\"scope\":\"device\",\"type\":\"sas\",\"issuer\":\"iothub\",\"acceptingIpFilterRule\":null}","connectionDeviceGenerationId":"638436705223526622","contentType":"application/json","contentEncoding":"utf-8","enqueuedTime":"2024-02-16T09:54:12.8870000Z"},"Body":{"dateTime": "2024-02-16T10:42:00+01:00", "phrase": "Light rain", "iconCode": 12, "hasPrecipitation": true, "precipitationType": "Rain", "isDayTime": true, "temperature": {"value": 12.5, "unit": "C", "unitType": 17}, "realFeelTemperature": {"value": 8.0, "unit": "C", "unitType": 17}, "realFeelTemperatureShade": {"value": 8.0, "unit": "C", "unitType": 17}, "relativeHumidity": 97, "dewPoint": {"value": 12.0, "unit": "C", "unitType": 17}, "wind": {"direction": {"degrees": 225.0, "localizedDescription": "SW"}, "speed": {"value": 21.8, "unit": "km/h", "unitType": 7}}, "windGust": {"speed": {"value": 32.2, "unit": "km/h", "unitType": 7}}, "uvIndex": 0, "uvIndexPhrase": "Low", "visibility": {"value": 22.5, "unit": "km", "unitType": 6}, "obstructionsToVisibility": "R-", "cloudCover": 98, "ceiling": {"value": 762.0, "unit": "m", "unitType": 5}, "pressure": {"value": 1011.0, "unit": "mb", "unitType": 14}, "pressureTendency": {"localizedDescription": "Rising", "code": "R"}, "past24HourTemperatureDeparture": {"value": -2.5, "unit": "C", "unitType": 17}, "apparentTemperature": {"value": 16.1, "unit": "C", "unitType": 17}, "windChillTemperature": {"value": 12.8, "unit": "C", "unitType": 17}, "wetBulbTemperature": {"value": 12.5, "unit": "C", "unitType": 17}, "precipitationSummary": {"pastHour": {"value": 0.5, "unit": "mm", "unitType": 3}, "past3Hours": {"value": 1.8, "unit": "mm", "unitType": 3}, "past6Hours": {"value": 2.2, "unit": "mm", "unitType": 3}, "past9Hours": {"value": 2.2, "unit": "mm", "unitType": 3}, "past12Hours": {"value": 2.2, "unit": "mm", "unitType": 3}, "past18Hours": {"value": 2.2, "unit": "mm", "unitType": 3}, "past24Hours": {"value": 2.2, "unit": "mm", "unitType": 3}}, "temperatureSummary": {"past6Hours": {"minimum": {"value": 12.4, "unit": "C", "unitType": 17}, "maximum": {"value": 13.2, "unit": "C", "unitType": 17}}, "past12Hours": {"minimum": {"value": 12.2, "unit": "C", "unitType": 17}, "maximum": {"value": 13.4, "unit": "C", "unitType": 17}}, "past24Hours": {"minimum": {"value": 12.2, "unit": "C", "unitType": 17}, "maximum": {"value": 15.9, "unit": "C", "unitType": 17}}}}}
{"EnqueuedTimeUtc":"2024-02-16T09:54:13.2160000Z","Properties":{},"SystemProperties":{"messageId":"ba79bb39-72c7-4716-a793-753bbcded320","connectionDeviceId":"gas","connectionAuthMethod":"{\"scope\":\"device\",\"type\":\"sas\",\"issuer\":\"iothub\",\"acceptingIpFilterRule\":null}","connectionDeviceGenerationId":"638436705133358401","contentType":"application/json","contentEncoding":"utf-8","enqueuedTime":"2024-02-16T09:54:13.2160000Z"},"Body":{"ID": "EAN546055286600819997", "timestamp": "2024-02-16T10:54:19.144558", "total_cons": 1437.256500785325, "current_cons": 2.7366352182390474}}
{"EnqueuedTimeUtc":"2024-02-16T09:54:23.2630000Z","Properties":{},"SystemProperties":{"messageId":"df94f371-fb20-4091-aca6-2e20483c6244","connectionDeviceId":"gas","connectionAuthMethod":"{\"scope\":\"device\",\"type\":\"sas\",\"issuer\":\"iothub\",\"acceptingIpFilterRule\":null}","connectionDeviceGenerationId":"638436705133358401","contentType":"application/json","contentEncoding":"utf-8","enqueuedTime":"2024-02-16T09:54:23.2630000Z"},"Body":{"ID": "EAN546055286600819997", "timestamp": "2024-02-16T10:54:29.194223", "total_cons": 1442.9650419612015, "current_cons": 5.708541175876425}}