{"EnqueuedTimeUtc":"2024-02-16T09:54:33.3260000Z","Properties":{},"SystemProperties":{"messageId":"af557820-d028-471d-8750-22b76e67c192","connectionDeviceId":"gas","connectionAuthMethod":"{\"scope\":\"device\",\"type\":\"sas\",\"issuer\":\"iothub\",\"acceptingIpFilterRule\":null}","connectionDeviceGenerationId":"638436705133358401","contentType":"application/json","contentEncoding":"utf-8","enqueuedTime":"2024-02-16T09:54:33.3260000Z"},"Body":{"ID": "EAN546055286600819997", "timestamp": "2024-02-16T10:54:39.245252", "total_cons": 1445.2052713240003, "current_cons": 2.2402293627987473}}
{"EnqueuedTimeUtc":"2024-02-16T09:54:43.3740000Z","Properties":{},"SystemProperties":{"messageId":"6f0fa2c9-e6a0-46d0-b0b1-e3e81cf586e9","connectionDeviceId":"gas","connectionAuthMethod":"{\"scope\":\"device\",\"type\":\"sas\",\"issuer\":\"iothub\",\"acceptingIpFilterRule\":null}","connectionDeviceGenerationId":"638436705133358401","contentType":"application/json","contentEncoding":"utf-8","enqueuedTime":"2024-02-16T09:54:43.3740000Z"},"Body":{"ID": "EAN546055286600819997", "timestamp": "2024-02-16T10:54:49.291688", "total_cons": 1454.6431020292423, "current_cons": 9.437830705242023}}
{"EnqueuedTimeUtc":"2024-02-16T09:54:53.4380000Z","Properties":{},"SystemProperties":{"messageId":"ec6d182b-c84f-496c-af76-6d7fa344f06f","connectionDeviceId":"gas","connectionAuthMethod":"{\"scope\":\"device\",\"type\":\"sas\",\"issuer\":\"iothub\",\"acceptingIpFilterRule\":null}","connectionDeviceGenerationId":"638436705133358401","contentType":"application/json","contentEncoding":"utf-8","enqueuedTime":"2024-02-16T09:54:53.4380000Z"},"Body":{"ID": "EAN546055286600819997", "timestamp": "2024-02-16T10:54:59.357957", "total_cons": 1460.765314251346, "current_cons": 6.1222122221036726}}
{"EnqueuedTimeUtc":"2024-02-16T09:55:03.4840000Z","Properties":{},"SystemProperties":{"messageId":"35428014-7996-4765-a642-5f4697c28c77","connectionDeviceId":"gas","connectionAuthMethod":"{\"scope\":\"device\",\"type\":\"sas\",\"issuer\":\"iothub\",\"acceptingIpFilterRule\":null}","connectionDeviceGenerationId":"638436705133358401","contentType":"application/json","contentEncoding":"utf-8","enqueuedTime":"2024-02-16T09:55:03.4840000Z"},"Body":{"ID": "EAN546055286600819997", "timestamp": "2024-02-16T10:55:09.411085", "total_cons": 1461.248108925849, "current_cons": 0.48279467450300284}}
{"EnqueuedTimeUtc":"2024-02-16T09:55:13.5210000Z","Properties":{},"SystemProperties":{"messageId":"ab8eeb60-6b68-408e-a596-cd8acac3c162","connectionDeviceId":"gas","connectionAuthMethod":"{\"scope\":\"device\",\"type\":\"sas\",\"issuer\":\"iothub\",\"acceptingIpFilterRule\":null}","connectionDeviceGenerationId":"638436705133358401","contentType":"application/json","contentEncoding":"utf-8","enqueuedTime":"2024-02-16T09:55:13.5210000Z"},"Body":{"ID": "EAN546231350228818449", "timestamp": "2024-02-16T10:55:19.455021", "total_cons": -1463.7783448530035, "current_cons": -2.530235927154536}}
{"EnqueuedTimeUtc":"2024-02-16T09:55:23.5680000Z","Properties":{},"SystemProperties":{"messageId":"4cecddd0-ff64-4c3c-a49f-98673d2c20f9","connectionDeviceId":"gas","connectionAuthMethod":"{\"scope\":\"device\",\"type\":\"sas\",\"issuer\":\"iothub\",\"acceptingIpFilterRule\":null}","connectionDeviceGenerationId":"638436705133358401","contentType":"application/json","contentEncoding":"utf-8","enqueuedTime":"2024-02-16T09:55:23.5680000Z"},"Body":{"ID": "EAN546055286600819997", "timestamp": "2024-02-16T10:55:29.500785", "total_cons": 1470.8096308675058, "current_cons": 7.03128601450217}}