{"EnqueuedTimeUtc":"2024-02-16T09:55:33.6160000Z","Properties":{},"SystemProperties":{"messageId":"b3de1752-b32d-41de-b564-5eaba06cc0fb","connectionDeviceId":"gas","connectionAuthMethod":"{\"scope\":\"device\",\"type\":\"sas\",\"issuer\":\"iothub\",\"acceptingIpFilterRule\":null}","connectionDeviceGenerationId":"638436705133358401","contentType":"application/json","contentEncoding":"utf-8","enqueuedTime":"2024-02-16T09:55:33.6160000Z"},"Body":{"ID": "EAN546055286600819997", "timestamp": "2024-02-16T10:55:39.551737", "total_cons": 1474.2141353155844, "current_cons": 3.404504448078651}}
{"EnqueuedTimeUtc":"2024-02-16T09:55:43.6630000Z","Properties":{},"SystemProperties":{"messageId":"4f3f5e3c-8394-4c92-b983-584299b3b08e","connectionDeviceId":"gas","connectionAuthMethod":"{\"scope\":\"device\",\"type\":\"sas\",\"issuer\":\"iothub\",\"acceptingIpFilterRule\":null}","connectionDeviceGenerationId":"638436705133358401","contentType":"application/json","contentEncoding":"utf-8","enqueuedTime":"2024-02-16T09:55:43.6630000Z"},"Body":{"ID": "EAN546055286600819997", "timestamp": "2024-02-16T10:55:49.598320", "total_cons": 1474.6344974947733, "current_cons": 0.42036217918901964}}
{"EnqueuedTimeUtc":"2024-02-16T09:55:53.7120000Z","Properties":{},"SystemProperties":{"messageId":"d211bbc7-f175-41f6-b0f7-91d1078449da","connectionDeviceId":"gas","connectionAuthMethod":"{\"scope\":\"device\",\"type\":\"sas\",\"issuer\":\"iothub\",\"acceptingIpFilterRule\":null}","connectionDeviceGenerationId":"638436705133358401","contentType":"application/json","contentEncoding":"utf-8","enqueuedTime":"2024-02-16T09:55:53.7120000Z"},"Body":{"ID": "EAN546055286600819997", "timestamp": "2024-02-16T10:55:59.642806", "total_cons": 1475.469473364425, "current_cons": 0.8349758696518464}}
{"EnqueuedTimeUtc":"2024-02-16T09:56:03.7450000Z","Properties":{},"SystemProperties":{"messageId":"d2bb67fa-1a27-4778-87de-54dd0c29e0ed","connectionDeviceId":"gas","connectionAuthMethod":"{\"scope\":\"device\",\"type\":\"sas\",\"issuer\":\"iothub\",\"acceptingIpFilterRule\":null}","connectionDeviceGenerationId":"638436705133358401","contentType":"application/json","contentEncoding":"utf-8","enqueuedTime":"2024-02-16T09:56:03.7450000Z"},"Body":{"ID": "EAN546055286600819997", "timestamp": "2024-02-16T10:56:09.678592", "total_cons": 1479.0543081363328, "current_cons": 3.5848347719076785}}
{"EnqueuedTimeUtc":"2024-02-16T09:56:13.1830000Z","Properties":{"lat":"51.0330995","lon":"3.6865697"},"SystemProperties":{"messageId":"503cb022-fbcf-4d3f-b883-0a3abe1670bd","connectionDeviceId":"weather","connectionAuthMethod":"{\"scope\":\"device\",\"type\":\"sas\",\"issuer\":\"iothub\",\"acceptingIpFilterRule\":null}","connectionDeviceGenerationId":"638436705223526622","contentType":"application/json","contentEncoding":"utf-8","enqueuedTime":"2024-02-16T09:56:13.1830000Z"},"Body":{"dateTime": "2024-02-16T10:42:00+01:00", "phrase": "Light rain", "iconCode": 12, "hasPrecipitation": true, "precipitationType": "Rain", "isDayTime": true, "temperature": {"value": 12.5, "unit": "C", "unitType": 17}, "realFeelTemperature": {"value": 8.0, "unit": "C", "unitType": 17}, "realFeelTemperatureShade": {"value": 8.0, "unit": "C", "unitType": 17}, "relativeHumidity": 97, "dewPoint": {"value": 12.0, "unit": "C", "unitType": 17}, "wind": {"direction": {"degrees": 225.0, "localizedDescription": "SW"}, "speed": {"value": 21.8, "unit": "km/h", "unitType": 7}}, "windGust": {"speed": {"value": 32.2, "unit": "km/h", "unitType": 7}}, "uvIndex": 0, "uvIndexPhrase": "Low", "visibility": {"value": 22.5, "unit": "km", "unitType": 6}, "obstructionsToVisibility": "R-", "cloudCover": 98, "ceiling": {"value": 762.0, "unit": "m", "unitType": 5}, "pressure": {"value": 1011.0, "unit": "mb", "unitType": 14}, "pressureTendency": {"localizedDescription": "Rising", "code": "R"}, "past24HourTemperatureDeparture": {"value": -2.5, "unit": "C", "unitType": 17}, "apparentTemperature": {"value": 16.1, "unit": "C", "unitType": 17}, "windChillTemperature": {"value": 12.8, "unit": "C", "unitType": 17}, "wetBulbTemperature": {"value": 12.5, "unit": "C", "unitType": 17}, "precipitationSummary": {"pastHour": {"value": 0.5, "unit": "mm", "unitType": 3}, "past3Hours": {"value": 1.8, "unit": "mm", "unitType": 3}, "past6Hours": {"value": 2.2, "unit": "mm", "unitType": 3}, "past9Hours": {"value": 2.2, "unit": "mm", "unitType": 3}, "past12Hours": {"value": 2.2, "unit": "mm", "unitType": 3}, "past18Hours": {"value": 2.2, "unit": "mm", "unitType": 3}, "past24Hours": {"value": 2.2, "unit": "mm", "unitType": 3}}, "temperatureSummary": {"past6Hours": {"minimum": {"value": 12.4, "unit": "C", "unitType": 17}, "maximum": {"value": 13.2, "unit": "C", "unitType": 17}}, "past12Hours": {"minimum": {"value": 12.2, "unit": "C", "unitType": 17}, "maximum": {"value": 13.4, "unit": "C", "unitType": 17}}, "past24Hours": {"minimum": {"value": 12.2, "unit": "C", "unitType": 17}, "maximum": {"value": 15.9, "unit": "C", "unitType": 17}}}}}
{"EnqueuedTimeUtc":"2024-02-16T09:56:13.7930000Z","Properties":{},"SystemProperties":{"messageId":"c39d67c5-65ec-4564-9f3d-a0edac568e71","connectionDeviceId":"gas","connectionAuthMethod":"{\"scope\":\"device\",\"type\":\"sas\",\"issuer\":\"iothub\",\"acceptingIpFilterRule\":null}","connectionDeviceGenerationId":"638436705133358401","contentType":"application/json","contentEncoding":"utf-8","enqueuedTime":"2024-02-16T09:56:13.7930000Z"},"Body":{"ID": "EAN546055286600819997", "timestamp": "2024-02-16T10:56:19.723576", "total_cons": 1485.812415984471, "current_cons": 6.75810784813831}}
{"EnqueuedTimeUtc":"2024-02-16T09:56:23.8400000Z","Properties":{},"SystemProperties":{"messageId":"0fa2e907-4154-46c6-b3b2-b17ec9326036","connectionDeviceId":"gas","connectionAuthMethod":"{\"scope\":\"device\",\"type\":\"sas\",\"issuer\":\"iothub\",\"acceptingIpFilterRule\":null}","connectionDeviceGenerationId":"638436705133358401","contentType":"application/json","contentEncoding":"utf-8","enqueuedTime":"2024-02-16T09:56:23.8400000Z"},"Body":{"ID": "EAN546055286600819997", "timestamp": "2024-02-16T10:56:29.769753", "total_cons": 1486.7737922265007, "current_cons": 0.961376242029597}}