{"EnqueuedTimeUtc":"2024-02-16T09:56:33.8910000Z","Properties":{},"SystemProperties":{"messageId":"b35d54a2-274c-4aeb-8d99-294de6845862","connectionDeviceId":"gas","connectionAuthMethod":"{\"scope\":\"device\",\"type\":\"sas\",\"issuer\":\"iothub\",\"acceptingIpFilterRule\":null}","connectionDeviceGenerationId":"638436705133358401","contentType":"application/json","contentEncoding":"utf-8","enqueuedTime":"2024-02-16T09:56:33.8910000Z"},"Body":{"ID": "EAN546055286600819997", "timestamp": "2024-02-16T10:56:39.818997", "total_cons": 1491.2283664592528, "current_cons": 4.454574232752013}}
{"EnqueuedTimeUtc":"2024-02-16T09:56:43.9400000Z","Properties":{},"SystemProperties":{"messageId":"25a61e68-8192-415d-b89a-d8ba96649b2c","connectionDeviceId":"gas","connectionAuthMethod":"{\"scope\":\"device\",\"type\":\"sas\",\"issuer\":\"iothub\",\"acceptingIpFilterRule\":null}","connectionDeviceGenerationId":"638436705133358401","contentType":"application/json","contentEncoding":"utf-8","enqueuedTime":"2024-02-16T09:56:43.9400000Z"},"Body":{"ID": "EAN546055286600819997", "timestamp": "2024-02-16T10:56:49.864997", "total_cons": 1491.572896175378, "current_cons": 0.34452971612523686}}
{"EnqueuedTimeUtc":"2024-02-16T09:56:53.9800000Z","Properties":{},"SystemProperties":{"messageId":"db556c86-cff7-4416-8f5a-5f21fd7d8fe4","connectionDeviceId":"gas","connectionAuthMethod":"{\"scope\":\"device\",\"type\":\"sas\",\"issuer\":\"iothub\",\"acceptingIpFilterRule\":null}","connectionDeviceGenerationId":"638436705133358401","contentType":"application/json","contentEncoding":"utf-8","enqueuedTime":"2024-02-16T09:56:53.9800000Z"},"Body":{"ID": "EAN546055286600819997", "timestamp": "2024-02-16T10:56:59.911819", "total_cons": 1493.0361792485667, "current_cons": 1.4632830731886137}}
{"EnqueuedTimeUtc":"2024-02-16T09:57:04.0450000Z","Properties":{},"SystemProperties":{"messageId":"310a9866-3141-4872-b8e3-8336f15e5c18","connectionDeviceId":"gas","connectionAuthMethod":"{\"scope\":\"device\",\"type\":\"sas\",\"issuer\":\"iothub\",\"acceptingIpFilterRule\":null}","connectionDeviceGenerationId":"638436705133358401","contentType":"application/json","contentEncoding":"utf-8","enqueuedTime":"2024-02-16T09:57:04.0450000Z"},"Body":{"ID": "EAN546055286600819997", "timestamp": "2024-02-16T10:57:09.963806", "total_cons": 1501.050799199248, "current_cons": 8.014619950681487}}
{"EnqueuedTimeUtc":"2024-02-16T09:57:14.0960000Z","Properties":{},"SystemProperties":{"messageId":"5b8a6a27-7dfe-4fe0-8986-5d052c6d9714","connectionDeviceId":"gas","connectionAuthMethod":"{\"scope\":\"device\",\"type\":\"sas\",\"issuer\":\"iothub\",\"acceptingIpFilterRule\":null}","connectionDeviceGenerationId":"638436705133358401","contentType":"application/json","contentEncoding":"utf-8","enqueuedTime":"2024-02-16T09:57:14.0960000Z"},"Body":{"ID": "EAN546055286600819997", "timestamp": "2024-02-16T10:57:20.003278", "total_cons": 1508.4808942738455, "current_cons": 7.430095074597341}}
{"EnqueuedTimeUtc":"2024-02-16T09:57:24.2230000Z","Properties":{},"SystemProperties":{"messageId":"acde7660-42ed-4d74-95b4-e744e6e42970","connectionDeviceId":"gas","connectionAuthMethod":"{\"scope\":\"device\",\"type\":\"sas\",\"issuer\":\"iothub\",\"acceptingIpFilterRule\":null}","connectionDeviceGenerationId":"638436705133358401","contentType":"application/json","contentEncoding":"utf-8","enqueuedTime":"2024-02-16T09:57:24.2230000Z"},"Body":{"ID": "EAN546055286600819997", "timestamp": "2024-02-16T10:57:30.151724", "total_cons": 1513.5221111789435, "current_cons": 5.041216905098126}}