{"EnqueuedTimeUtc":"2024-02-16T09:18:13.1180000Z","Properties":{},"SystemProperties":{"messageId":"e4d3bec6-d61d-41bb-917f-db0c525dc201","connectionDeviceId":"electricity","connectionAuthMethod":"{\"scope\":\"device\",\"type\":\"sas\",\"issuer\":\"iothub\",\"acceptingIpFilterRule\":null}","connectionDeviceGenerationId":"638436705062889146","contentType":"application/json","contentEncoding":"utf-8","enqueuedTime":"2024-02-16T09:18:13.1180000Z"},"Body":{"ID": "EAN543075800162607807", "timestamp": "2024-02-16T10:18:18.682232", "rate_1_total": 432.0483630053719, "rate_2_total": 0.0, "current_rate": 1, "L1_cons": 0.46841913389963175, "L1_prod": 0.0, "L1_voltage": 234.52164795846727, "L1_current": 7.3299809585577265}}
{"EnqueuedTimeUtc":"2024-02-16T09:18:18.2120000Z","Properties":{},"SystemProperties":{"messageId":"6f3745fe-5ec9-4893-94e0-19fb32a90c7a","connectionDeviceId":"electricity","connectionAuthMethod":"{\"scope\":\"device\",\"type\":\"sas\",\"issuer\":\"iothub\",\"acceptingIpFilterRule\":null}","connectionDeviceGenerationId":"638436705062889146","contentType":"application/json","contentEncoding":"utf-8","enqueuedTime":"2024-02-16T09:18:18.2120000Z"},"Body":{"ID": "EAN543075800162607807", "timestamp": "2024-02-16T10:18:24.144292", "rate_1_total": 434.7691936894926, "rate_2_total": 0.0, "current_rate": 1, "L1_cons": 2.720830684120674, "L1_prod": 0.0, "L1_voltage": 238.70960070707815, "L1_current": 9.84501615272633}}
{"EnqueuedTimeUtc":"2024-02-16T09:18:23.2430000Z","Properties":{},"SystemProperties":{"messageId":"1c3dd227-6a5c-4714-a4dd-805b1b61efb3","connectionDeviceId":"electricity","connectionAuthMethod":"{\"scope\":\"device\",\"type\":\"sas\",\"issuer\":\"iothub\",\"acceptingIpFilterRule\":null}","connectionDeviceGenerationId":"638436705062889146","contentType":"application/json","contentEncoding":"utf-8","enqueuedTime":"2024-02-16T09:18:23.2430000Z"},"Body":{"ID": "EAN543075800162607807", "timestamp": "2024-02-16T10:18:29.181151", "rate_1_total": 439.6315458227714, "rate_2_total": 0.0, "current_rate": 1, "L1_cons": 4.862352133278784, "L1_prod": 0.0, "L1_voltage": 233.94892078525774, "L1_current": 1.0074032319741866}}
{"EnqueuedTimeUtc":"2024-02-16T09:18:28.2760000Z","Properties":{},"SystemProperties":{"messageId":"07a15bb2-0ffd-4db3-a2e7-c3c8c26cb04e","connectionDeviceId":"electricity","connectionAuthMethod":"{\"scope\":\"device\",\"type\":\"sas\",\"issuer\":\"iothub\",\"acceptingIpFilterRule\":null}","connectionDeviceGenerationId":"638436705062889146","contentType":"application/json","contentEncoding":"utf-8","enqueuedTime":"2024-02-16T09:18:28.2760000Z"},"Body":{"ID": "EAN543075800162607807", "timestamp": "2024-02-16T10:18:34.213945", "rate_1_total": 439.84740212999384, "rate_2_total": 0.0, "current_rate": 1, "L1_cons": 0.21585630722243906, "L1_prod": 0.0, "L1_voltage": 239.7809425534335, "L1_current": 7.243324648728285}}
{"EnqueuedTimeUtc":"2024-02-16T09:18:33.3070000Z","Properties":{},"SystemProperties":{"messageId":"4312b766-290c-4f7a-9f9d-633a099f5825","connectionDeviceId":"electricity","connectionAuthMethod":"{\"scope\":\"device\",\"type\":\"sas\",\"issuer\":\"iothub\",\"acceptingIpFilterRule\":null}","connectionDeviceGenerationId":"638436705062889146","contentType":"application/json","contentEncoding":"utf-8","enqueuedTime":"2024-02-16T09:18:33.3070000Z"},"Body":{"ID": "EAN543075800162607807", "timestamp": "2024-02-16T10:18:39.252770", "rate_1_total": 441.3558799464219, "rate_2_total": 0.0, "current_rate": 1, "L1_cons": 1.5084778164280672, "L1_prod": 0.0, "L1_voltage": 231.57212605268532, "L1_current": 5.689858580765119}}
{"EnqueuedTimeUtc":"2024-02-16T09:18:38.3550000Z","Properties":{},"SystemProperties":{"messageId":"671cf548-3ce2-4443-9239-d710526e4e49","connectionDeviceId":"electricity","connectionAuthMethod":"{\"scope\":\"device\",\"type\":\"sas\",\"issuer\":\"iothub\",\"acceptingIpFilterRule\":null}","connectionDeviceGenerationId":"638436705062889146","contentType":"application/json","contentEncoding":"utf-8","enqueuedTime":"2024-02-16T09:18:38.3550000Z"},"Body":{"ID": "EAN543075800162607807", "timestamp": "2024-02-16T10:18:44.296430", "rate_1_total": 442.29562196212237, "rate_2_total": 0.0, "current_rate": 1, "L1_cons": 0.9397420157004848, "L1_prod": 0.0, "L1_voltage": 231.03199229712249, "L1_current": 9.514943191084622}}
{"EnqueuedTimeUtc":"2024-02-16T09:18:43.3870000Z","Properties":{},"SystemProperties":{"messageId":"8d911cab-cd75-4bf0-b327-2bc5a8bb6001","connectionDeviceId":"electricity","connectionAuthMethod":"{\"scope\":\"device\",\"type\":\"sas\",\"issuer\":\"iothub\",\"acceptingIpFilterRule\":null}","connectionDeviceGenerationId":"638436705062889146","contentType":"application/json","contentEncoding":"utf-8","enqueuedTime":"2024-02-16T09:18:43.3870000Z"},"Body":{"ID": "EAN543075800162607807", "timestamp": "2024-02-16T10:18:49.323285", "rate_1_total": 446.7931744793578, "rate_2_total": 0.0, "current_rate": 1, "L1_cons": 4.497552517235424, "L1_prod": 0.0, "L1_voltage": 231.36267778348648, "L1_current": 3.954581519706223}}
{"EnqueuedTimeUtc":"2024-02-16T09:18:48.4180000Z","Properties":{},"SystemProperties":{"messageId":"eea7995b-8423-4a08-81b5-cb08969ce433","connectionDeviceId":"electricity","connectionAuthMethod":"{\"scope\":\"device\",\"type\":\"sas\",\"issuer\":\"iothub\",\"acceptingIpFilterRule\":null}","connectionDeviceGenerationId":"638436705062889146","contentType":"application/json","contentEncoding":"utf-8","enqueuedTime":"2024-02-16T09:18:48.4180000Z"},"Body":{"ID": "EAN543075800162607807", "timestamp": "2024-02-16T10:18:54.358972", "rate_1_total": 450.8624494055672, "rate_2_total": 0.0, "current_rate": 1, "L1_cons": 4.069274926209375, "L1_prod": 0.0, "L1_voltage": 234.25259949782327, "L1_current": 4.774731373946224}}
{"EnqueuedTimeUtc":"2024-02-16T09:18:53.4660000Z","Properties":{},"SystemProperties":{"messageId":"8dc936eb-710c-469c-ac68-c1ff1704d006","connectionDeviceId":"electricity","connectionAuthMethod":"{\"scope\":\"device\",\"type\":\"sas\",\"issuer\":\"iothub\",\"acceptingIpFilterRule\":null}","connectionDeviceGenerationId":"638436705062889146","contentType":"application/json","contentEncoding":"utf-8","enqueuedTime":"2024-02-16T09:18:53.4660000Z"},"Body":{"ID": "EAN543075800162607807", "timestamp": "2024-02-16T10:18:59.402105", "rate_1_total": 454.5356249357485, "rate_2_total": 0.0, "current_rate": 1, "L1_cons": 3.6731755301812825, "L1_prod": 0.0, "L1_voltage": 230.2369651798001, "L1_current": 0.8171399467724255}}
{"EnqueuedTimeUtc":"2024-02-16T09:18:58.4980000Z","Properties":{},"SystemProperties":{"messageId":"3370d582-e746-44fb-b873-5dc510d0bc8c","connectionDeviceId":"electricity","connectionAuthMethod":"{\"scope\":\"device\",\"type\":\"sas\",\"issuer\":\"iothub\",\"acceptingIpFilterRule\":null}","connectionDeviceGenerationId":"638436705062889146","contentType":"application/json","contentEncoding":"utf-8","enqueuedTime":"2024-02-16T09:18:58.4980000Z"},"Body":{"ID": "EAN543075800162607807", "timestamp": "2024-02-16T10:19:04.436259", "rate_1_total": 457.80440231564563, "rate_2_total": 0.0, "current_rate": 1, "L1_cons": 3.2687773798971502, "L1_prod": 0.0, "L1_voltage": 237.11237424413332, "L1_current": 4.792475874617967}}
{"EnqueuedTimeUtc":"2024-02-16T09:19:03.5290000Z","Properties":{},"SystemProperties":{"messageId":"e1b65210-639e-4106-ac9e-f15a14997fec","connectionDeviceId":"electricity","connectionAuthMethod":"{\"scope\":\"device\",\"type\":\"sas\",\"issuer\":\"iothub\",\"acceptingIpFilterRule\":null}","connectionDeviceGenerationId":"638436705062889146","contentType":"application/json","contentEncoding":"utf-8","enqueuedTime":"2024-02-16T09:19:03.5290000Z"},"Body":{"ID": "EAN543075800162607807", "timestamp": "2024-02-16T10:19:09.475222", "rate_1_total": 458.44095827246247, "rate_2_total": 0.0, "current_rate": 1, "L1_cons": 0.6365559568168273, "L1_prod": 0.0, "L1_voltage": 231.9977169675143, "L1_current": 1.299916353442148}}
{"EnqueuedTimeUtc":"2024-02-16T09:19:08.5770000Z","Properties":{},"SystemProperties":{"messageId":"042da71e-8801-4e20-b8bf-8208ead18809","connectionDeviceId":"electricity","connectionAuthMethod":"{\"scope\":\"device\",\"type\":\"sas\",\"issuer\":\"iothub\",\"acceptingIpFilterRule\":null}","connectionDeviceGenerationId":"638436705062889146","contentType":"application/json","contentEncoding":"utf-8","enqueuedTime":"2024-02-16T09:19:08.5770000Z"},"Body":{"ID": "EAN543075800162607807", "timestamp": "2024-02-16T10:19:14.516864", "rate_1_total": 462.2003743905087, "rate_2_total": 0.0, "current_rate": 1, "L1_cons": 3.7594161180462544, "L1_prod": 0.0, "L1_voltage": 234.65180058542958, "L1_current": 9.013958209239105}}
{"EnqueuedTimeUtc":"2024-02-16T09:19:13.6240000Z","Properties":{},"SystemProperties":{"messageId":"5e646f70-b225-40e4-b87a-fa345d8d86f8","connectionDeviceId":"electricity","connectionAuthMethod":"{\"scope\":\"device\",\"type\":\"sas\",\"issuer\":\"iothub\",\"acceptingIpFilterRule\":null}","connectionDeviceGenerationId":"638436705062889146","contentType":"application/json","contentEncoding":"utf-8","enqueuedTime":"2024-02-16T09:19:13.6240000Z"},"Body":{"ID": "EAN543075800162607807", "timestamp": "2024-02-16T10:19:19.545037", "rate_1_total": 462.50095033045415, "rate_2_total": 0.0, "current_rate": 1, "L1_cons": 0.30057593994543735, "L1_prod": 0.0, "L1_voltage": 233.63645134954962, "L1_current": 7.178846373496866}}
{"EnqueuedTimeUtc":"2024-02-16T09:19:18.6550000Z","Properties":{},"SystemProperties":{"messageId":"46a7f134-bc38-45e9-a8e6-1a20126f183f","connectionDeviceId":"electricity","connectionAuthMethod":"{\"scope\":\"device\",\"type\":\"sas\",\"issuer\":\"iothub\",\"acceptingIpFilterRule\":null}","connectionDeviceGenerationId":"638436705062889146","contentType":"application/json","contentEncoding":"utf-8","enqueuedTime":"2024-02-16T09:19:18.6550000Z"},"Body":{"ID": "EAN543075800162607807", "timestamp": "2024-02-16T10:19:24.601398", "rate_1_total": 462.9066168321666, "rate_2_total": 0.0, "current_rate": 1, "L1_cons": 0.40566650171248375, "L1_prod": 0.0, "L1_voltage": 238.67490796943062, "L1_current": 4.6398159148686435}}
{"EnqueuedTimeUtc":"2024-02-16T09:19:23.6880000Z","Properties":{},"SystemProperties":{"messageId":"48505695-14b8-4dc3-a412-cb01fbf2df4e","connectionDeviceId":"electricity","connectionAuthMethod":"{\"scope\":\"device\",\"type\":\"sas\",\"issuer\":\"iothub\",\"acceptingIpFilterRule\":null}","connectionDeviceGenerationId":"638436705062889146","contentType":"application/json","contentEncoding":"utf-8","enqueuedTime":"2024-02-16T09:19:23.6880000Z"},"Body":{"ID": "EAN543075800162607807", "timestamp": "2024-02-16T10:19:29.632146", "rate_1_total": 463.57756182483246, "rate_2_total": 0.0, "current_rate": 1, "L1_cons": 0.6709449926658314, "L1_prod": 0.0, "L1_voltage": 238.43826251146152, "L1_current": 1.085335632048388}}
{"EnqueuedTimeUtc":"2024-02-16T09:19:28.7340000Z","Properties":{},"SystemProperties":{"messageId":"bf71c9a1-16c2-4c67-8eec-d32bfc799f8e","connectionDeviceId":"electricity","connectionAuthMethod":"{\"scope\":\"device\",\"type\":\"sas\",\"issuer\":\"iothub\",\"acceptingIpFilterRule\":null}","connectionDeviceGenerationId":"638436705062889146","contentType":"application/json","contentEncoding":"utf-8","enqueuedTime":"2024-02-16T09:19:28.7340000Z"},"Body":{"ID": "EAN543075800162607807", "timestamp": "2024-02-16T10:19:34.671082", "rate_1_total": 465.5694966964441, "rate_2_total": 0.0, "current_rate": 1, "L1_cons": 1.991934871611631, "L1_prod": 0.0, "L1_voltage": 235.24628867360542, "L1_current": 6.998752662519637}}
{"EnqueuedTimeUtc":"2024-02-16T09:19:33.7660000Z","Properties":{},"SystemProperties":{"messageId":"64b44dee-e5e5-4cc4-bb54-a8e23b0fb8b5","connectionDeviceId":"electricity","connectionAuthMethod":"{\"scope\":\"device\",\"type\":\"sas\",\"issuer\":\"iothub\",\"acceptingIpFilterRule\":null}","connectionDeviceGenerationId":"638436705062889146","contentType":"application/json","contentEncoding":"utf-8","enqueuedTime":"2024-02-16T09:19:33.7660000Z"},"Body":{"ID": "EAN543075800162607807", "timestamp": "2024-02-16T10:19:39.712171", "rate_1_total": 466.6361483910696, "rate_2_total": 0.0, "current_rate": 1, "L1_cons": 1.0666516946254738, "L1_prod": 0.0, "L1_voltage": 239.78403250970075, "L1_current": 8.15352681773945}}
{"EnqueuedTimeUtc":"2024-02-16T09:19:38.7990000Z","Properties":{},"SystemProperties":{"messageId":"f4ac976c-bcf8-477a-90fe-23e367eb722a","connectionDeviceId":"electricity","connectionAuthMethod":"{\"scope\":\"device\",\"type\":\"sas\",\"issuer\":\"iothub\",\"acceptingIpFilterRule\":null}","connectionDeviceGenerationId":"638436705062889146","contentType":"application/json","contentEncoding":"utf-8","enqueuedTime":"2024-02-16T09:19:38.7990000Z"},"Body":{"ID": "EAN543075800162607807", "timestamp": "2024-02-16T10:19:44.738997", "rate_1_total": 469.1493740476902, "rate_2_total": 0.0, "current_rate": 1, "L1_cons": 2.5132256566206173, "L1_prod": 0.0, "L1_voltage": 230.91240117832135, "L1_current": 13.255816034276354}}
{"EnqueuedTimeUtc":"2024-02-16T09:19:43.8300000Z","Properties":{},"SystemProperties":{"messageId":"ed8b916f-2e94-444c-b1ca-21d55a9c9f97","connectionDeviceId":"electricity","connectionAuthMethod":"{\"scope\":\"device\",\"type\":\"sas\",\"issuer\":\"iothub\",\"acceptingIpFilterRule\":null}","connectionDeviceGenerationId":"638436705062889146","contentType":"application/json","contentEncoding":"utf-8","enqueuedTime":"2024-02-16T09:19:43.8300000Z"},"Body":{"ID": "EAN543075800162607807", "timestamp": "2024-02-16T10:19:49.776306", "rate_1_total": 469.51326006922994, "rate_2_total": 0.0, "current_rate": 1, "L1_cons": 0.36388602153975413, "L1_prod": 0.0, "L1_voltage": 239.17072756939598, "L1_current": 6.740972728497622}}
{"EnqueuedTimeUtc":"2024-02-16T09:19:48.8770000Z","Properties":{},"SystemProperties":{"messageId":"7d33c34a-ecd9-4905-be29-4a777c23a150","connectionDeviceId":"electricity","connectionAuthMethod":"{\"scope\":\"device\",\"type\":\"sas\",\"issuer\":\"iothub\",\"acceptingIpFilterRule\":null}","connectionDeviceGenerationId":"638436705062889146","contentType":"application/json","contentEncoding":"utf-8","enqueuedTime":"2024-02-16T09:19:48.8770000Z"},"Body":{"ID": "EAN543075800162607807", "timestamp": "2024-02-16T10:19:54.816783", "rate_1_total": 470.6066485202502, "rate_2_total": 0.0, "current_rate": 1, "L1_cons": 1.0933884510202596, "L1_prod": 0.0, "L1_voltage": 237.5967671193669, "L1_current": 8.690236887020642}}
{"EnqueuedTimeUtc":"2024-02-16T09:19:53.9090000Z","Properties":{},"SystemProperties":{"messageId":"4f2272e1-ee94-4a81-a3fd-0ef607ac744c","connectionDeviceId":"electricity","connectionAuthMethod":"{\"scope\":\"device\",\"type\":\"sas\",\"issuer\":\"iothub\",\"acceptingIpFilterRule\":null}","connectionDeviceGenerationId":"638436705062889146","contentType":"application/json","contentEncoding":"utf-8","enqueuedTime":"2024-02-16T09:19:53.9090000Z"},"Body":{"ID": "EAN543075800162607807", "timestamp": "2024-02-16T10:19:59.847103", "rate_1_total": 474.5855900005013, "rate_2_total": 0.0, "current_rate": 1, "L1_cons": 3.9789414802511387, "L1_prod": 0.0, "L1_voltage": 236.81654205087884, "L1_current": 1.5564596465855376}}
{"EnqueuedTimeUtc":"2024-02-16T09:19:58.9410000Z","Properties":{},"SystemProperties":{"messageId":"218fe83a-66de-488d-81c4-2aad9886a778","connectionDeviceId":"electricity","connectionAuthMethod":"{\"scope\":\"device\",\"type\":\"sas\",\"issuer\":\"iothub\",\"acceptingIpFilterRule\":null}","connectionDeviceGenerationId":"638436705062889146","contentType":"application/json","contentEncoding":"utf-8","enqueuedTime":"2024-02-16T09:19:58.9410000Z"},"Body":{"ID": "EAN543075800162607807", "timestamp": "2024-02-16T10:20:04.884061", "rate_1_total": 475.53687281852314, "rate_2_total": 0.0, "current_rate": 1, "L1_cons": 0.9512828180218073, "L1_prod": 0.0, "L1_voltage": 235.21611221668977, "L1_current": 0.5615660802656305}}
{"EnqueuedTimeUtc":"2024-02-16T09:20:03.9880000Z","Properties":{},"SystemProperties":{"messageId":"8fec8a10-cd1e-4bde-ae8a-d8eba5ec045e","connectionDeviceId":"electricity","connectionAuthMethod":"{\"scope\":\"device\",\"type\":\"sas\",\"issuer\":\"iothub\",\"acceptingIpFilterRule\":null}","connectionDeviceGenerationId":"638436705062889146","contentType":"application/json","contentEncoding":"utf-8","enqueuedTime":"2024-02-16T09:20:03.9880000Z"},"Body":{"ID": "EAN543075800162607807", "timestamp": "2024-02-16T10:20:09.920485", "rate_1_total": 479.5373246336164, "rate_2_total": 0.0, "current_rate": 1, "L1_cons": 4.000451815093257, "L1_prod": 0.0, "L1_voltage": 235.22645854761947, "L1_current": 7.60490085962816}}
{"EnqueuedTimeUtc":"2024-02-16T09:20:09.0040000Z","Properties":{},"SystemProperties":{"messageId":"ba7bf387-d522-4593-8645-ff786f1546c6","connectionDeviceId":"electricity","connectionAuthMethod":"{\"scope\":\"device\",\"type\":\"sas\",\"issuer\":\"iothub\",\"acceptingIpFilterRule\":null}","connectionDeviceGenerationId":"638436705062889146","contentType":"application/json","contentEncoding":"utf-8","enqueuedTime":"2024-02-16T09:20:09.0040000Z"},"Body":{"ID": "EAN543075800162607807", "timestamp": "2024-02-16T10:20:14.949591", "rate_1_total": 482.9566262320716, "rate_2_total": 0.0, "current_rate": 1, "L1_cons": 3.419301598455188, "L1_prod": 0.0, "L1_voltage": 232.08770293207863, "L1_current": 6.19073718597659}}
{"EnqueuedTimeUtc":"2024-02-16T09:20:14.0520000Z","Properties":{},"SystemProperties":{"messageId":"e02ff963-de3c-4567-a51f-25200454f9d6","connectionDeviceId":"electricity","connectionAuthMethod":"{\"scope\":\"device\",\"type\":\"sas\",\"issuer\":\"iothub\",\"acceptingIpFilterRule\":null}","connectionDeviceGenerationId":"638436705062889146","contentType":"application/json","contentEncoding":"utf-8","enqueuedTime":"2024-02-16T09:20:14.0520000Z"},"Body":{"ID": "EAN543075800162607807", "timestamp": "2024-02-16T10:20:19.985565", "rate_1_total": 483.603281956382, "rate_2_total": 0.0, "current_rate": 1, "L1_cons": 0.6466557243103903, "L1_prod": 0.0, "L1_voltage": 239.7957233543259, "L1_current": 14.536446992761155}}
{"EnqueuedTimeUtc":"2024-02-16T09:20:19.1300000Z","Properties":{},"SystemProperties":{"messageId":"8d36d7c7-141a-4132-aa3d-79cce71ed7c8","connectionDeviceId":"electricity","connectionAuthMethod":"{\"scope\":\"device\",\"type\":\"sas\",\"issuer\":\"iothub\",\"acceptingIpFilterRule\":null}","connectionDeviceGenerationId":"638436705062889146","contentType":"application/json","contentEncoding":"utf-8","enqueuedTime":"2024-02-16T09:20:19.1300000Z"},"Body":{"ID": "EAN543075800162607807", "timestamp": "2024-02-16T10:20:25.037919", "rate_1_total": 487.0354767642402, "rate_2_total": 0.0, "current_rate": 1, "L1_cons": 3.43219480785817, "L1_prod": 0.0, "L1_voltage": 235.79650716175928, "L1_current": 4.934600022426592}}
{"EnqueuedTimeUtc":"2024-02-16T09:20:24.1460000Z","Properties":{},"SystemProperties":{"messageId":"b9503403-02dd-4c37-9220-298f1744c444","connectionDeviceId":"electricity","connectionAuthMethod":"{\"scope\":\"device\",\"type\":\"sas\",\"issuer\":\"iothub\",\"acceptingIpFilterRule\":null}","connectionDeviceGenerationId":"638436705062889146","contentType":"application/json","contentEncoding":"utf-8","enqueuedTime":"2024-02-16T09:20:24.1460000Z"},"Body":{"ID": "EAN543075800162607807", "timestamp": "2024-02-16T10:20:30.092508", "rate_1_total": 488.0688830861355, "rate_2_total": 0.0, "current_rate": 1, "L1_cons": 1.033406321895319, "L1_prod": 0.0, "L1_voltage": 238.68662164646952, "L1_current": 5.477148924634133}}