{"EnqueuedTimeUtc":"2024-02-16T09:20:29.1940000Z","Properties":{},"SystemProperties":{"messageId":"69c1ace0-d0d0-42cf-998a-80057c39b968","connectionDeviceId":"electricity","connectionAuthMethod":"{\"scope\":\"device\",\"type\":\"sas\",\"issuer\":\"iothub\",\"acceptingIpFilterRule\":null}","connectionDeviceGenerationId":"638436705062889146","contentType":"application/json","contentEncoding":"utf-8","enqueuedTime":"2024-02-16T09:20:29.1940000Z"},"Body":{"ID": "EAN543075800162607807", "timestamp": "2024-02-16T10:20:35.130426", "rate_1_total": 490.95113368785667, "rate_2_total": 0.0, "current_rate": 1, "L1_cons": 2.882250601721161, "L1_prod": 0.0, "L1_voltage": 238.28746987555988, "L1_current": 6.700402786630147}}
{"EnqueuedTimeUtc":"2024-02-16T09:20:34.2250000Z","Properties":{},"SystemProperties":{"messageId":"b889a237-859b-408e-820f-82db97aeb670","connectionDeviceId":"electricity","connectionAuthMethod":"{\"scope\":\"device\",\"type\":\"sas\",\"issuer\":\"iothub\",\"acceptingIpFilterRule\":null}","connectionDeviceGenerationId":"638436705062889146","contentType":"application/json","contentEncoding":"utf-8","enqueuedTime":"2024-02-16T09:20:34.2250000Z"},"Body":{"ID": "EAN543075800162607807", "timestamp": "2024-02-16T10:20:40.158379", "rate_1_total": 492.19397265240235, "rate_2_total": 0.0, "current_rate": 1, "L1_cons": 1.2428389645457065, "L1_prod": 0.0, "L1_voltage": 234.20070108445765, "L1_current": 3.597851097773612}}
{"EnqueuedTimeUtc":"2024-02-16T09:20:39.4920000Z","Properties":{},"SystemProperties":{"messageId":"50f6ded5-00cd-4ffb-8c1a-6ac9e554e0eb","connectionDeviceId":"electricity","connectionAuthMethod":"{\"scope\":\"device\",\"type\":\"sas\",\"issuer\":\"iothub\",\"acceptingIpFilterRule\":null}","connectionDeviceGenerationId":"638436705062889146","contentType":"application/json","contentEncoding":"utf-8","enqueuedTime":"2024-02-16T09:20:39.4920000Z"},"Body":{"ID": "EAN543075800162607807", "timestamp": "2024-02-16T10:20:45.196135", "rate_1_total": 492.9101280072758, "rate_2_total": 0.0, "current_rate": 1, "L1_cons": 0.7161553548734457, "L1_prod": 0.0, "L1_voltage": 235.70216317199052, "L1_current": 11.63281104860354}}
{"EnqueuedTimeUtc":"2024-02-16T09:20:44.5390000Z","Properties":{},"SystemProperties":{"messageId":"36c22cf0-5831-4dd8-8d0d-81a576645484","connectionDeviceId":"electricity","connectionAuthMethod":"{\"scope\":\"device\",\"type\":\"sas\",\"issuer\":\"iothub\",\"acceptingIpFilterRule\":null}","connectionDeviceGenerationId":"638436705062889146","contentType":"application/json","contentEncoding":"utf-8","enqueuedTime":"2024-02-16T09:20:44.5390000Z"},"Body":{"ID": "EAN543075800162607807", "timestamp": "2024-02-16T10:20:50.475151", "rate_1_total": 495.5322183296191, "rate_2_total": 0.0, "current_rate": 1, "L1_cons": 2.6220903223433303, "L1_prod": 0.0, "L1_voltage": 231.5735944533727, "L1_current": 2.005608939487545}}
{"EnqueuedTimeUtc":"2024-02-16T09:20:49.5700000Z","Properties":{},"SystemProperties":{"messageId":"ffc47ed4-0570-4250-9775-b77805cfec95","connectionDeviceId":"electricity","connectionAuthMethod":"{\"scope\":\"device\",\"type\":\"sas\",\"issuer\":\"iothub\",\"acceptingIpFilterRule\":null}","connectionDeviceGenerationId":"638436705062889146","contentType":"application/json","contentEncoding":"utf-8","enqueuedTime":"2024-02-16T09:20:49.5700000Z"},"Body":{"ID": "EAN543075800162607807", "timestamp": "2024-02-16T10:20:55.504661", "rate_1_total": 500.3143902592925, "rate_2_total": 0.0, "current_rate": 1, "L1_cons": 4.782171929673363, "L1_prod": 0.0, "L1_voltage": 238.24092015263992, "L1_current": 13.499068609645718}}
{"EnqueuedTimeUtc":"2024-02-16T09:20:54.6010000Z","Properties":{},"SystemProperties":{"messageId":"15801fc9-6a48-42ae-9c8d-5b65d174e0ae","connectionDeviceId":"electricity","connectionAuthMethod":"{\"scope\":\"device\",\"type\":\"sas\",\"issuer\":\"iothub\",\"acceptingIpFilterRule\":null}","connectionDeviceGenerationId":"638436705062889146","contentType":"application/json","contentEncoding":"utf-8","enqueuedTime":"2024-02-16T09:20:54.6010000Z"},"Body":{"ID": "EAN543075800162607807", "timestamp": "2024-02-16T10:21:00.546739", "rate_1_total": 505.0456796636096, "rate_2_total": 0.0, "current_rate": 1, "L1_cons": 4.731289404317071, "L1_prod": 0.0, "L1_voltage": 239.7073871371127, "L1_current": 12.65412987867066}}
{"EnqueuedTimeUtc":"2024-02-16T09:20:59.6500000Z","Properties":{},"SystemProperties":{"messageId":"d94610f0-7331-42c6-bca1-33b9e92ff0ea","connectionDeviceId":"electricity","connectionAuthMethod":"{\"scope\":\"device\",\"type\":\"sas\",\"issuer\":\"iothub\",\"acceptingIpFilterRule\":null}","connectionDeviceGenerationId":"638436705062889146","contentType":"application/json","contentEncoding":"utf-8","enqueuedTime":"2024-02-16T09:20:59.6500000Z"},"Body":{"ID": "EAN543075800162607807", "timestamp": "2024-02-16T10:21:05.586841", "rate_1_total": 508.2253382557246, "rate_2_total": 0.0, "current_rate": 1, "L1_cons": 3.179658592114993, "L1_prod": 0.0, "L1_voltage": 232.136164162512, "L1_current": 9.192681977951423}}
{"EnqueuedTimeUtc":"2024-02-16T09:21:04.6810000Z","Properties":{},"SystemProperties":{"messageId":"2a8373d1-31c3-4dff-91f9-992d41fc01ae","connectionDeviceId":"electricity","connectionAuthMethod":"{\"scope\":\"device\",\"type\":\"sas\",\"issuer\":\"iothub\",\"acceptingIpFilterRule\":null}","connectionDeviceGenerationId":"638436705062889146","contentType":"application/json","contentEncoding":"utf-8","enqueuedTime":"2024-02-16T09:21:04.6810000Z"},"Body":{"ID": "EAN543075800162607807", "timestamp": "2024-02-16T10:21:10.615378", "rate_1_total": 509.51019177421364, "rate_2_total": 0.0, "current_rate": 1, "L1_cons": 1.2848535184890635, "L1_prod": 0.0, "L1_voltage": 237.13583859888274, "L1_current": 4.151077689659377}}
{"EnqueuedTimeUtc":"2024-02-16T09:21:09.7120000Z","Properties":{},"SystemProperties":{"messageId":"24734381-ac23-4337-84f7-8bc9bad4d45b","connectionDeviceId":"electricity","connectionAuthMethod":"{\"scope\":\"device\",\"type\":\"sas\",\"issuer\":\"iothub\",\"acceptingIpFilterRule\":null}","connectionDeviceGenerationId":"638436705062889146","contentType":"application/json","contentEncoding":"utf-8","enqueuedTime":"2024-02-16T09:21:09.7120000Z"},"Body":{"ID": "EAN543075800162607807", "timestamp": "2024-02-16T10:21:15.652055", "rate_1_total": 509.99180040096456, "rate_2_total": 0.0, "current_rate": 1, "L1_cons": 0.48160862675092164, "L1_prod": 0.0, "L1_voltage": 235.15465538561503, "L1_current": 9.527194212179486}}
{"EnqueuedTimeUtc":"2024-02-16T09:21:14.7600000Z","Properties":{},"SystemProperties":{"messageId":"92f48db2-ee7d-46af-a120-15f2d182b5a9","connectionDeviceId":"electricity","connectionAuthMethod":"{\"scope\":\"device\",\"type\":\"sas\",\"issuer\":\"iothub\",\"acceptingIpFilterRule\":null}","connectionDeviceGenerationId":"638436705062889146","contentType":"application/json","contentEncoding":"utf-8","enqueuedTime":"2024-02-16T09:21:14.7600000Z"},"Body":{"ID": "EAN543075800162607807", "timestamp": "2024-02-16T10:21:20.689923", "rate_1_total": 512.773450119421, "rate_2_total": 0.0, "current_rate": 1, "L1_cons": 2.781649718456475, "L1_prod": 0.0, "L1_voltage": 238.5481688628559, "L1_current": 13.297312695937759}}
{"EnqueuedTimeUtc":"2024-02-16T09:21:19.7760000Z","Properties":{},"SystemProperties":{"messageId":"e15c0b1e-7d50-4b2e-a6f9-b365c42b7f20","connectionDeviceId":"electricity","connectionAuthMethod":"{\"scope\":\"device\",\"type\":\"sas\",\"issuer\":\"iothub\",\"acceptingIpFilterRule\":null}","connectionDeviceGenerationId":"638436705062889146","contentType":"application/json","contentEncoding":"utf-8","enqueuedTime":"2024-02-16T09:21:19.7760000Z"},"Body":{"ID": "EAN543075800162607807", "timestamp": "2024-02-16T10:21:25.720251", "rate_1_total": 514.1996854975184, "rate_2_total": 0.0, "current_rate": 1, "L1_cons": 1.4262353780973775, "L1_prod": 0.0, "L1_voltage": 239.89596103232486, "L1_current": 3.310254368586589}}
{"EnqueuedTimeUtc":"2024-02-16T09:21:24.9160000Z","Properties":{},"SystemProperties":{"messageId":"e5f9ad7f-c8cd-4615-8985-9997cbd79f3b","connectionDeviceId":"electricity","connectionAuthMethod":"{\"scope\":\"device\",\"type\":\"sas\",\"issuer\":\"iothub\",\"acceptingIpFilterRule\":null}","connectionDeviceGenerationId":"638436705062889146","contentType":"application/json","contentEncoding":"utf-8","enqueuedTime":"2024-02-16T09:21:24.9160000Z"},"Body":{"ID": "EAN543075800162607807", "timestamp": "2024-02-16T10:21:30.762299", "rate_1_total": 517.7246644748357, "rate_2_total": 0.0, "current_rate": 1, "L1_cons": 3.524978977317179, "L1_prod": 0.0, "L1_voltage": 233.51448941719792, "L1_current": 1.9926809432075252}}