{"EnqueuedTimeUtc":"2024-02-16T09:21:29.9480000Z","Properties":{},"SystemProperties":{"messageId":"696c1823-9fc7-422e-b811-0a92505a58ca","connectionDeviceId":"electricity","connectionAuthMethod":"{\"scope\":\"device\",\"type\":\"sas\",\"issuer\":\"iothub\",\"acceptingIpFilterRule\":null}","connectionDeviceGenerationId":"638436705062889146","contentType":"application/json","contentEncoding":"utf-8","enqueuedTime":"2024-02-16T09:21:29.9480000Z"},"Body":{"ID": "EAN543075800162607807", "timestamp": "2024-02-16T10:21:35.893142", "rate_1_total": 518.0583991241444, "rate_2_total": 0.0, "current_rate": 1, "L1_cons": 0.3337346493088284, "L1_prod": 0.0, "L1_voltage": 238.04034201671132, "L1_current": 8.540116313525662}}
{"EnqueuedTimeUtc":"2024-02-16T09:21:34.9950000Z","Properties":{},"SystemProperties":{"messageId":"52824d5b-c96f-49ea-833d-32a71c222d03","connectionDeviceId":"electricity","connectionAuthMethod":"{\"scope\":\"device\",\"type\":\"sas\",\"issuer\":\"iothub\",\"acceptingIpFilterRule\":null}","connectionDeviceGenerationId":"638436705062889146","contentType":"application/json","contentEncoding":"utf-8","enqueuedTime":"2024-02-16T09:21:34.9950000Z"},"Body":{"ID": "EAN543075800162607807", "timestamp": "2024-02-16T10:21:40.928197", "rate_1_total": 518.5891945777114, "rate_2_total": 0.0, "current_rate": 1, "L1_cons": 0.530795453566967, "L1_prod": 0.0, "L1_voltage": 239.44149209721434, "L1_current": 12.14061794019263}}
{"EnqueuedTimeUtc":"2024-02-16T09:21:40.0270000Z","Properties":{},"SystemProperties":{"messageId":"1ddabba9-4aee-4abf-b5a7-a381e73a0e18","connectionDeviceId":"electricity","connectionAuthMethod":"{\"scope\":\"device\",\"type\":\"sas\",\"issuer\":\"iothub\",\"acceptingIpFilterRule\":null}","connectionDeviceGenerationId":"638436705062889146","contentType":"application/json","contentEncoding":"utf-8","enqueuedTime":"2024-02-16T09:21:40.0270000Z"},"Body":{"ID": "EAN543075800162607807", "timestamp": "2024-02-16T10:21:45.966290", "rate_1_total": 522.9990862559197, "rate_2_total": 0.0, "current_rate": 1, "L1_cons": 4.409891678208313, "L1_prod": 0.0, "L1_voltage": 235.13421207695256, "L1_current": 9.429225345122786}}
{"EnqueuedTimeUtc":"2024-02-16T09:21:45.0590000Z","Properties":{},"SystemProperties":{"messageId":"a61f8325-fec0-4f72-b4dd-6698818317f3","connectionDeviceId":"electricity","connectionAuthMethod":"{\"scope\":\"device\",\"type\":\"sas\",\"issuer\":\"iothub\",\"acceptingIpFilterRule\":null}","connectionDeviceGenerationId":"638436705062889146","contentType":"application/json","contentEncoding":"utf-8","enqueuedTime":"2024-02-16T09:21:45.0590000Z"},"Body":{"ID": "EAN543075800162607807", "timestamp": "2024-02-16T10:21:51.000108", "rate_1_total": 527.0337734687803, "rate_2_total": 0.0, "current_rate": 1, "L1_cons": 4.0346872128606135, "L1_prod": 0.0, "L1_voltage": 232.8791824575586, "L1_current": 6.045384155035219}}
{"EnqueuedTimeUtc":"2024-02-16T09:21:50.1070000Z","Properties":{},"SystemProperties":{"messageId":"d83a6cef-1ad9-4d73-82e4-67c9fdc49ef7","connectionDeviceId":"electricity","connectionAuthMethod":"{\"scope\":\"device\",\"type\":\"sas\",\"issuer\":\"iothub\",\"acceptingIpFilterRule\":null}","connectionDeviceGenerationId":"638436705062889146","contentType":"application/json","contentEncoding":"utf-8","enqueuedTime":"2024-02-16T09:21:50.1070000Z"},"Body":{"ID": "EAN543075800162607807", "timestamp": "2024-02-16T10:21:56.039444", "rate_1_total": 530.5514895829075, "rate_2_total": 0.0, "current_rate": 1, "L1_cons": 3.5177161141272215, "L1_prod": 0.0, "L1_voltage": 232.44175511958554, "L1_current": 3.8766392557973823}}
{"EnqueuedTimeUtc":"2024-02-16T09:21:55.1380000Z","Properties":{},"SystemProperties":{"messageId":"6e55dcdc-2f52-4659-90bc-983560bdb41f","connectionDeviceId":"electricity","connectionAuthMethod":"{\"scope\":\"device\",\"type\":\"sas\",\"issuer\":\"iothub\",\"acceptingIpFilterRule\":null}","connectionDeviceGenerationId":"638436705062889146","contentType":"application/json","contentEncoding":"utf-8","enqueuedTime":"2024-02-16T09:21:55.1380000Z"},"Body":{"ID": "EAN543075800162607807", "timestamp": "2024-02-16T10:22:01.076573", "rate_1_total": 534.1934403885482, "rate_2_total": 0.0, "current_rate": 1, "L1_cons": 3.641950805640759, "L1_prod": 0.0, "L1_voltage": 233.98016170075343, "L1_current": 1.879681377590932}}
{"EnqueuedTimeUtc":"2024-02-16T09:22:00.1700000Z","Properties":{},"SystemProperties":{"messageId":"7cd486b3-b2ec-4566-ae7f-7a75dc52b4d1","connectionDeviceId":"electricity","connectionAuthMethod":"{\"scope\":\"device\",\"type\":\"sas\",\"issuer\":\"iothub\",\"acceptingIpFilterRule\":null}","connectionDeviceGenerationId":"638436705062889146","contentType":"application/json","contentEncoding":"utf-8","enqueuedTime":"2024-02-16T09:22:00.1700000Z"},"Body":{"ID": "EAN543075800162607807", "timestamp": "2024-02-16T10:22:06.108653", "rate_1_total": 538.8483505271496, "rate_2_total": 0.0, "current_rate": 1, "L1_cons": 4.654910138601438, "L1_prod": 0.0, "L1_voltage": 238.87182583296445, "L1_current": 11.445435389097733}}
{"EnqueuedTimeUtc":"2024-02-16T09:22:05.2180000Z","Properties":{},"SystemProperties":{"messageId":"3198c5bd-564e-4a43-b48e-688369aa37ef","connectionDeviceId":"electricity","connectionAuthMethod":"{\"scope\":\"device\",\"type\":\"sas\",\"issuer\":\"iothub\",\"acceptingIpFilterRule\":null}","connectionDeviceGenerationId":"638436705062889146","contentType":"application/json","contentEncoding":"utf-8","enqueuedTime":"2024-02-16T09:22:05.2180000Z"},"Body":{"ID": "EAN543075800162607807", "timestamp": "2024-02-16T10:22:11.146886", "rate_1_total": 543.8279825239881, "rate_2_total": 0.0, "current_rate": 1, "L1_cons": 4.979631996838484, "L1_prod": 0.0, "L1_voltage": 238.08489656167959, "L1_current": 12.71524890962901}}
{"EnqueuedTimeUtc":"2024-02-16T09:22:10.2490000Z","Properties":{},"SystemProperties":{"messageId":"d80c772b-285e-4077-8fc4-74629fb81d81","connectionDeviceId":"electricity","connectionAuthMethod":"{\"scope\":\"device\",\"type\":\"sas\",\"issuer\":\"iothub\",\"acceptingIpFilterRule\":null}","connectionDeviceGenerationId":"638436705062889146","contentType":"application/json","contentEncoding":"utf-8","enqueuedTime":"2024-02-16T09:22:10.2490000Z"},"Body":{"ID": "EAN543075800162607807", "timestamp": "2024-02-16T10:22:16.186920", "rate_1_total": 548.5380760927198, "rate_2_total": 0.0, "current_rate": 1, "L1_cons": 4.7100935687317795, "L1_prod": 0.0, "L1_voltage": 233.70590505631023, "L1_current": 8.538979644840472}}
{"EnqueuedTimeUtc":"2024-02-16T09:22:15.2810000Z","Properties":{},"SystemProperties":{"messageId":"b105d982-7d5e-4473-ad12-dfd847210855","connectionDeviceId":"electricity","connectionAuthMethod":"{\"scope\":\"device\",\"type\":\"sas\",\"issuer\":\"iothub\",\"acceptingIpFilterRule\":null}","connectionDeviceGenerationId":"638436705062889146","contentType":"application/json","contentEncoding":"utf-8","enqueuedTime":"2024-02-16T09:22:15.2810000Z"},"Body":{"ID": "EAN543075800162607807", "timestamp": "2024-02-16T10:22:21.218714", "rate_1_total": 551.7566125221759, "rate_2_total": 0.0, "current_rate": 1, "L1_cons": 3.2185364294560945, "L1_prod": 0.0, "L1_voltage": 231.35834899375885, "L1_current": 1.2750143543225758}}
{"EnqueuedTimeUtc":"2024-02-16T09:22:20.3140000Z","Properties":{},"SystemProperties":{"messageId":"0f97bb56-cbd2-492c-8c6d-55a8119f1793","connectionDeviceId":"electricity","connectionAuthMethod":"{\"scope\":\"device\",\"type\":\"sas\",\"issuer\":\"iothub\",\"acceptingIpFilterRule\":null}","connectionDeviceGenerationId":"638436705062889146","contentType":"application/json","contentEncoding":"utf-8","enqueuedTime":"2024-02-16T09:22:20.3140000Z"},"Body":{"ID": "EAN543075800162607807", "timestamp": "2024-02-16T10:22:26.255259", "rate_1_total": 553.1266400644722, "rate_2_total": 0.0, "current_rate": 1, "L1_cons": 1.3700275422962689, "L1_prod": 0.0, "L1_voltage": 231.68391230684549, "L1_current": 12.406495239985079}}
{"EnqueuedTimeUtc":"2024-02-16T09:22:25.3610000Z","Properties":{},"SystemProperties":{"messageId":"2ae723f2-1243-4d35-9d18-de8710344a63","connectionDeviceId":"electricity","connectionAuthMethod":"{\"scope\":\"device\",\"type\":\"sas\",\"issuer\":\"iothub\",\"acceptingIpFilterRule\":null}","connectionDeviceGenerationId":"638436705062889146","contentType":"application/json","contentEncoding":"utf-8","enqueuedTime":"2024-02-16T09:22:25.3610000Z"},"Body":{"ID": "EAN543075800162607807", "timestamp": "2024-02-16T10:22:31.291930", "rate_1_total": 556.7140014322355, "rate_2_total": 0.0, "current_rate": 1, "L1_cons": 3.58736136776321, "L1_prod": 0.0, "L1_voltage": 234.57203909058708, "L1_current": 12.777291930322235}}