{"EnqueuedTimeUtc":"2024-02-16T09:22:30.3920000Z","Properties":{},"SystemProperties":{"messageId":"de04cba5-3653-4372-b3ff-81fcb7f7cd62","connectionDeviceId":"electricity","connectionAuthMethod":"{\"scope\":\"device\",\"type\":\"sas\",\"issuer\":\"iothub\",\"acceptingIpFilterRule\":null}","connectionDeviceGenerationId":"638436705062889146","contentType":"application/json","contentEncoding":"utf-8","enqueuedTime":"2024-02-16T09:22:30.3920000Z"},"Body":{"ID": "EAN543075800162607807", "timestamp": "2024-02-16T10:22:36.322333", "rate_1_total": 559.5266342223981, "rate_2_total": 0.0, "current_rate": 1, "L1_cons": 2.812632790162583, "L1_prod": 0.0, "L1_voltage": 236.01763708067799, "L1_current": 12.132308758791323}}
{"EnqueuedTimeUtc":"2024-02-16T09:22:35.4260000Z","Properties":{},"SystemProperties":{"messageId":"d9f2b20b-a344-4fc1-b559-976e67eeec23","connectionDeviceId":"electricity","connectionAuthMethod":"{\"scope\":\"device\",\"type\":\"sas\",\"issuer\":\"iothub\",\"acceptingIpFilterRule\":null}","connectionDeviceGenerationId":"638436705062889146","contentType":"application/json","contentEncoding":"utf-8","enqueuedTime":"2024-02-16T09:22:35.4260000Z"},"Body":{"ID": "EAN543075800162607807", "timestamp": "2024-02-16T10:22:41.361606", "rate_1_total": 562.621171215249, "rate_2_total": 0.0, "current_rate": 1, "L1_cons": 3.094536992850841, "L1_prod": 0.0, "L1_voltage": 230.915022595649, "L1_current": 13.464678974498655}}
{"EnqueuedTimeUtc":"2024-02-16T09:22:40.4550000Z","Properties":{},"SystemProperties":{"messageId":"d1d8b9f6-5a7a-4bb5-bdaf-3ba220547d6f","connectionDeviceId":"electricity","connectionAuthMethod":"{\"scope\":\"device\",\"type\":\"sas\",\"issuer\":\"iothub\",\"acceptingIpFilterRule\":null}","connectionDeviceGenerationId":"638436705062889146","contentType":"application/json","contentEncoding":"utf-8","enqueuedTime":"2024-02-16T09:22:40.4550000Z"},"Body":{"ID": "EAN543075800162607807", "timestamp": "2024-02-16T10:22:46.394492", "rate_1_total": 563.8721968627009, "rate_2_total": 0.0, "current_rate": 1, "L1_cons": 1.2510256474519448, "L1_prod": 0.0, "L1_voltage": 230.28710256634454, "L1_current": 10.464671051875412}}
{"EnqueuedTimeUtc":"2024-02-16T09:22:45.5020000Z","Properties":{},"SystemProperties":{"messageId":"517fa92e-e1e1-4405-b18d-c68deda5a73d","connectionDeviceId":"electricity","connectionAuthMethod":"{\"scope\":\"device\",\"type\":\"sas\",\"issuer\":\"iothub\",\"acceptingIpFilterRule\":null}","connectionDeviceGenerationId":"638436705062889146","contentType":"application/json","contentEncoding":"utf-8","enqueuedTime":"2024-02-16T09:22:45.5020000Z"},"Body":{"ID": "EAN543075800162607807", "timestamp": "2024-02-16T10:22:51.435114", "rate_1_total": 564.4598344944053, "rate_2_total": 0.0, "current_rate": 1, "L1_cons": 0.5876376317043647, "L1_prod": 0.0, "L1_voltage": 230.92478381496238, "L1_current": 8.835962464315264}}
{"EnqueuedTimeUtc":"2024-02-16T09:22:50.5490000Z","Properties":{},"SystemProperties":{"messageId":"83eea645-4123-4240-ba00-43031fd5d64b","connectionDeviceId":"electricity","connectionAuthMethod":"{\"scope\":\"device\",\"type\":\"sas\",\"issuer\":\"iothub\",\"acceptingIpFilterRule\":null}","connectionDeviceGenerationId":"638436705062889146","contentType":"application/json","contentEncoding":"utf-8","enqueuedTime":"2024-02-16T09:22:50.5490000Z"},"Body":{"ID": "EAN543075800162607807", "timestamp": "2024-02-16T10:22:56.476943", "rate_1_total": 569.3194688200668, "rate_2_total": 0.0, "current_rate": 1, "L1_cons": 4.859634325661545, "L1_prod": 0.0, "L1_voltage": 237.0768996742595, "L1_current": 12.68880885858282}}
{"EnqueuedTimeUtc":"2024-02-16T09:22:55.5650000Z","Properties":{},"SystemProperties":{"messageId":"922f05b7-1a10-4691-bbd1-e4c32d1228f8","connectionDeviceId":"electricity","connectionAuthMethod":"{\"scope\":\"device\",\"type\":\"sas\",\"issuer\":\"iothub\",\"acceptingIpFilterRule\":null}","connectionDeviceGenerationId":"638436705062889146","contentType":"application/json","contentEncoding":"utf-8","enqueuedTime":"2024-02-16T09:22:55.5650000Z"},"Body":{"ID": "EAN543075800162607807", "timestamp": "2024-02-16T10:23:01.507104", "rate_1_total": 570.3997316076184, "rate_2_total": 0.0, "current_rate": 1, "L1_cons": 1.08026278755149, "L1_prod": 0.0, "L1_voltage": 232.26858565977733, "L1_current": 14.4241026457975}}
{"EnqueuedTimeUtc":"2024-02-16T09:23:00.6450000Z","Properties":{},"SystemProperties":{"messageId":"a18639f1-a85a-48ac-a207-ab6993fd3198","connectionDeviceId":"electricity","connectionAuthMethod":"{\"scope\":\"device\",\"type\":\"sas\",\"issuer\":\"iothub\",\"acceptingIpFilterRule\":null}","connectionDeviceGenerationId":"638436705062889146","contentType":"application/json","contentEncoding":"utf-8","enqueuedTime":"2024-02-16T09:23:00.6450000Z"},"Body":{"ID": "EAN543075800162607807", "timestamp": "2024-02-16T10:23:06.544838", "rate_1_total": 570.9711928630063, "rate_2_total": 0.0, "current_rate": 1, "L1_cons": 0.5714612553879835, "L1_prod": 0.0, "L1_voltage": 231.88862817084836, "L1_current": 13.032685539155553}}
{"EnqueuedTimeUtc":"2024-02-16T09:23:05.6930000Z","Properties":{},"SystemProperties":{"messageId":"f37fc8fe-51ca-45e0-9920-0d7f05ce0fae","connectionDeviceId":"electricity","connectionAuthMethod":"{\"scope\":\"device\",\"type\":\"sas\",\"issuer\":\"iothub\",\"acceptingIpFilterRule\":null}","connectionDeviceGenerationId":"638436705062889146","contentType":"application/json","contentEncoding":"utf-8","enqueuedTime":"2024-02-16T09:23:05.6930000Z"},"Body":{"ID": "EAN543075800162607807", "timestamp": "2024-02-16T10:23:11.621316", "rate_1_total": 574.0040143631974, "rate_2_total": 0.0, "current_rate": 1, "L1_cons": 3.0328215001910954, "L1_prod": 0.0, "L1_voltage": 237.11993523302536, "L1_current": 5.897954867380383}}
{"EnqueuedTimeUtc":"2024-02-16T09:23:10.7240000Z","Properties":{},"SystemProperties":{"messageId":"c6f80bf2-4dc8-49a6-8271-28429eb4eb74","connectionDeviceId":"electricity","connectionAuthMethod":"{\"scope\":\"device\",\"type\":\"sas\",\"issuer\":\"iothub\",\"acceptingIpFilterRule\":null}","connectionDeviceGenerationId":"638436705062889146","contentType":"application/json","contentEncoding":"utf-8","enqueuedTime":"2024-02-16T09:23:10.7240000Z"},"Body":{"ID": "EAN543075800162607807", "timestamp": "2024-02-16T10:23:16.655196", "rate_1_total": 578.1952268321099, "rate_2_total": 0.0, "current_rate": 1, "L1_cons": 4.191212468912534, "L1_prod": 0.0, "L1_voltage": 232.84737899463462, "L1_current": 11.04269406153131}}
{"EnqueuedTimeUtc":"2024-02-16T09:23:15.7570000Z","Properties":{},"SystemProperties":{"messageId":"832fdb5b-503c-4985-891f-e247c2d7b120","connectionDeviceId":"electricity","connectionAuthMethod":"{\"scope\":\"device\",\"type\":\"sas\",\"issuer\":\"iothub\",\"acceptingIpFilterRule\":null}","connectionDeviceGenerationId":"638436705062889146","contentType":"application/json","contentEncoding":"utf-8","enqueuedTime":"2024-02-16T09:23:15.7570000Z"},"Body":{"ID": "EAN543075800162607807", "timestamp": "2024-02-16T10:23:21.696199", "rate_1_total": 579.6132544910595, "rate_2_total": 0.0, "current_rate": 1, "L1_cons": 1.4180276589494882, "L1_prod": 0.0, "L1_voltage": 237.32970786166916, "L1_current": 3.763020358348395}}
{"EnqueuedTimeUtc":"2024-02-16T09:23:20.8060000Z","Properties":{},"SystemProperties":{"messageId":"d5dae7fe-460f-44ca-b732-25211a121c25","connectionDeviceId":"electricity","connectionAuthMethod":"{\"scope\":\"device\",\"type\":\"sas\",\"issuer\":\"iothub\",\"acceptingIpFilterRule\":null}","connectionDeviceGenerationId":"638436705062889146","contentType":"application/json","contentEncoding":"utf-8","enqueuedTime":"2024-02-16T09:23:20.8060000Z"},"Body":{"ID": "EAN548667170232852675", "timestamp": "2024-02-16T10:23:26.739822", "rate_1_total": -579.916919068764, "rate_2_total": 0.0, "current_rate": 1, "L1_cons": -0.30366457770449384, "L1_prod": 0.0, "L1_voltage": 239.8013835028893, "L1_current": 4.253144176429156}}
{"EnqueuedTimeUtc":"2024-02-16T09:23:25.8390000Z","Properties":{},"SystemProperties":{"messageId":"6ca1d462-b820-4e82-8c03-8daa96e2be60","connectionDeviceId":"electricity","connectionAuthMethod":"{\"scope\":\"device\",\"type\":\"sas\",\"issuer\":\"iothub\",\"acceptingIpFilterRule\":null}","connectionDeviceGenerationId":"638436705062889146","contentType":"application/json","contentEncoding":"utf-8","enqueuedTime":"2024-02-16T09:23:25.8390000Z"},"Body":{"ID": "EAN543075800162607807", "timestamp": "2024-02-16T10:23:31.771156", "rate_1_total": 583.3200934712339, "rate_2_total": 0.0, "current_rate": 1, "L1_cons": 3.4031744024699533, "L1_prod": 0.0, "L1_voltage": 236.82945198758932, "L1_current": 3.678049920482522}}