{"EnqueuedTimeUtc":"2024-02-16T09:23:30.8700000Z","Properties":{},"SystemProperties":{"messageId":"6b3219cd-f6a3-43f3-b9ed-0a687a53074c","connectionDeviceId":"electricity","connectionAuthMethod":"{\"scope\":\"device\",\"type\":\"sas\",\"issuer\":\"iothub\",\"acceptingIpFilterRule\":null}","connectionDeviceGenerationId":"638436705062889146","contentType":"application/json","contentEncoding":"utf-8","enqueuedTime":"2024-02-16T09:23:30.8700000Z"},"Body":{"ID": "EAN543075800162607807", "timestamp": "2024-02-16T10:23:36.810796", "rate_1_total": 587.9486296518331, "rate_2_total": 0.0, "current_rate": 1, "L1_cons": 4.628536180599206, "L1_prod": 0.0, "L1_voltage": 237.66086726009448, "L1_current": 11.60632125398029}}
{"EnqueuedTimeUtc":"2024-02-16T09:23:35.9020000Z","Properties":{},"SystemProperties":{"messageId":"1cb7d979-baac-4b2c-9ea5-dd31aa1abc83","connectionDeviceId":"electricity","connectionAuthMethod":"{\"scope\":\"device\",\"type\":\"sas\",\"issuer\":\"iothub\",\"acceptingIpFilterRule\":null}","connectionDeviceGenerationId":"638436705062889146","contentType":"application/json","contentEncoding":"utf-8","enqueuedTime":"2024-02-16T09:23:35.9020000Z"},"Body":{"ID": "EAN543075800162607807", "timestamp": "2024-02-16T10:23:41.841741", "rate_1_total": 589.8061738578081, "rate_2_total": 0.0, "current_rate": 1, "L1_cons": 1.8575442059748761, "L1_prod": 0.0, "L1_voltage": 237.42291870508902, "L1_current": 8.722778810869343}}
{"EnqueuedTimeUtc":"2024-02-16T09:23:40.9500000Z","Properties":{},"SystemProperties":{"messageId":"63dce947-c7a6-4170-b757-fd6aa8e4b6ef","connectionDeviceId":"electricity","connectionAuthMethod":"{\"scope\":\"device\",\"type\":\"sas\",\"issuer\":\"iothub\",\"acceptingIpFilterRule\":null}","connectionDeviceGenerationId":"638436705062889146","contentType":"application/json","contentEncoding":"utf-8","enqueuedTime":"2024-02-16T09:23:40.9500000Z"},"Body":{"ID": "EAN543075800162607807", "timestamp": "2024-02-16T10:23:46.880936", "rate_1_total": 594.5886524024364, "rate_2_total": 0.0, "current_rate": 1, "L1_cons": 4.782478544628357, "L1_prod": 0.0, "L1_voltage": 238.23598518332778, "L1_current": 14.401047899077948}}
{"EnqueuedTimeUtc":"2024-02-16T09:23:45.9810000Z","Properties":{},"SystemProperties":{"messageId":"bb0ab236-aca4-4aeb-9f2a-8a51793741ba","connectionDeviceId":"electricity","connectionAuthMethod":"{\"scope\":\"device\",\"type\":\"sas\",\"issuer\":\"iothub\",\"acceptingIpFilterRule\":null}","connectionDeviceGenerationId":"638436705062889146","contentType":"application/json","contentEncoding":"utf-8","enqueuedTime":"2024-02-16T09:23:45.9810000Z"},"Body":{"ID": "EAN543075800162607807", "timestamp": "2024-02-16T10:23:51.920138", "rate_1_total": 596.91224088539, "rate_2_total": 0.0, "current_rate": 1, "L1_cons": 2.3235884829536166, "L1_prod": 0.0, "L1_voltage": 236.34225518276997, "L1_current": 15.797143047327436}}
{"EnqueuedTimeUtc":"2024-02-16T09:23:51.0120000Z","Properties":{},"SystemProperties":{"messageId":"d598fddb-a831-425c-9016-b0565c481d21","connectionDeviceId":"electricity","connectionAuthMethod":"{\"scope\":\"device\",\"type\":\"sas\",\"issuer\":\"iothub\",\"acceptingIpFilterRule\":null}","connectionDeviceGenerationId":"638436705062889146","contentType":"application/json","contentEncoding":"utf-8","enqueuedTime":"2024-02-16T09:23:51.0120000Z"},"Body":{"ID": "EAN543075800162607807", "timestamp": "2024-02-16T10:23:56.953374", "rate_1_total": 600.5512319057974, "rate_2_total": 0.0, "current_rate": 1, "L1_cons": 3.6389910204074027, "L1_prod": 0.0, "L1_voltage": 239.07382219928593, "L1_current": 2.51325580445341}}
{"EnqueuedTimeUtc":"2024-02-16T09:23:56.0600000Z","Properties":{},"SystemProperties":{"messageId":"305a98c6-b90f-4d47-893c-e9773b5426c0","connectionDeviceId":"electricity","connectionAuthMethod":"{\"scope\":\"device\",\"type\":\"sas\",\"issuer\":\"iothub\",\"acceptingIpFilterRule\":null}","connectionDeviceGenerationId":"638436705062889146","contentType":"application/json","contentEncoding":"utf-8","enqueuedTime":"2024-02-16T09:23:56.0600000Z"},"Body":{"ID": "EAN543075800162607807", "timestamp": "2024-02-16T10:24:01.993268", "rate_1_total": 605.5290815342506, "rate_2_total": 0.0, "current_rate": 1, "L1_cons": 4.977849628453185, "L1_prod": 0.0, "L1_voltage": 233.78522138350525, "L1_current": 14.512952057404084}}
{"EnqueuedTimeUtc":"2024-02-16T09:24:01.1070000Z","Properties":{},"SystemProperties":{"messageId":"db9741fd-f08f-4f90-ad0f-56fa623509b3","connectionDeviceId":"electricity","connectionAuthMethod":"{\"scope\":\"device\",\"type\":\"sas\",\"issuer\":\"iothub\",\"acceptingIpFilterRule\":null}","connectionDeviceGenerationId":"638436705062889146","contentType":"application/json","contentEncoding":"utf-8","enqueuedTime":"2024-02-16T09:24:01.1070000Z"},"Body":{"ID": "EAN543075800162607807", "timestamp": "2024-02-16T10:24:07.034668", "rate_1_total": 610.2997170180575, "rate_2_total": 0.0, "current_rate": 1, "L1_cons": 4.770635483806872, "L1_prod": 0.0, "L1_voltage": 233.39620426445828, "L1_current": 0.8340346175903538}}
{"EnqueuedTimeUtc":"2024-02-16T09:24:06.1260000Z","Properties":{},"SystemProperties":{"messageId":"283ca42d-8bc5-457e-a3ce-61b1d8993194","connectionDeviceId":"electricity","connectionAuthMethod":"{\"scope\":\"device\",\"type\":\"sas\",\"issuer\":\"iothub\",\"acceptingIpFilterRule\":null}","connectionDeviceGenerationId":"638436705062889146","contentType":"application/json","contentEncoding":"utf-8","enqueuedTime":"2024-02-16T09:24:06.1260000Z"},"Body":{"ID": "EAN543075800162607807", "timestamp": "2024-02-16T10:24:12.065135", "rate_1_total": 614.7726112493639, "rate_2_total": 0.0, "current_rate": 1, "L1_cons": 4.472894231306342, "L1_prod": 0.0, "L1_voltage": 231.95315108578922, "L1_current": 11.83868065621839}}
{"EnqueuedTimeUtc":"2024-02-16T09:24:11.1730000Z","Properties":{},"SystemProperties":{"messageId":"2d9e6f34-0747-4e34-940c-437dee034117","connectionDeviceId":"electricity","connectionAuthMethod":"{\"scope\":\"device\",\"type\":\"sas\",\"issuer\":\"iothub\",\"acceptingIpFilterRule\":null}","connectionDeviceGenerationId":"638436705062889146","contentType":"application/json","contentEncoding":"utf-8","enqueuedTime":"2024-02-16T09:24:11.1730000Z"},"Body":{"ID": "EAN543075800162607807", "timestamp": "2024-02-16T10:24:17.105481", "rate_1_total": 619.4059456803454, "rate_2_total": 0.0, "current_rate": 1, "L1_cons": 4.633334430981598, "L1_prod": 0.0, "L1_voltage": 235.2012971066625, "L1_current": 13.835745582869372}}
{"EnqueuedTimeUtc":"2024-02-16T09:24:16.2040000Z","Properties":{},"SystemProperties":{"messageId":"e595fdd9-b435-47f6-98fc-e14589b7e787","connectionDeviceId":"electricity","connectionAuthMethod":"{\"scope\":\"device\",\"type\":\"sas\",\"issuer\":\"iothub\",\"acceptingIpFilterRule\":null}","connectionDeviceGenerationId":"638436705062889146","contentType":"application/json","contentEncoding":"utf-8","enqueuedTime":"2024-02-16T09:24:16.2040000Z"},"Body":{"ID": "EAN543075800162607807", "timestamp": "2024-02-16T10:24:22.143502", "rate_1_total": 620.293422153342, "rate_2_total": 0.0, "current_rate": 1, "L1_cons": 0.8874764729965762, "L1_prod": 0.0, "L1_voltage": 236.31229205411208, "L1_current": 13.544665366051353}}
{"EnqueuedTimeUtc":"2024-02-16T09:24:21.2360000Z","Properties":{},"SystemProperties":{"messageId":"f4cfd444-f55d-4ba0-86c7-a0f41a6241fa","connectionDeviceId":"electricity","connectionAuthMethod":"{\"scope\":\"device\",\"type\":\"sas\",\"issuer\":\"iothub\",\"acceptingIpFilterRule\":null}","connectionDeviceGenerationId":"638436705062889146","contentType":"application/json","contentEncoding":"utf-8","enqueuedTime":"2024-02-16T09:24:21.2360000Z"},"Body":{"ID": "EAN543075800162607807", "timestamp": "2024-02-16T10:24:27.178868", "rate_1_total": 624.5530650803369, "rate_2_total": 0.0, "current_rate": 1, "L1_cons": 4.259642926994837, "L1_prod": 0.0, "L1_voltage": 239.25480583658944, "L1_current": 9.121669860984776}}
{"EnqueuedTimeUtc":"2024-02-16T09:24:26.2830000Z","Properties":{},"SystemProperties":{"messageId":"3161336c-2754-4266-b1d5-526cf6e7c649","connectionDeviceId":"electricity","connectionAuthMethod":"{\"scope\":\"device\",\"type\":\"sas\",\"issuer\":\"iothub\",\"acceptingIpFilterRule\":null}","connectionDeviceGenerationId":"638436705062889146","contentType":"application/json","contentEncoding":"utf-8","enqueuedTime":"2024-02-16T09:24:26.2830000Z"},"Body":{"ID": "EAN543075800162607807", "timestamp": "2024-02-16T10:24:32.219507", "rate_1_total": 627.5493277737961, "rate_2_total": 0.0, "current_rate": 1, "L1_cons": 2.996262693459188, "L1_prod": 0.0, "L1_voltage": 236.47229569705055, "L1_current": 6.502201630882238}}