{"EnqueuedTimeUtc":"2024-02-16T09:24:31.3300000Z","Properties":{},"SystemProperties":{"messageId":"dcb5b949-e8e5-4dda-ad5b-094130069e04","connectionDeviceId":"electricity","connectionAuthMethod":"{\"scope\":\"device\",\"type\":\"sas\",\"issuer\":\"iothub\",\"acceptingIpFilterRule\":null}","connectionDeviceGenerationId":"638436705062889146","contentType":"application/json","contentEncoding":"utf-8","enqueuedTime":"2024-02-16T09:24:31.3300000Z"},"Body":{"ID": "EAN543075800162607807", "timestamp": "2024-02-16T10:24:37.260952", "rate_1_total": 627.8855287222506, "rate_2_total": 0.0, "current_rate": 1, "L1_cons": 0.3362009484544548, "L1_prod": 0.0, "L1_voltage": 233.11873529233742, "L1_current": 0.9302767905757575}}
{"EnqueuedTimeUtc":"2024-02-16T09:24:36.3450000Z","Properties":{},"SystemProperties":{"messageId":"421d3f47-be48-438a-9f32-8a127bfb7b38","connectionDeviceId":"electricity","connectionAuthMethod":"{\"scope\":\"device\",\"type\":\"sas\",\"issuer\":\"iothub\",\"acceptingIpFilterRule\":null}","connectionDeviceGenerationId":"638436705062889146","contentType":"application/json","contentEncoding":"utf-8","enqueuedTime":"2024-02-16T09:24:36.3450000Z"},"Body":{"ID": "EAN543075800162607807", "timestamp": "2024-02-16T10:24:42.287903", "rate_1_total": 632.0214478745426, "rate_2_total": 0.0, "current_rate": 1, "L1_cons": 4.135919152292013, "L1_prod": 0.0, "L1_voltage": 239.59332456211973, "L1_current": 4.725476758116517}}
{"EnqueuedTimeUtc":"2024-02-16T09:24:41.3920000Z","Properties":{},"SystemProperties":{"messageId":"81790d48-5afa-4074-869a-7fec968c25be","connectionDeviceId":"electricity","connectionAuthMethod":"{\"scope\":\"device\",\"type\":\"sas\",\"issuer\":\"iothub\",\"acceptingIpFilterRule\":null}","connectionDeviceGenerationId":"638436705062889146","contentType":"application/json","contentEncoding":"utf-8","enqueuedTime":"2024-02-16T09:24:41.3920000Z"},"Body":{"ID": "EAN543075800162607807", "timestamp": "2024-02-16T10:24:47.323939", "rate_1_total": 636.1881773363602, "rate_2_total": 0.0, "current_rate": 1, "L1_cons": 4.1667294618176545, "L1_prod": 0.0, "L1_voltage": 232.25724637039966, "L1_current": 14.032300711575541}}
{"EnqueuedTimeUtc":"2024-02-16T09:24:46.4250000Z","Properties":{},"SystemProperties":{"messageId":"212a6d84-b8af-4267-8ff2-ec37237d2d8c","connectionDeviceId":"electricity","connectionAuthMethod":"{\"scope\":\"device\",\"type\":\"sas\",\"issuer\":\"iothub\",\"acceptingIpFilterRule\":null}","connectionDeviceGenerationId":"638436705062889146","contentType":"application/json","contentEncoding":"utf-8","enqueuedTime":"2024-02-16T09:24:46.4250000Z"},"Body":{"ID": "EAN543075800162607807", "timestamp": "2024-02-16T10:24:52.361421", "rate_1_total": 637.9087163215, "rate_2_total": 0.0, "current_rate": 1, "L1_cons": 1.7205389851398194, "L1_prod": 0.0, "L1_voltage": 232.63037242120683, "L1_current": 14.641666983485068}}
{"EnqueuedTimeUtc":"2024-02-16T09:24:51.4730000Z","Properties":{},"SystemProperties":{"messageId":"ca8ae274-5916-4350-9869-674de2ca3591","connectionDeviceId":"electricity","connectionAuthMethod":"{\"scope\":\"device\",\"type\":\"sas\",\"issuer\":\"iothub\",\"acceptingIpFilterRule\":null}","connectionDeviceGenerationId":"638436705062889146","contentType":"application/json","contentEncoding":"utf-8","enqueuedTime":"2024-02-16T09:24:51.4730000Z"},"Body":{"ID": "EAN543075800162607807", "timestamp": "2024-02-16T10:24:57.401568", "rate_1_total": 641.5779121021565, "rate_2_total": 0.0, "current_rate": 1, "L1_cons": 3.669195780656401, "L1_prod": 0.0, "L1_voltage": 231.53459244642053, "L1_current": 10.890740175927109}}
{"EnqueuedTimeUtc":"2024-02-16T09:24:56.5040000Z","Properties":{},"SystemProperties":{"messageId":"740e4fde-508b-433c-9c98-a96ef88a6c0c","connectionDeviceId":"electricity","connectionAuthMethod":"{\"scope\":\"device\",\"type\":\"sas\",\"issuer\":\"iothub\",\"acceptingIpFilterRule\":null}","connectionDeviceGenerationId":"638436705062889146","contentType":"application/json","contentEncoding":"utf-8","enqueuedTime":"2024-02-16T09:24:56.5040000Z"},"Body":{"ID": "EAN543075800162607807", "timestamp": "2024-02-16T10:25:02.442632", "rate_1_total": 646.1215611283448, "rate_2_total": 0.0, "current_rate": 1, "L1_cons": 4.543649026188268, "L1_prod": 0.0, "L1_voltage": 233.7344048853968, "L1_current": 3.1224246369881845}}
{"EnqueuedTimeUtc":"2024-02-16T09:25:01.5370000Z","Properties":{},"SystemProperties":{"messageId":"812cb303-e4c8-4b39-8386-0541c7f1668c","connectionDeviceId":"electricity","connectionAuthMethod":"{\"scope\":\"device\",\"type\":\"sas\",\"issuer\":\"iothub\",\"acceptingIpFilterRule\":null}","connectionDeviceGenerationId":"638436705062889146","contentType":"application/json","contentEncoding":"utf-8","enqueuedTime":"2024-02-16T09:25:01.5370000Z"},"Body":{"ID": "EAN543075800162607807", "timestamp": "2024-02-16T10:25:07.472390", "rate_1_total": 649.4974758919667, "rate_2_total": 0.0, "current_rate": 1, "L1_cons": 3.3759147636219082, "L1_prod": 0.0, "L1_voltage": 236.9528860033137, "L1_current": 5.115226779276046}}
{"EnqueuedTimeUtc":"2024-02-16T09:25:06.5850000Z","Properties":{},"SystemProperties":{"messageId":"02403b13-fa2a-4191-b9be-d212cfc057b0","connectionDeviceId":"electricity","connectionAuthMethod":"{\"scope\":\"device\",\"type\":\"sas\",\"issuer\":\"iothub\",\"acceptingIpFilterRule\":null}","connectionDeviceGenerationId":"638436705062889146","contentType":"application/json","contentEncoding":"utf-8","enqueuedTime":"2024-02-16T09:25:06.5850000Z"},"Body":{"ID": "EAN543075800162607807", "timestamp": "2024-02-16T10:25:12.521282", "rate_1_total": 652.1554838057768, "rate_2_total": 0.0, "current_rate": 1, "L1_cons": 2.658007913810168, "L1_prod": 0.0, "L1_voltage": 233.8698275901548, "L1_current": 12.742807706368849}}
{"EnqueuedTimeUtc":"2024-02-16T09:25:11.6320000Z","Properties":{},"SystemProperties":{"messageId":"b56efa3b-e8de-4240-af0d-cd9f9a19837e","connectionDeviceId":"electricity","connectionAuthMethod":"{\"scope\":\"device\",\"type\":\"sas\",\"issuer\":\"iothub\",\"acceptingIpFilterRule\":null}","connectionDeviceGenerationId":"638436705062889146","contentType":"application/json","contentEncoding":"utf-8","enqueuedTime":"2024-02-16T09:25:11.6320000Z"},"Body":{"ID": "EAN543075800162607807", "timestamp": "2024-02-16T10:25:17.561060", "rate_1_total": 655.906282163858, "rate_2_total": 0.0, "current_rate": 1, "L1_cons": 3.750798358081158, "L1_prod": 0.0, "L1_voltage": 235.27968381043118, "L1_current": 6.089611644122078}}
{"EnqueuedTimeUtc":"2024-02-16T09:25:16.6480000Z","Properties":{},"SystemProperties":{"messageId":"49679e32-c169-4359-b94a-ef5fe274c3c4","connectionDeviceId":"electricity","connectionAuthMethod":"{\"scope\":\"device\",\"type\":\"sas\",\"issuer\":\"iothub\",\"acceptingIpFilterRule\":null}","connectionDeviceGenerationId":"638436705062889146","contentType":"application/json","contentEncoding":"utf-8","enqueuedTime":"2024-02-16T09:25:16.6480000Z"},"Body":{"ID": "EAN543075800162607807", "timestamp": "2024-02-16T10:25:22.590881", "rate_1_total": 660.1800730692419, "rate_2_total": 0.0, "current_rate": 1, "L1_cons": 4.27379090538391, "L1_prod": 0.0, "L1_voltage": 238.5623055233513, "L1_current": 12.484547980315709}}
{"EnqueuedTimeUtc":"2024-02-16T09:25:21.6950000Z","Properties":{},"SystemProperties":{"messageId":"bcaf116c-7c4d-422c-a7d6-33698d8b522d","connectionDeviceId":"electricity","connectionAuthMethod":"{\"scope\":\"device\",\"type\":\"sas\",\"issuer\":\"iothub\",\"acceptingIpFilterRule\":null}","connectionDeviceGenerationId":"638436705062889146","contentType":"application/json","contentEncoding":"utf-8","enqueuedTime":"2024-02-16T09:25:21.6950000Z"},"Body":{"ID": "EAN543075800162607807", "timestamp": "2024-02-16T10:25:27.635697", "rate_1_total": 662.4487764384265, "rate_2_total": 0.0, "current_rate": 1, "L1_cons": 2.2687033691846237, "L1_prod": 0.0, "L1_voltage": 236.31861366904744, "L1_current": 4.554214822274694}}
{"EnqueuedTimeUtc":"2024-02-16T09:25:26.7430000Z","Properties":{},"SystemProperties":{"messageId":"c6cf10ac-364a-4542-a42b-6490521092f0","connectionDeviceId":"electricity","connectionAuthMethod":"{\"scope\":\"device\",\"type\":\"sas\",\"issuer\":\"iothub\",\"acceptingIpFilterRule\":null}","connectionDeviceGenerationId":"638436705062889146","contentType":"application/json","contentEncoding":"utf-8","enqueuedTime":"2024-02-16T09:25:26.7430000Z"},"Body":{"ID": "EAN543075800162607807", "timestamp": "2024-02-16T10:25:32.672939", "rate_1_total": 667.3170591250337, "rate_2_total": 0.0, "current_rate": 1, "L1_cons": 4.868282686607187, "L1_prod": 0.0, "L1_voltage": 239.18360248737213, "L1_current": 10.26806153215169}}