{"EnqueuedTimeUtc":"2024-02-16T09:25:31.7740000Z","Properties":{},"SystemProperties":{"messageId":"8417a48d-3a17-490d-946d-32e19c54ddd7","connectionDeviceId":"electricity","connectionAuthMethod":"{\"scope\":\"device\",\"type\":\"sas\",\"issuer\":\"iothub\",\"acceptingIpFilterRule\":null}","connectionDeviceGenerationId":"638436705062889146","contentType":"application/json","contentEncoding":"utf-8","enqueuedTime":"2024-02-16T09:25:31.7740000Z"},"Body":{"ID": "EAN543075800162607807", "timestamp": "2024-02-16T10:25:37.703782", "rate_1_total": 667.8121179399512, "rate_2_total": 0.0, "current_rate": 1, "L1_cons": 0.4950588149175445, "L1_prod": 0.0, "L1_voltage": 238.31756499269363, "L1_current": 7.668153243941784}}
{"EnqueuedTimeUtc":"2024-02-16T09:25:36.8060000Z","Properties":{},"SystemProperties":{"messageId":"30cbf03c-be51-4f60-afce-e29e2ce08fc9","connectionDeviceId":"electricity","connectionAuthMethod":"{\"scope\":\"device\",\"type\":\"sas\",\"issuer\":\"iothub\",\"acceptingIpFilterRule\":null}","connectionDeviceGenerationId":"638436705062889146","contentType":"application/json","contentEncoding":"utf-8","enqueuedTime":"2024-02-16T09:25:36.8060000Z"},"Body":{"ID": "EAN543075800162607807", "timestamp": "2024-02-16T10:25:42.740408", "rate_1_total": 670.2976583370603, "rate_2_total": 0.0, "current_rate": 1, "L1_cons": 2.4855403971090166, "L1_prod": 0.0, "L1_voltage": 230.64377212897676, "L1_current": 4.530450027925825}}
{"EnqueuedTimeUtc":"2024-02-16T09:25:41.8380000Z","Properties":{},"SystemProperties":{"messageId":"94e28ccd-304b-4536-ba0d-6607b33545c2","connectionDeviceId":"electricity","connectionAuthMethod":"{\"scope\":\"device\",\"type\":\"sas\",\"issuer\":\"iothub\",\"acceptingIpFilterRule\":null}","connectionDeviceGenerationId":"638436705062889146","contentType":"application/json","contentEncoding":"utf-8","enqueuedTime":"2024-02-16T09:25:41.8380000Z"},"Body":{"ID": "EAN543075800162607807", "timestamp": "2024-02-16T10:25:47.780589", "rate_1_total": 670.3697278142929, "rate_2_total": 0.0, "current_rate": 1, "L1_cons": 0.07206947723258117, "L1_prod": 0.0, "L1_voltage": 234.37554064647568, "L1_current": 8.989104226081997}}
{"EnqueuedTimeUtc":"2024-02-16T09:25:46.8700000Z","Properties":{},"SystemProperties":{"messageId":"56767f80-269b-4de2-aa63-dc75417c2089","connectionDeviceId":"electricity","connectionAuthMethod":"{\"scope\":\"device\",\"type\":\"sas\",\"issuer\":\"iothub\",\"acceptingIpFilterRule\":null}","connectionDeviceGenerationId":"638436705062889146","contentType":"application/json","contentEncoding":"utf-8","enqueuedTime":"2024-02-16T09:25:46.8700000Z"},"Body":{"ID": "EAN543075800162607807", "timestamp": "2024-02-16T10:25:52.812052", "rate_1_total": 672.1594681264163, "rate_2_total": 0.0, "current_rate": 1, "L1_cons": 1.7897403121234154, "L1_prod": 0.0, "L1_voltage": 232.42017429527158, "L1_current": 9.012431527155387}}
{"EnqueuedTimeUtc":"2024-02-16T09:25:51.9170000Z","Properties":{},"SystemProperties":{"messageId":"5d16f6ba-2f30-4301-8434-e93431300da0","connectionDeviceId":"electricity","connectionAuthMethod":"{\"scope\":\"device\",\"type\":\"sas\",\"issuer\":\"iothub\",\"acceptingIpFilterRule\":null}","connectionDeviceGenerationId":"638436705062889146","contentType":"application/json","contentEncoding":"utf-8","enqueuedTime":"2024-02-16T09:25:51.9170000Z"},"Body":{"ID": "EAN543075800162607807", "timestamp": "2024-02-16T10:25:57.848301", "rate_1_total": 672.5030705856152, "rate_2_total": 0.0, "current_rate": 1, "L1_cons": 0.34360245919892674, "L1_prod": 0.0, "L1_voltage": 232.56714159276223, "L1_current": 6.050345478832804}}
{"EnqueuedTimeUtc":"2024-02-16T09:25:56.9350000Z","Properties":{},"SystemProperties":{"messageId":"3f2d2477-12f4-414c-8df0-a97f449c78d0","connectionDeviceId":"electricity","connectionAuthMethod":"{\"scope\":\"device\",\"type\":\"sas\",\"issuer\":\"iothub\",\"acceptingIpFilterRule\":null}","connectionDeviceGenerationId":"638436705062889146","contentType":"application/json","contentEncoding":"utf-8","enqueuedTime":"2024-02-16T09:25:56.9350000Z"},"Body":{"ID": "EAN543075800162607807", "timestamp": "2024-02-16T10:26:02.875925", "rate_1_total": 672.969624083905, "rate_2_total": 0.0, "current_rate": 1, "L1_cons": 0.4665534982898149, "L1_prod": 0.0, "L1_voltage": 233.38128364793337, "L1_current": 13.812256126661536}}
{"EnqueuedTimeUtc":"2024-02-16T09:26:01.9830000Z","Properties":{},"SystemProperties":{"messageId":"8a7a3936-1ad5-4e36-90bf-6d46f69c2a00","connectionDeviceId":"electricity","connectionAuthMethod":"{\"scope\":\"device\",\"type\":\"sas\",\"issuer\":\"iothub\",\"acceptingIpFilterRule\":null}","connectionDeviceGenerationId":"638436705062889146","contentType":"application/json","contentEncoding":"utf-8","enqueuedTime":"2024-02-16T09:26:01.9830000Z"},"Body":{"ID": "EAN543075800162607807", "timestamp": "2024-02-16T10:26:07.916176", "rate_1_total": 677.83831043361, "rate_2_total": 0.0, "current_rate": 1, "L1_cons": 4.868686349704948, "L1_prod": 0.0, "L1_voltage": 237.9949477168347, "L1_current": 0.5081505569222156}}
{"EnqueuedTimeUtc":"2024-02-16T09:26:07.0160000Z","Properties":{},"SystemProperties":{"messageId":"c7584f02-a757-4344-9b12-e802902f15c6","connectionDeviceId":"electricity","connectionAuthMethod":"{\"scope\":\"device\",\"type\":\"sas\",\"issuer\":\"iothub\",\"acceptingIpFilterRule\":null}","connectionDeviceGenerationId":"638436705062889146","contentType":"application/json","contentEncoding":"utf-8","enqueuedTime":"2024-02-16T09:26:07.0160000Z"},"Body":{"ID": "EAN543075800162607807", "timestamp": "2024-02-16T10:26:12.952470", "rate_1_total": 678.4261888302825, "rate_2_total": 0.0, "current_rate": 1, "L1_cons": 0.5878783966725426, "L1_prod": 0.0, "L1_voltage": 232.52298000215254, "L1_current": 6.960847744743679}}
{"EnqueuedTimeUtc":"2024-02-16T09:26:12.0480000Z","Properties":{},"SystemProperties":{"messageId":"c0e61e01-f112-4a3e-9e34-bc86fe1a6d44","connectionDeviceId":"electricity","connectionAuthMethod":"{\"scope\":\"device\",\"type\":\"sas\",\"issuer\":\"iothub\",\"acceptingIpFilterRule\":null}","connectionDeviceGenerationId":"638436705062889146","contentType":"application/json","contentEncoding":"utf-8","enqueuedTime":"2024-02-16T09:26:12.0480000Z"},"Body":{"ID": "EAN543075800162607807", "timestamp": "2024-02-16T10:26:17.985239", "rate_1_total": 679.2640292233887, "rate_2_total": 0.0, "current_rate": 1, "L1_cons": 0.837840393106167, "L1_prod": 0.0, "L1_voltage": 233.20452349689643, "L1_current": 7.427550494456965}}
{"EnqueuedTimeUtc":"2024-02-16T09:26:17.0950000Z","Properties":{},"SystemProperties":{"messageId":"39ee6ac3-2b42-493a-a3fb-e54c4bd6ebc0","connectionDeviceId":"electricity","connectionAuthMethod":"{\"scope\":\"device\",\"type\":\"sas\",\"issuer\":\"iothub\",\"acceptingIpFilterRule\":null}","connectionDeviceGenerationId":"638436705062889146","contentType":"application/json","contentEncoding":"utf-8","enqueuedTime":"2024-02-16T09:26:17.0950000Z"},"Body":{"ID": "EAN543075800162607807", "timestamp": "2024-02-16T10:26:23.022461", "rate_1_total": 682.5467385417298, "rate_2_total": 0.0, "current_rate": 1, "L1_cons": 3.2827093183411287, "L1_prod": 0.0, "L1_voltage": 232.582394079242, "L1_current": 2.8422225408292654}}
{"EnqueuedTimeUtc":"2024-02-16T09:26:22.1270000Z","Properties":{},"SystemProperties":{"messageId":"47913e0c-e566-4ed0-99fd-2b850c106b8c","connectionDeviceId":"electricity","connectionAuthMethod":"{\"scope\":\"device\",\"type\":\"sas\",\"issuer\":\"iothub\",\"acceptingIpFilterRule\":null}","connectionDeviceGenerationId":"638436705062889146","contentType":"application/json","contentEncoding":"utf-8","enqueuedTime":"2024-02-16T09:26:22.1270000Z"},"Body":{"ID": "EAN543075800162607807", "timestamp": "2024-02-16T10:26:28.061120", "rate_1_total": 682.8416470244367, "rate_2_total": 0.0, "current_rate": 1, "L1_cons": 0.2949084827068524, "L1_prod": 0.0, "L1_voltage": 232.64069184720927, "L1_current": 6.927025025278487}}
{"EnqueuedTimeUtc":"2024-02-16T09:26:27.1580000Z","Properties":{},"SystemProperties":{"messageId":"76a17162-669b-4a4b-8884-2bb3bc8061dc","connectionDeviceId":"electricity","connectionAuthMethod":"{\"scope\":\"device\",\"type\":\"sas\",\"issuer\":\"iothub\",\"acceptingIpFilterRule\":null}","connectionDeviceGenerationId":"638436705062889146","contentType":"application/json","contentEncoding":"utf-8","enqueuedTime":"2024-02-16T09:26:27.1580000Z"},"Body":{"ID": "EAN543075800162607807", "timestamp": "2024-02-16T10:26:33.086888", "rate_1_total": 685.4017210677353, "rate_2_total": 0.0, "current_rate": 1, "L1_cons": 2.560074043298517, "L1_prod": 0.0, "L1_voltage": 237.49142476279332, "L1_current": 6.88229838092851}}