{"EnqueuedTimeUtc":"2024-02-16T09:26:32.2060000Z","Properties":{},"SystemProperties":{"messageId":"5c8fedd3-7bda-4166-a66f-5435bd8a6494","connectionDeviceId":"electricity","connectionAuthMethod":"{\"scope\":\"device\",\"type\":\"sas\",\"issuer\":\"iothub\",\"acceptingIpFilterRule\":null}","connectionDeviceGenerationId":"638436705062889146","contentType":"application/json","contentEncoding":"utf-8","enqueuedTime":"2024-02-16T09:26:32.2060000Z"},"Body":{"ID": "EAN543075800162607807", "timestamp": "2024-02-16T10:26:38.140208", "rate_1_total": 689.5164134838709, "rate_2_total": 0.0, "current_rate": 1, "L1_cons": 4.114692416135647, "L1_prod": 0.0, "L1_voltage": 233.65349995400229, "L1_current": 6.469553092909572}}
{"EnqueuedTimeUtc":"2024-02-16T09:26:37.2370000Z","Properties":{},"SystemProperties":{"messageId":"2ac92cc2-0b27-4bc8-b4fc-a8e077d27811","connectionDeviceId":"electricity","connectionAuthMethod":"{\"scope\":\"device\",\"type\":\"sas\",\"issuer\":\"iothub\",\"acceptingIpFilterRule\":null}","connectionDeviceGenerationId":"638436705062889146","contentType":"application/json","contentEncoding":"utf-8","enqueuedTime":"2024-02-16T09:26:37.2370000Z"},"Body":{"ID": "EAN543075800162607807", "timestamp": "2024-02-16T10:26:43.176037", "rate_1_total": 692.5581676721217, "rate_2_total": 0.0, "current_rate": 1, "L1_cons": 3.0417541882508607, "L1_prod": 0.0, "L1_voltage": 239.68115816095514, "L1_current": 6.6154800676921095}}
{"EnqueuedTimeUtc":"2024-02-16T09:26:42.3000000Z","Properties":{},"SystemProperties":{"messageId":"cb4752bb-6661-4b79-9f91-980faf660006","connectionDeviceId":"electricity","connectionAuthMethod":"{\"scope\":\"device\",\"type\":\"sas\",\"issuer\":\"iothub\",\"acceptingIpFilterRule\":null}","connectionDeviceGenerationId":"638436705062889146","contentType":"application/json","contentEncoding":"utf-8","enqueuedTime":"2024-02-16T09:26:42.3000000Z"},"Body":{"ID": "EAN543075800162607807", "timestamp": "2024-02-16T10:26:48.229318", "rate_1_total": 696.6007264578119, "rate_2_total": 0.0, "current_rate": 1, "L1_cons": 4.042558785690145, "L1_prod": 0.0, "L1_voltage": 230.06008921590717, "L1_current": 11.238373414355124}}
{"EnqueuedTimeUtc":"2024-02-16T09:26:47.3480000Z","Properties":{},"SystemProperties":{"messageId":"8b7a08ee-d3b9-4ac7-ba16-b43fb69683c6","connectionDeviceId":"electricity","connectionAuthMethod":"{\"scope\":\"device\",\"type\":\"sas\",\"issuer\":\"iothub\",\"acceptingIpFilterRule\":null}","connectionDeviceGenerationId":"638436705062889146","contentType":"application/json","contentEncoding":"utf-8","enqueuedTime":"2024-02-16T09:26:47.3480000Z"},"Body":{"ID": "EAN543075800162607807", "timestamp": "2024-02-16T10:26:53.274634", "rate_1_total": 699.0647730521881, "rate_2_total": 0.0, "current_rate": 1, "L1_cons": 2.464046594376209, "L1_prod": 0.0, "L1_voltage": 239.04365016431012, "L1_current": 7.08498354327236}}
{"EnqueuedTimeUtc":"2024-02-16T09:26:52.3800000Z","Properties":{},"SystemProperties":{"messageId":"4c472716-10c5-4625-881b-e77edf8760b2","connectionDeviceId":"electricity","connectionAuthMethod":"{\"scope\":\"device\",\"type\":\"sas\",\"issuer\":\"iothub\",\"acceptingIpFilterRule\":null}","connectionDeviceGenerationId":"638436705062889146","contentType":"application/json","contentEncoding":"utf-8","enqueuedTime":"2024-02-16T09:26:52.3800000Z"},"Body":{"ID": "EAN543075800162607807", "timestamp": "2024-02-16T10:26:58.310237", "rate_1_total": 700.1608335665416, "rate_2_total": 0.0, "current_rate": 1, "L1_cons": 1.0960605143533928, "L1_prod": 0.0, "L1_voltage": 234.06254654922125, "L1_current": 11.444905419639053}}
{"EnqueuedTimeUtc":"2024-02-16T09:26:57.4260000Z","Properties":{},"SystemProperties":{"messageId":"baaeef13-2c1a-4470-b06f-888dbc52a658","connectionDeviceId":"electricity","connectionAuthMethod":"{\"scope\":\"device\",\"type\":\"sas\",\"issuer\":\"iothub\",\"acceptingIpFilterRule\":null}","connectionDeviceGenerationId":"638436705062889146","contentType":"application/json","contentEncoding":"utf-8","enqueuedTime":"2024-02-16T09:26:57.4260000Z"},"Body":{"ID": "EAN543075800162607807", "timestamp": "2024-02-16T10:27:03.355357", "rate_1_total": 703.0533599508243, "rate_2_total": 0.0, "current_rate": 1, "L1_cons": 2.8925263842827467, "L1_prod": 0.0, "L1_voltage": 236.90903748081203, "L1_current": 7.045057374021479}}
{"EnqueuedTimeUtc":"2024-02-16T09:27:02.4590000Z","Properties":{},"SystemProperties":{"messageId":"71d4c931-fcae-4c87-b371-139cafb2e026","connectionDeviceId":"electricity","connectionAuthMethod":"{\"scope\":\"device\",\"type\":\"sas\",\"issuer\":\"iothub\",\"acceptingIpFilterRule\":null}","connectionDeviceGenerationId":"638436705062889146","contentType":"application/json","contentEncoding":"utf-8","enqueuedTime":"2024-02-16T09:27:02.4590000Z"},"Body":{"ID": "EAN543075800162607807", "timestamp": "2024-02-16T10:27:08.394701", "rate_1_total": 706.8321633773525, "rate_2_total": 0.0, "current_rate": 1, "L1_cons": 3.778803426528145, "L1_prod": 0.0, "L1_voltage": 231.31668084600352, "L1_current": 13.27569117348978}}
{"EnqueuedTimeUtc":"2024-02-16T09:27:07.4900000Z","Properties":{},"SystemProperties":{"messageId":"c7f0cc39-8e23-448a-9160-ec7ded3868bf","connectionDeviceId":"electricity","connectionAuthMethod":"{\"scope\":\"device\",\"type\":\"sas\",\"issuer\":\"iothub\",\"acceptingIpFilterRule\":null}","connectionDeviceGenerationId":"638436705062889146","contentType":"application/json","contentEncoding":"utf-8","enqueuedTime":"2024-02-16T09:27:07.4900000Z"},"Body":{"ID": "EAN543075800162607807", "timestamp": "2024-02-16T10:27:13.421374", "rate_1_total": 710.330930214238, "rate_2_total": 0.0, "current_rate": 1, "L1_cons": 3.498766836885607, "L1_prod": 0.0, "L1_voltage": 239.3302027987511, "L1_current": 5.20402716684859}}
{"EnqueuedTimeUtc":"2024-02-16T09:27:12.5210000Z","Properties":{},"SystemProperties":{"messageId":"37440481-e204-440f-a034-9e0c5658053e","connectionDeviceId":"electricity","connectionAuthMethod":"{\"scope\":\"device\",\"type\":\"sas\",\"issuer\":\"iothub\",\"acceptingIpFilterRule\":null}","connectionDeviceGenerationId":"638436705062889146","contentType":"application/json","contentEncoding":"utf-8","enqueuedTime":"2024-02-16T09:27:12.5210000Z"},"Body":{"ID": "EAN543075800162607807", "timestamp": "2024-02-16T10:27:18.459189", "rate_1_total": 713.28068632755, "rate_2_total": 0.0, "current_rate": 1, "L1_cons": 2.949756113311942, "L1_prod": 0.0, "L1_voltage": 236.94761798459487, "L1_current": 1.6707534252574}}
{"EnqueuedTimeUtc":"2024-02-16T09:27:17.5700000Z","Properties":{},"SystemProperties":{"messageId":"a65ad40e-a722-4bc3-aa64-1abc6bc0cae8","connectionDeviceId":"electricity","connectionAuthMethod":"{\"scope\":\"device\",\"type\":\"sas\",\"issuer\":\"iothub\",\"acceptingIpFilterRule\":null}","connectionDeviceGenerationId":"638436705062889146","contentType":"application/json","contentEncoding":"utf-8","enqueuedTime":"2024-02-16T09:27:17.5700000Z"},"Body":{"ID": "EAN543075800162607807", "timestamp": "2024-02-16T10:27:23.495893", "rate_1_total": 713.624787898298, "rate_2_total": 0.0, "current_rate": 1, "L1_cons": 0.34410157074800496, "L1_prod": 0.0, "L1_voltage": 234.72967229246223, "L1_current": 4.450915451945641}}
{"EnqueuedTimeUtc":"2024-02-16T09:27:22.5860000Z","Properties":{},"SystemProperties":{"messageId":"438eb75f-a120-4362-a4f0-05e26f875b78","connectionDeviceId":"electricity","connectionAuthMethod":"{\"scope\":\"device\",\"type\":\"sas\",\"issuer\":\"iothub\",\"acceptingIpFilterRule\":null}","connectionDeviceGenerationId":"638436705062889146","contentType":"application/json","contentEncoding":"utf-8","enqueuedTime":"2024-02-16T09:27:22.5860000Z"},"Body":{"ID": "EAN543075800162607807", "timestamp": "2024-02-16T10:27:28.525506", "rate_1_total": 717.0987530338383, "rate_2_total": 0.0, "current_rate": 1, "L1_cons": 3.473965135540309, "L1_prod": 0.0, "L1_voltage": 233.12725447890895, "L1_current": 8.665868654538677}}
{"EnqueuedTimeUtc":"2024-02-16T09:27:27.6320000Z","Properties":{},"SystemProperties":{"messageId":"378c3a9a-a13a-48c2-828d-c9a21308d476","connectionDeviceId":"electricity","connectionAuthMethod":"{\"scope\":\"device\",\"type\":\"sas\",\"issuer\":\"iothub\",\"acceptingIpFilterRule\":null}","connectionDeviceGenerationId":"638436705062889146","contentType":"application/json","contentEncoding":"utf-8","enqueuedTime":"2024-02-16T09:27:27.6320000Z"},"Body":{"ID": "EAN543075800162607807", "timestamp": "2024-02-16T10:27:33.563675", "rate_1_total": 719.7257413793932, "rate_2_total": 0.0, "current_rate": 1, "L1_cons": 2.6269883455549006, "L1_prod": 0.0, "L1_voltage": 230.63005934291797, "L1_current": 0.5492644526595829}}