{"EnqueuedTimeUtc":"2024-02-16T09:27:32.6650000Z","Properties":{},"SystemProperties":{"messageId":"b2ad7e41-9bc9-4bb6-a833-1f6e8de83f61","connectionDeviceId":"electricity","connectionAuthMethod":"{\"scope\":\"device\",\"type\":\"sas\",\"issuer\":\"iothub\",\"acceptingIpFilterRule\":null}","connectionDeviceGenerationId":"638436705062889146","contentType":"application/json","contentEncoding":"utf-8","enqueuedTime":"2024-02-16T09:27:32.6650000Z"},"Body":{"ID": "EAN543075800162607807", "timestamp": "2024-02-16T10:27:38.603252", "rate_1_total": 723.1791323845014, "rate_2_total": 0.0, "current_rate": 1, "L1_cons": 3.4533910051081804, "L1_prod": 0.0, "L1_voltage": 235.45587189555866, "L1_current": 5.986734341312162}}
{"EnqueuedTimeUtc":"2024-02-16T09:27:37.6970000Z","Properties":{},"SystemProperties":{"messageId":"f0647994-071a-4de8-aae8-b03807cdfa99","connectionDeviceId":"electricity","connectionAuthMethod":"{\"scope\":\"device\",\"type\":\"sas\",\"issuer\":\"iothub\",\"acceptingIpFilterRule\":null}","connectionDeviceGenerationId":"638436705062889146","contentType":"application/json","contentEncoding":"utf-8","enqueuedTime":"2024-02-16T09:27:37.6970000Z"},"Body":{"ID": "EAN543075800162607807", "timestamp": "2024-02-16T10:27:43.629398", "rate_1_total": 725.8840724087961, "rate_2_total": 0.0, "current_rate": 1, "L1_cons": 2.7049400242947286, "L1_prod": 0.0, "L1_voltage": 236.95640329216096, "L1_current": 3.4868205088907582}}
{"EnqueuedTimeUtc":"2024-02-16T09:27:42.7290000Z","Properties":{},"SystemProperties":{"messageId":"b7af4827-aa0e-4069-841d-86d0282bea3c","connectionDeviceId":"electricity","connectionAuthMethod":"{\"scope\":\"device\",\"type\":\"sas\",\"issuer\":\"iothub\",\"acceptingIpFilterRule\":null}","connectionDeviceGenerationId":"638436705062889146","contentType":"application/json","contentEncoding":"utf-8","enqueuedTime":"2024-02-16T09:27:42.7290000Z"},"Body":{"ID": "EAN543075800162607807", "timestamp": "2024-02-16T10:27:48.666501", "rate_1_total": 728.7224452016313, "rate_2_total": 0.0, "current_rate": 1, "L1_cons": 2.8383727928352207, "L1_prod": 0.0, "L1_voltage": 233.83263740531098, "L1_current": 11.668723020257827}}
{"EnqueuedTimeUtc":"2024-02-16T09:27:47.7760000Z","Properties":{},"SystemProperties":{"messageId":"9ef4c02b-69dc-4cc7-b2a4-21aaf8b8fca2","connectionDeviceId":"electricity","connectionAuthMethod":"{\"scope\":\"device\",\"type\":\"sas\",\"issuer\":\"iothub\",\"acceptingIpFilterRule\":null}","connectionDeviceGenerationId":"638436705062889146","contentType":"application/json","contentEncoding":"utf-8","enqueuedTime":"2024-02-16T09:27:47.7760000Z"},"Body":{"ID": "EAN543075800162607807", "timestamp": "2024-02-16T10:27:53.706416", "rate_1_total": 733.4645372170058, "rate_2_total": 0.0, "current_rate": 1, "L1_cons": 4.742092015374513, "L1_prod": 0.0, "L1_voltage": 238.4883254614423, "L1_current": 10.882417431332817}}
{"EnqueuedTimeUtc":"2024-02-16T09:27:52.7910000Z","Properties":{},"SystemProperties":{"messageId":"4f0b9f58-6a68-4e9e-8dd6-cd50baab14d8","connectionDeviceId":"electricity","connectionAuthMethod":"{\"scope\":\"device\",\"type\":\"sas\",\"issuer\":\"iothub\",\"acceptingIpFilterRule\":null}","connectionDeviceGenerationId":"638436705062889146","contentType":"application/json","contentEncoding":"utf-8","enqueuedTime":"2024-02-16T09:27:52.7910000Z"},"Body":{"ID": "EAN543075800162607807", "timestamp": "2024-02-16T10:27:58.733392", "rate_1_total": 733.8831871911432, "rate_2_total": 0.0, "current_rate": 1, "L1_cons": 0.41864997413738503, "L1_prod": 0.0, "L1_voltage": 235.5456110309727, "L1_current": 14.065634730220864}}
{"EnqueuedTimeUtc":"2024-02-16T09:27:57.8380000Z","Properties":{},"SystemProperties":{"messageId":"6d36df5c-1e2c-4502-8933-c9bfa335209e","connectionDeviceId":"electricity","connectionAuthMethod":"{\"scope\":\"device\",\"type\":\"sas\",\"issuer\":\"iothub\",\"acceptingIpFilterRule\":null}","connectionDeviceGenerationId":"638436705062889146","contentType":"application/json","contentEncoding":"utf-8","enqueuedTime":"2024-02-16T09:27:57.8380000Z"},"Body":{"ID": "EAN543075800162607807", "timestamp": "2024-02-16T10:28:03.771287", "rate_1_total": 736.4756167308941, "rate_2_total": 0.0, "current_rate": 1, "L1_cons": 2.5924295397508823, "L1_prod": 0.0, "L1_voltage": 231.58985031427585, "L1_current": 1.3955364774032553}}
{"EnqueuedTimeUtc":"2024-02-16T09:28:02.8690000Z","Properties":{},"SystemProperties":{"messageId":"4dcb7b76-1a56-46d8-9abf-42b093ade1c9","connectionDeviceId":"electricity","connectionAuthMethod":"{\"scope\":\"device\",\"type\":\"sas\",\"issuer\":\"iothub\",\"acceptingIpFilterRule\":null}","connectionDeviceGenerationId":"638436705062889146","contentType":"application/json","contentEncoding":"utf-8","enqueuedTime":"2024-02-16T09:28:02.8690000Z"},"Body":{"ID": "EAN543075800162607807", "timestamp": "2024-02-16T10:28:08.800385", "rate_1_total": 741.2161845806936, "rate_2_total": 0.0, "current_rate": 1, "L1_cons": 4.740567849799487, "L1_prod": 0.0, "L1_voltage": 232.10487205692925, "L1_current": 2.030934662841132}}
{"EnqueuedTimeUtc":"2024-02-16T09:28:07.9020000Z","Properties":{},"SystemProperties":{"messageId":"07f9e0ac-2b84-400c-a364-2ce07120e50b","connectionDeviceId":"electricity","connectionAuthMethod":"{\"scope\":\"device\",\"type\":\"sas\",\"issuer\":\"iothub\",\"acceptingIpFilterRule\":null}","connectionDeviceGenerationId":"638436705062889146","contentType":"application/json","contentEncoding":"utf-8","enqueuedTime":"2024-02-16T09:28:07.9020000Z"},"Body":{"ID": "EAN543075800162607807", "timestamp": "2024-02-16T10:28:13.840043", "rate_1_total": 744.2300973726793, "rate_2_total": 0.0, "current_rate": 1, "L1_cons": 3.013912791985686, "L1_prod": 0.0, "L1_voltage": 235.05760964315252, "L1_current": 2.1049001934870013}}
{"EnqueuedTimeUtc":"2024-02-16T09:28:12.9500000Z","Properties":{},"SystemProperties":{"messageId":"01e749a1-0ea7-4e8d-bbdf-c49b9d5304f9","connectionDeviceId":"electricity","connectionAuthMethod":"{\"scope\":\"device\",\"type\":\"sas\",\"issuer\":\"iothub\",\"acceptingIpFilterRule\":null}","connectionDeviceGenerationId":"638436705062889146","contentType":"application/json","contentEncoding":"utf-8","enqueuedTime":"2024-02-16T09:28:12.9500000Z"},"Body":{"ID": "EAN543075800162607807", "timestamp": "2024-02-16T10:28:18.879250", "rate_1_total": 745.6091679183277, "rate_2_total": 0.0, "current_rate": 1, "L1_cons": 1.3790705456484014, "L1_prod": 0.0, "L1_voltage": 235.50942209711837, "L1_current": 8.270831187155808}}
{"EnqueuedTimeUtc":"2024-02-16T09:28:17.9820000Z","Properties":{},"SystemProperties":{"messageId":"97d7b475-0eb3-4d71-aa26-cc31532de97a","connectionDeviceId":"electricity","connectionAuthMethod":"{\"scope\":\"device\",\"type\":\"sas\",\"issuer\":\"iothub\",\"acceptingIpFilterRule\":null}","connectionDeviceGenerationId":"638436705062889146","contentType":"application/json","contentEncoding":"utf-8","enqueuedTime":"2024-02-16T09:28:17.9820000Z"},"Body":{"ID": "EAN543075800162607807", "timestamp": "2024-02-16T10:28:23.910053", "rate_1_total": 747.1338527110069, "rate_2_total": 0.0, "current_rate": 1, "L1_cons": 1.524684792679198, "L1_prod": 0.0, "L1_voltage": 236.84866776811708, "L1_current": 5.542147518822419}}
{"EnqueuedTimeUtc":"2024-02-16T09:28:23.0150000Z","Properties":{},"SystemProperties":{"messageId":"80d8e9d7-a661-4e4d-99ef-e3330b47a26d","connectionDeviceId":"electricity","connectionAuthMethod":"{\"scope\":\"device\",\"type\":\"sas\",\"issuer\":\"iothub\",\"acceptingIpFilterRule\":null}","connectionDeviceGenerationId":"638436705062889146","contentType":"application/json","contentEncoding":"utf-8","enqueuedTime":"2024-02-16T09:28:23.0150000Z"},"Body":{"ID": "EAN543075800162607807", "timestamp": "2024-02-16T10:28:28.946480", "rate_1_total": 750.624339848631, "rate_2_total": 0.0, "current_rate": 1, "L1_cons": 3.4904871376242292, "L1_prod": 0.0, "L1_voltage": 234.61300541069096, "L1_current": 10.586088952895588}}
{"EnqueuedTimeUtc":"2024-02-16T09:28:28.0460000Z","Properties":{},"SystemProperties":{"messageId":"9601b118-1feb-477f-b8d6-16265adf424d","connectionDeviceId":"electricity","connectionAuthMethod":"{\"scope\":\"device\",\"type\":\"sas\",\"issuer\":\"iothub\",\"acceptingIpFilterRule\":null}","connectionDeviceGenerationId":"638436705062889146","contentType":"application/json","contentEncoding":"utf-8","enqueuedTime":"2024-02-16T09:28:28.0460000Z"},"Body":{"ID": "EAN543075800162607807", "timestamp": "2024-02-16T10:28:33.982345", "rate_1_total": 752.8203112138169, "rate_2_total": 0.0, "current_rate": 1, "L1_cons": 2.1959713651858523, "L1_prod": 0.0, "L1_voltage": 238.00297237851404, "L1_current": 8.302927164996223}}