{"EnqueuedTimeUtc":"2024-02-16T09:28:33.0780000Z","Properties":{},"SystemProperties":{"messageId":"6b75f33f-eb8c-4f0c-b5b9-bcbb242223c9","connectionDeviceId":"electricity","connectionAuthMethod":"{\"scope\":\"device\",\"type\":\"sas\",\"issuer\":\"iothub\",\"acceptingIpFilterRule\":null}","connectionDeviceGenerationId":"638436705062889146","contentType":"application/json","contentEncoding":"utf-8","enqueuedTime":"2024-02-16T09:28:33.0780000Z"},"Body":{"ID": "EAN543075800162607807", "timestamp": "2024-02-16T10:28:39.015076", "rate_1_total": 756.0990585954299, "rate_2_total": 0.0, "current_rate": 1, "L1_cons": 3.2787473816130475, "L1_prod": 0.0, "L1_voltage": 235.26425721434282, "L1_current": 9.439588585686913}}
{"EnqueuedTimeUtc":"2024-02-16T09:28:38.2670000Z","Properties":{},"SystemProperties":{"messageId":"f172708b-ee9f-4f2f-be75-6e0fc6531bc8","connectionDeviceId":"electricity","connectionAuthMethod":"{\"scope\":\"device\",\"type\":\"sas\",\"issuer\":\"iothub\",\"acceptingIpFilterRule\":null}","connectionDeviceGenerationId":"638436705062889146","contentType":"application/json","contentEncoding":"utf-8","enqueuedTime":"2024-02-16T09:28:38.2670000Z"},"Body":{"ID": "EAN543075800162607807", "timestamp": "2024-02-16T10:28:44.193563", "rate_1_total": 759.1817966970414, "rate_2_total": 0.0, "current_rate": 1, "L1_cons": 3.082738101611433, "L1_prod": 0.0, "L1_voltage": 237.07526603855067, "L1_current": 9.114691626860498}}
{"EnqueuedTimeUtc":"2024-02-16T09:28:43.2980000Z","Properties":{},"SystemProperties":{"messageId":"ec193ec8-272f-4f5a-bb09-3f941573bad1","connectionDeviceId":"electricity","connectionAuthMethod":"{\"scope\":\"device\",\"type\":\"sas\",\"issuer\":\"iothub\",\"acceptingIpFilterRule\":null}","connectionDeviceGenerationId":"638436705062889146","contentType":"application/json","contentEncoding":"utf-8","enqueuedTime":"2024-02-16T09:28:43.2980000Z"},"Body":{"ID": "EAN543075800162607807", "timestamp": "2024-02-16T10:28:49.230555", "rate_1_total": 760.5381589714001, "rate_2_total": 0.0, "current_rate": 1, "L1_cons": 1.3563622743587513, "L1_prod": 0.0, "L1_voltage": 231.1462143757153, "L1_current": 10.775789153522004}}
{"EnqueuedTimeUtc":"2024-02-16T09:28:48.3300000Z","Properties":{},"SystemProperties":{"messageId":"4e0cdae4-5167-4c11-9696-93edd7d79dda","connectionDeviceId":"electricity","connectionAuthMethod":"{\"scope\":\"device\",\"type\":\"sas\",\"issuer\":\"iothub\",\"acceptingIpFilterRule\":null}","connectionDeviceGenerationId":"638436705062889146","contentType":"application/json","contentEncoding":"utf-8","enqueuedTime":"2024-02-16T09:28:48.3300000Z"},"Body":{"ID": "EAN543075800162607807", "timestamp": "2024-02-16T10:28:54.258485", "rate_1_total": 762.7692598887724, "rate_2_total": 0.0, "current_rate": 1, "L1_cons": 2.231100917372312, "L1_prod": 0.0, "L1_voltage": 238.90645747929497, "L1_current": 4.58970112962765}}
{"EnqueuedTimeUtc":"2024-02-16T09:28:53.3610000Z","Properties":{},"SystemProperties":{"messageId":"fce334e3-94e6-4688-82fc-a2799f50fb28","connectionDeviceId":"electricity","connectionAuthMethod":"{\"scope\":\"device\",\"type\":\"sas\",\"issuer\":\"iothub\",\"acceptingIpFilterRule\":null}","connectionDeviceGenerationId":"638436705062889146","contentType":"application/json","contentEncoding":"utf-8","enqueuedTime":"2024-02-16T09:28:53.3610000Z"},"Body":{"ID": "EAN543075800162607807", "timestamp": "2024-02-16T10:28:59.294788", "rate_1_total": 766.325330271546, "rate_2_total": 0.0, "current_rate": 1, "L1_cons": 3.556070382773688, "L1_prod": 0.0, "L1_voltage": 238.6470622688363, "L1_current": 14.489613575094507}}
{"EnqueuedTimeUtc":"2024-02-16T09:28:58.3920000Z","Properties":{},"SystemProperties":{"messageId":"42ae9dbd-8656-4100-9052-ab0af4070994","connectionDeviceId":"electricity","connectionAuthMethod":"{\"scope\":\"device\",\"type\":\"sas\",\"issuer\":\"iothub\",\"acceptingIpFilterRule\":null}","connectionDeviceGenerationId":"638436705062889146","contentType":"application/json","contentEncoding":"utf-8","enqueuedTime":"2024-02-16T09:28:58.3920000Z"},"Body":{"ID": "EAN543075800162607807", "timestamp": "2024-02-16T10:29:04.332128", "rate_1_total": 769.5294117337803, "rate_2_total": 0.0, "current_rate": 1, "L1_cons": 3.2040814622342864, "L1_prod": 0.0, "L1_voltage": 235.94874518047544, "L1_current": 2.850508111971206}}
{"EnqueuedTimeUtc":"2024-02-16T09:29:03.4240000Z","Properties":{},"SystemProperties":{"messageId":"fc13fb3c-5348-4676-88cc-2b7283e7b9eb","connectionDeviceId":"electricity","connectionAuthMethod":"{\"scope\":\"device\",\"type\":\"sas\",\"issuer\":\"iothub\",\"acceptingIpFilterRule\":null}","connectionDeviceGenerationId":"638436705062889146","contentType":"application/json","contentEncoding":"utf-8","enqueuedTime":"2024-02-16T09:29:03.4240000Z"},"Body":{"ID": "EAN543075800162607807", "timestamp": "2024-02-16T10:29:09.362751", "rate_1_total": 773.8233562036653, "rate_2_total": 0.0, "current_rate": 1, "L1_cons": 4.293944469885043, "L1_prod": 0.0, "L1_voltage": 234.39473713017944, "L1_current": 12.790052379327724}}
{"EnqueuedTimeUtc":"2024-02-16T09:29:08.4560000Z","Properties":{},"SystemProperties":{"messageId":"ae492efb-4a38-42e8-9d05-74dc362d21bb","connectionDeviceId":"electricity","connectionAuthMethod":"{\"scope\":\"device\",\"type\":\"sas\",\"issuer\":\"iothub\",\"acceptingIpFilterRule\":null}","connectionDeviceGenerationId":"638436705062889146","contentType":"application/json","contentEncoding":"utf-8","enqueuedTime":"2024-02-16T09:29:08.4560000Z"},"Body":{"ID": "EAN543075800162607807", "timestamp": "2024-02-16T10:29:14.398542", "rate_1_total": 777.4365526755943, "rate_2_total": 0.0, "current_rate": 1, "L1_cons": 3.613196471928944, "L1_prod": 0.0, "L1_voltage": 235.753684323747, "L1_current": 0.7645732712816866}}
{"EnqueuedTimeUtc":"2024-02-16T09:29:13.4890000Z","Properties":{},"SystemProperties":{"messageId":"f75ec4a0-7e05-4a49-aa25-8b9df750b976","connectionDeviceId":"electricity","connectionAuthMethod":"{\"scope\":\"device\",\"type\":\"sas\",\"issuer\":\"iothub\",\"acceptingIpFilterRule\":null}","connectionDeviceGenerationId":"638436705062889146","contentType":"application/json","contentEncoding":"utf-8","enqueuedTime":"2024-02-16T09:29:13.4890000Z"},"Body":{"ID": "EAN543075800162607807", "timestamp": "2024-02-16T10:29:19.429158", "rate_1_total": 779.6301571234635, "rate_2_total": 0.0, "current_rate": 1, "L1_cons": 2.193604447869225, "L1_prod": 0.0, "L1_voltage": 232.15008118044423, "L1_current": 11.550900775235213}}
{"EnqueuedTimeUtc":"2024-02-16T09:29:18.5360000Z","Properties":{},"SystemProperties":{"messageId":"316c994a-eae6-4ae7-b199-19e015a7d180","connectionDeviceId":"electricity","connectionAuthMethod":"{\"scope\":\"device\",\"type\":\"sas\",\"issuer\":\"iothub\",\"acceptingIpFilterRule\":null}","connectionDeviceGenerationId":"638436705062889146","contentType":"application/json","contentEncoding":"utf-8","enqueuedTime":"2024-02-16T09:29:18.5360000Z"},"Body":{"ID": "EAN543075800162607807", "timestamp": "2024-02-16T10:29:24.466846", "rate_1_total": 784.4577225420344, "rate_2_total": 0.0, "current_rate": 1, "L1_cons": 4.827565418570843, "L1_prod": 0.0, "L1_voltage": 232.22339367091996, "L1_current": 1.267820752023856}}
{"EnqueuedTimeUtc":"2024-02-16T09:29:23.5680000Z","Properties":{},"SystemProperties":{"messageId":"6095adc6-b886-454b-960c-76e496c39028","connectionDeviceId":"electricity","connectionAuthMethod":"{\"scope\":\"device\",\"type\":\"sas\",\"issuer\":\"iothub\",\"acceptingIpFilterRule\":null}","connectionDeviceGenerationId":"638436705062889146","contentType":"application/json","contentEncoding":"utf-8","enqueuedTime":"2024-02-16T09:29:23.5680000Z"},"Body":{"ID": "EAN543075800162607807", "timestamp": "2024-02-16T10:29:29.503630", "rate_1_total": 788.5955134000046, "rate_2_total": 0.0, "current_rate": 1, "L1_cons": 4.137790857970208, "L1_prod": 0.0, "L1_voltage": 231.72000491903623, "L1_current": 2.111905013360632}}