{"EnqueuedTimeUtc":"2024-02-16T09:29:28.6030000Z","Properties":{},"SystemProperties":{"messageId":"af2f4c82-b26c-43a3-8f8d-9fa067e31cf4","connectionDeviceId":"electricity","connectionAuthMethod":"{\"scope\":\"device\",\"type\":\"sas\",\"issuer\":\"iothub\",\"acceptingIpFilterRule\":null}","connectionDeviceGenerationId":"638436705062889146","contentType":"application/json","contentEncoding":"utf-8","enqueuedTime":"2024-02-16T09:29:28.6030000Z"},"Body":{"ID": "EAN543075800162607807", "timestamp": "2024-02-16T10:29:34.531546", "rate_1_total": 791.1420485433266, "rate_2_total": 0.0, "current_rate": 1, "L1_cons": 2.546535143321937, "L1_prod": 0.0, "L1_voltage": 230.6778440781981, "L1_current": 12.885387481532737}}
{"EnqueuedTimeUtc":"2024-02-16T09:29:33.6340000Z","Properties":{},"SystemProperties":{"messageId":"ce058a95-5617-4cf8-a152-1e4d2c1b4c00","connectionDeviceId":"electricity","connectionAuthMethod":"{\"scope\":\"device\",\"type\":\"sas\",\"issuer\":\"iothub\",\"acceptingIpFilterRule\":null}","connectionDeviceGenerationId":"638436705062889146","contentType":"application/json","contentEncoding":"utf-8","enqueuedTime":"2024-02-16T09:29:33.6340000Z"},"Body":{"ID": "EAN543075800162607807", "timestamp": "2024-02-16T10:29:39.569886", "rate_1_total": 793.3956987458039, "rate_2_total": 0.0, "current_rate": 1, "L1_cons": 2.2536502024772993, "L1_prod": 0.0, "L1_voltage": 236.84295476020537, "L1_current": 3.6734627332836447}}
{"EnqueuedTimeUtc":"2024-02-16T09:29:38.6660000Z","Properties":{},"SystemProperties":{"messageId":"1ff4b78f-f3bd-430f-b964-15bd6be0b00f","connectionDeviceId":"electricity","connectionAuthMethod":"{\"scope\":\"device\",\"type\":\"sas\",\"issuer\":\"iothub\",\"acceptingIpFilterRule\":null}","connectionDeviceGenerationId":"638436705062889146","contentType":"application/json","contentEncoding":"utf-8","enqueuedTime":"2024-02-16T09:29:38.6660000Z"},"Body":{"ID": "EAN543075800162607807", "timestamp": "2024-02-16T10:29:44.607342", "rate_1_total": 797.0908214707811, "rate_2_total": 0.0, "current_rate": 1, "L1_cons": 3.695122724977225, "L1_prod": 0.0, "L1_voltage": 236.31749946358914, "L1_current": 8.951315389075123}}
{"EnqueuedTimeUtc":"2024-02-16T09:29:43.7130000Z","Properties":{},"SystemProperties":{"messageId":"6de17870-8fb6-41b5-b746-15d5a49a22d0","connectionDeviceId":"electricity","connectionAuthMethod":"{\"scope\":\"device\",\"type\":\"sas\",\"issuer\":\"iothub\",\"acceptingIpFilterRule\":null}","connectionDeviceGenerationId":"638436705062889146","contentType":"application/json","contentEncoding":"utf-8","enqueuedTime":"2024-02-16T09:29:43.7130000Z"},"Body":{"ID": "EAN543075800162607807", "timestamp": "2024-02-16T10:29:49.640872", "rate_1_total": 800.3784518374982, "rate_2_total": 0.0, "current_rate": 1, "L1_cons": 3.2876303667171953, "L1_prod": 0.0, "L1_voltage": 238.30518369595958, "L1_current": 8.346866847531977}}
{"EnqueuedTimeUtc":"2024-02-16T09:29:48.7450000Z","Properties":{},"SystemProperties":{"messageId":"2103b761-38ad-4d12-837e-b3b8e9e0d5b2","connectionDeviceId":"electricity","connectionAuthMethod":"{\"scope\":\"device\",\"type\":\"sas\",\"issuer\":\"iothub\",\"acceptingIpFilterRule\":null}","connectionDeviceGenerationId":"638436705062889146","contentType":"application/json","contentEncoding":"utf-8","enqueuedTime":"2024-02-16T09:29:48.7450000Z"},"Body":{"ID": "EAN543075800162607807", "timestamp": "2024-02-16T10:29:54.681284", "rate_1_total": 800.6939998014054, "rate_2_total": 0.0, "current_rate": 1, "L1_cons": 0.31554796390721057, "L1_prod": 0.0, "L1_voltage": 232.2657925586256, "L1_current": 5.0603553146629086}}
{"EnqueuedTimeUtc":"2024-02-16T09:29:53.7770000Z","Properties":{},"SystemProperties":{"messageId":"82de1b4f-34b2-4f07-862e-d758064f5b71","connectionDeviceId":"electricity","connectionAuthMethod":"{\"scope\":\"device\",\"type\":\"sas\",\"issuer\":\"iothub\",\"acceptingIpFilterRule\":null}","connectionDeviceGenerationId":"638436705062889146","contentType":"application/json","contentEncoding":"utf-8","enqueuedTime":"2024-02-16T09:29:53.7770000Z"},"Body":{"ID": "EAN543075800162607807", "timestamp": "2024-02-16T10:29:59.715694", "rate_1_total": 803.3378359334043, "rate_2_total": 0.0, "current_rate": 1, "L1_cons": 2.643836131998966, "L1_prod": 0.0, "L1_voltage": 236.27195186476405, "L1_current": 12.587806691885108}}
{"EnqueuedTimeUtc":"2024-02-16T09:29:58.8240000Z","Properties":{},"SystemProperties":{"messageId":"1adbc7d5-1b17-48d9-a4a9-3a0ce9d85003","connectionDeviceId":"electricity","connectionAuthMethod":"{\"scope\":\"device\",\"type\":\"sas\",\"issuer\":\"iothub\",\"acceptingIpFilterRule\":null}","connectionDeviceGenerationId":"638436705062889146","contentType":"application/json","contentEncoding":"utf-8","enqueuedTime":"2024-02-16T09:29:58.8240000Z"},"Body":{"ID": "EAN544200428835463703", "timestamp": "2024-02-16T10:30:04.753011", "rate_1_total": -806.7093624747794, "rate_2_total": 0.0, "current_rate": 1, "L1_cons": -3.3715265413750877, "L1_prod": 0.0, "L1_voltage": 231.11465637693874, "L1_current": 13.314039213655898}}
{"EnqueuedTimeUtc":"2024-02-16T09:30:03.8570000Z","Properties":{},"SystemProperties":{"messageId":"4bcce52a-b970-4ec0-a736-8c74fad84e20","connectionDeviceId":"electricity","connectionAuthMethod":"{\"scope\":\"device\",\"type\":\"sas\",\"issuer\":\"iothub\",\"acceptingIpFilterRule\":null}","connectionDeviceGenerationId":"638436705062889146","contentType":"application/json","contentEncoding":"utf-8","enqueuedTime":"2024-02-16T09:30:03.8570000Z"},"Body":{"ID": "EAN543075800162607807", "timestamp": "2024-02-16T10:30:09.794117", "rate_1_total": 810.9930282848168, "rate_2_total": 0.0, "current_rate": 1, "L1_cons": 4.2836658100374265, "L1_prod": 0.0, "L1_voltage": 235.17185863281773, "L1_current": 4.963345230066605}}
{"EnqueuedTimeUtc":"2024-02-16T09:30:08.8890000Z","Properties":{},"SystemProperties":{"messageId":"cf9d76ef-2971-425b-8575-d78323c94f21","connectionDeviceId":"electricity","connectionAuthMethod":"{\"scope\":\"device\",\"type\":\"sas\",\"issuer\":\"iothub\",\"acceptingIpFilterRule\":null}","connectionDeviceGenerationId":"638436705062889146","contentType":"application/json","contentEncoding":"utf-8","enqueuedTime":"2024-02-16T09:30:08.8890000Z"},"Body":{"ID": "EAN543075800162607807", "timestamp": "2024-02-16T10:30:14.822332", "rate_1_total": 811.4921963137213, "rate_2_total": 0.0, "current_rate": 1, "L1_cons": 0.49916802890444184, "L1_prod": 0.0, "L1_voltage": 230.85221120260275, "L1_current": 14.678143767691397}}
{"EnqueuedTimeUtc":"2024-02-16T09:30:13.9350000Z","Properties":{},"SystemProperties":{"messageId":"517fc5c9-706e-44cb-9a4f-64cf8597b92e","connectionDeviceId":"electricity","connectionAuthMethod":"{\"scope\":\"device\",\"type\":\"sas\",\"issuer\":\"iothub\",\"acceptingIpFilterRule\":null}","connectionDeviceGenerationId":"638436705062889146","contentType":"application/json","contentEncoding":"utf-8","enqueuedTime":"2024-02-16T09:30:13.9350000Z"},"Body":{"ID": "EAN543075800162607807", "timestamp": "2024-02-16T10:30:19.860540", "rate_1_total": 811.6750988682958, "rate_2_total": 0.0, "current_rate": 1, "L1_cons": 0.1829025545745225, "L1_prod": 0.0, "L1_voltage": 234.97444765145462, "L1_current": 11.009134950180346}}
{"EnqueuedTimeUtc":"2024-02-16T09:30:18.9830000Z","Properties":{},"SystemProperties":{"messageId":"e573ae7e-a164-4b16-a9fb-6307075cd229","connectionDeviceId":"electricity","connectionAuthMethod":"{\"scope\":\"device\",\"type\":\"sas\",\"issuer\":\"iothub\",\"acceptingIpFilterRule\":null}","connectionDeviceGenerationId":"638436705062889146","contentType":"application/json","contentEncoding":"utf-8","enqueuedTime":"2024-02-16T09:30:18.9830000Z"},"Body":{"ID": "EAN543075800162607807", "timestamp": "2024-02-16T10:30:24.915711", "rate_1_total": 815.7003257498225, "rate_2_total": 0.0, "current_rate": 1, "L1_cons": 4.025226881526676, "L1_prod": 0.0, "L1_voltage": 233.9195306085831, "L1_current": 2.18921118614296}}
{"EnqueuedTimeUtc":"2024-02-16T09:30:24.0470000Z","Properties":{},"SystemProperties":{"messageId":"f4849648-9741-4e36-be5c-ffb4950a4b2e","connectionDeviceId":"electricity","connectionAuthMethod":"{\"scope\":\"device\",\"type\":\"sas\",\"issuer\":\"iothub\",\"acceptingIpFilterRule\":null}","connectionDeviceGenerationId":"638436705062889146","contentType":"application/json","contentEncoding":"utf-8","enqueuedTime":"2024-02-16T09:30:24.0470000Z"},"Body":{"ID": "EAN543075800162607807", "timestamp": "2024-02-16T10:30:29.946347", "rate_1_total": 816.1430607237171, "rate_2_total": 0.0, "current_rate": 1, "L1_cons": 0.4427349738946194, "L1_prod": 0.0, "L1_voltage": 231.39199801323724, "L1_current": 10.019864652150188}}