{"EnqueuedTimeUtc":"2024-02-16T09:30:29.0940000Z","Properties":{},"SystemProperties":{"messageId":"c3ae63bd-934a-4d4b-b5dd-73183801e410","connectionDeviceId":"electricity","connectionAuthMethod":"{\"scope\":\"device\",\"type\":\"sas\",\"issuer\":\"iothub\",\"acceptingIpFilterRule\":null}","connectionDeviceGenerationId":"638436705062889146","contentType":"application/json","contentEncoding":"utf-8","enqueuedTime":"2024-02-16T09:30:29.0940000Z"},"Body":{"ID": "EAN543075800162607807", "timestamp": "2024-02-16T10:30:35.021969", "rate_1_total": 819.9077759990182, "rate_2_total": 0.0, "current_rate": 1, "L1_cons": 3.764715275301089, "L1_prod": 0.0, "L1_voltage": 237.20132886480644, "L1_current": 11.355263982703605}}
{"EnqueuedTimeUtc":"2024-02-16T09:30:34.1100000Z","Properties":{},"SystemProperties":{"messageId":"dfa968f8-3d22-480d-a8a0-a8f17f4b4c7f","connectionDeviceId":"electricity","connectionAuthMethod":"{\"scope\":\"device\",\"type\":\"sas\",\"issuer\":\"iothub\",\"acceptingIpFilterRule\":null}","connectionDeviceGenerationId":"638436705062889146","contentType":"application/json","contentEncoding":"utf-8","enqueuedTime":"2024-02-16T09:30:34.1100000Z"},"Body":{"ID": "EAN543075800162607807", "timestamp": "2024-02-16T10:30:40.050731", "rate_1_total": 821.4722788107925, "rate_2_total": 0.0, "current_rate": 1, "L1_cons": 1.5645028117743858, "L1_prod": 0.0, "L1_voltage": 233.96374058522053, "L1_current": 2.59564299291028}}
{"EnqueuedTimeUtc":"2024-02-16T09:30:39.1570000Z","Properties":{},"SystemProperties":{"messageId":"880631ef-f72d-4d79-ae0e-1d77c63a18c2","connectionDeviceId":"electricity","connectionAuthMethod":"{\"scope\":\"device\",\"type\":\"sas\",\"issuer\":\"iothub\",\"acceptingIpFilterRule\":null}","connectionDeviceGenerationId":"638436705062889146","contentType":"application/json","contentEncoding":"utf-8","enqueuedTime":"2024-02-16T09:30:39.1570000Z"},"Body":{"ID": "EAN543075800162607807", "timestamp": "2024-02-16T10:30:45.091437", "rate_1_total": 824.7441702516301, "rate_2_total": 0.0, "current_rate": 1, "L1_cons": 3.2718914408374715, "L1_prod": 0.0, "L1_voltage": 239.5006774224572, "L1_current": 8.032442197607544}}
{"EnqueuedTimeUtc":"2024-02-16T09:30:44.1890000Z","Properties":{},"SystemProperties":{"messageId":"de611db3-cacf-419a-b1e2-df01972bfc20","connectionDeviceId":"electricity","connectionAuthMethod":"{\"scope\":\"device\",\"type\":\"sas\",\"issuer\":\"iothub\",\"acceptingIpFilterRule\":null}","connectionDeviceGenerationId":"638436705062889146","contentType":"application/json","contentEncoding":"utf-8","enqueuedTime":"2024-02-16T09:30:44.1890000Z"},"Body":{"ID": "EAN543075800162607807", "timestamp": "2024-02-16T10:30:50.128720", "rate_1_total": 825.1002788517692, "rate_2_total": 0.0, "current_rate": 1, "L1_cons": 0.3561086001391172, "L1_prod": 0.0, "L1_voltage": 231.91750709155866, "L1_current": 8.755635640622657}}
{"EnqueuedTimeUtc":"2024-02-16T09:30:49.2220000Z","Properties":{},"SystemProperties":{"messageId":"717a4796-29ab-4312-8760-455d34adf64c","connectionDeviceId":"electricity","connectionAuthMethod":"{\"scope\":\"device\",\"type\":\"sas\",\"issuer\":\"iothub\",\"acceptingIpFilterRule\":null}","connectionDeviceGenerationId":"638436705062889146","contentType":"application/json","contentEncoding":"utf-8","enqueuedTime":"2024-02-16T09:30:49.2220000Z"},"Body":{"ID": "EAN543075800162607807", "timestamp": "2024-02-16T10:30:55.159926", "rate_1_total": 825.7878155296825, "rate_2_total": 0.0, "current_rate": 1, "L1_cons": 0.6875366779132313, "L1_prod": 0.0, "L1_voltage": 236.9675846592474, "L1_current": 15.581737211641034}}
{"EnqueuedTimeUtc":"2024-02-16T09:30:54.2680000Z","Properties":{},"SystemProperties":{"messageId":"db434297-cf80-453a-929b-c3ffe7fd11ed","connectionDeviceId":"electricity","connectionAuthMethod":"{\"scope\":\"device\",\"type\":\"sas\",\"issuer\":\"iothub\",\"acceptingIpFilterRule\":null}","connectionDeviceGenerationId":"638436705062889146","contentType":"application/json","contentEncoding":"utf-8","enqueuedTime":"2024-02-16T09:30:54.2680000Z"},"Body":{"ID": "EAN543075800162607807", "timestamp": "2024-02-16T10:31:00.198523", "rate_1_total": 829.6816482148896, "rate_2_total": 0.0, "current_rate": 1, "L1_cons": 3.893832685207099, "L1_prod": 0.0, "L1_voltage": 231.67089018900964, "L1_current": 11.799142124804233}}
{"EnqueuedTimeUtc":"2024-02-16T09:30:59.3010000Z","Properties":{},"SystemProperties":{"messageId":"5f5858d7-3856-4a18-949e-4b31626b67a8","connectionDeviceId":"electricity","connectionAuthMethod":"{\"scope\":\"device\",\"type\":\"sas\",\"issuer\":\"iothub\",\"acceptingIpFilterRule\":null}","connectionDeviceGenerationId":"638436705062889146","contentType":"application/json","contentEncoding":"utf-8","enqueuedTime":"2024-02-16T09:30:59.3010000Z"},"Body":{"ID": "EAN543075800162607807", "timestamp": "2024-02-16T10:31:05.237388", "rate_1_total": 829.9911778991412, "rate_2_total": 0.0, "current_rate": 1, "L1_cons": 0.30952968425159205, "L1_prod": 0.0, "L1_voltage": 238.8931325844069, "L1_current": 15.1482878243162}}
{"EnqueuedTimeUtc":"2024-02-16T09:31:04.3320000Z","Properties":{},"SystemProperties":{"messageId":"7753d8cb-5713-45a6-acec-44c540ad8690","connectionDeviceId":"electricity","connectionAuthMethod":"{\"scope\":\"device\",\"type\":\"sas\",\"issuer\":\"iothub\",\"acceptingIpFilterRule\":null}","connectionDeviceGenerationId":"638436705062889146","contentType":"application/json","contentEncoding":"utf-8","enqueuedTime":"2024-02-16T09:31:04.3320000Z"},"Body":{"ID": "EAN543075800162607807", "timestamp": "2024-02-16T10:31:10.265131", "rate_1_total": 830.3254122012, "rate_2_total": 0.0, "current_rate": 1, "L1_cons": 0.3342343020588532, "L1_prod": 0.0, "L1_voltage": 232.6784675141079, "L1_current": 12.05852003177063}}
{"EnqueuedTimeUtc":"2024-02-16T09:31:09.3640000Z","Properties":{},"SystemProperties":{"messageId":"4765a6f7-4ea8-4a35-8bf7-375fa3f0fc60","connectionDeviceId":"electricity","connectionAuthMethod":"{\"scope\":\"device\",\"type\":\"sas\",\"issuer\":\"iothub\",\"acceptingIpFilterRule\":null}","connectionDeviceGenerationId":"638436705062889146","contentType":"application/json","contentEncoding":"utf-8","enqueuedTime":"2024-02-16T09:31:09.3640000Z"},"Body":{"ID": "EAN543075800162607807", "timestamp": "2024-02-16T10:31:15.303650", "rate_1_total": 830.7284978983114, "rate_2_total": 0.0, "current_rate": 1, "L1_cons": 0.40308569711134523, "L1_prod": 0.0, "L1_voltage": 230.9112612938597, "L1_current": 5.6701131490061805}}
{"EnqueuedTimeUtc":"2024-02-16T09:31:14.3960000Z","Properties":{},"SystemProperties":{"messageId":"c75c21ce-841d-4a13-a60f-bc4d681dfeb0","connectionDeviceId":"electricity","connectionAuthMethod":"{\"scope\":\"device\",\"type\":\"sas\",\"issuer\":\"iothub\",\"acceptingIpFilterRule\":null}","connectionDeviceGenerationId":"638436705062889146","contentType":"application/json","contentEncoding":"utf-8","enqueuedTime":"2024-02-16T09:31:14.3960000Z"},"Body":{"ID": "EAN543075800162607807", "timestamp": "2024-02-16T10:31:20.335471", "rate_1_total": 833.4223368950261, "rate_2_total": 0.0, "current_rate": 1, "L1_cons": 2.6938389967147436, "L1_prod": 0.0, "L1_voltage": 233.19563718052646, "L1_current": 14.377431460062725}}
{"EnqueuedTimeUtc":"2024-02-16T09:31:19.4580000Z","Properties":{},"SystemProperties":{"messageId":"b7fa52bd-f135-4969-bc36-a3fa7d1f5c60","connectionDeviceId":"electricity","connectionAuthMethod":"{\"scope\":\"device\",\"type\":\"sas\",\"issuer\":\"iothub\",\"acceptingIpFilterRule\":null}","connectionDeviceGenerationId":"638436705062889146","contentType":"application/json","contentEncoding":"utf-8","enqueuedTime":"2024-02-16T09:31:19.4580000Z"},"Body":{"ID": "EAN543075800162607807", "timestamp": "2024-02-16T10:31:25.385362", "rate_1_total": 835.0219349359245, "rate_2_total": 0.0, "current_rate": 1, "L1_cons": 1.5995980408984214, "L1_prod": 0.0, "L1_voltage": 234.97185661994246, "L1_current": 2.42888546544836}}
{"EnqueuedTimeUtc":"2024-02-16T09:31:24.4900000Z","Properties":{},"SystemProperties":{"messageId":"1d6cb93d-069e-4e46-a77a-a28c9977ede2","connectionDeviceId":"electricity","connectionAuthMethod":"{\"scope\":\"device\",\"type\":\"sas\",\"issuer\":\"iothub\",\"acceptingIpFilterRule\":null}","connectionDeviceGenerationId":"638436705062889146","contentType":"application/json","contentEncoding":"utf-8","enqueuedTime":"2024-02-16T09:31:24.4900000Z"},"Body":{"ID": "EAN543075800162607807", "timestamp": "2024-02-16T10:31:30.425596", "rate_1_total": 838.4906742313945, "rate_2_total": 0.0, "current_rate": 1, "L1_cons": 3.468739295469943, "L1_prod": 0.0, "L1_voltage": 237.12062849761688, "L1_current": 10.652670324449495}}