{"EnqueuedTimeUtc":"2024-02-16T09:31:29.5220000Z","Properties":{},"SystemProperties":{"messageId":"19c1d8de-2c98-4fec-a6b2-12d4ab8a92ab","connectionDeviceId":"electricity","connectionAuthMethod":"{\"scope\":\"device\",\"type\":\"sas\",\"issuer\":\"iothub\",\"acceptingIpFilterRule\":null}","connectionDeviceGenerationId":"638436705062889146","contentType":"application/json","contentEncoding":"utf-8","enqueuedTime":"2024-02-16T09:31:29.5220000Z"},"Body":{"ID": "EAN543075800162607807", "timestamp": "2024-02-16T10:31:35.453147", "rate_1_total": 843.3517321048569, "rate_2_total": 0.0, "current_rate": 1, "L1_cons": 4.861057873462403, "L1_prod": 0.0, "L1_voltage": 232.4109498515343, "L1_current": 15.653058623537548}}
{"EnqueuedTimeUtc":"2024-02-16T09:31:34.5690000Z","Properties":{},"SystemProperties":{"messageId":"83e69d75-faca-4337-8fc2-86e7009c117c","connectionDeviceId":"electricity","connectionAuthMethod":"{\"scope\":\"device\",\"type\":\"sas\",\"issuer\":\"iothub\",\"acceptingIpFilterRule\":null}","connectionDeviceGenerationId":"638436705062889146","contentType":"application/json","contentEncoding":"utf-8","enqueuedTime":"2024-02-16T09:31:34.5690000Z"},"Body":{"ID": "EAN543075800162607807", "timestamp": "2024-02-16T10:31:40.496566", "rate_1_total": 843.5778846646635, "rate_2_total": 0.0, "current_rate": 1, "L1_cons": 0.2261525598067299, "L1_prod": 0.0, "L1_voltage": 236.4288719244591, "L1_current": 5.21961854828095}}
{"EnqueuedTimeUtc":"2024-02-16T09:31:39.6010000Z","Properties":{},"SystemProperties":{"messageId":"728a122c-76cc-493c-bb14-3ba7f58a00cf","connectionDeviceId":"electricity","connectionAuthMethod":"{\"scope\":\"device\",\"type\":\"sas\",\"issuer\":\"iothub\",\"acceptingIpFilterRule\":null}","connectionDeviceGenerationId":"638436705062889146","contentType":"application/json","contentEncoding":"utf-8","enqueuedTime":"2024-02-16T09:31:39.6010000Z"},"Body":{"ID": "EAN543075800162607807", "timestamp": "2024-02-16T10:31:45.542666", "rate_1_total": 846.1842794222475, "rate_2_total": 0.0, "current_rate": 1, "L1_cons": 2.60639475758394, "L1_prod": 0.0, "L1_voltage": 234.41261916893137, "L1_current": 5.3546944867816455}}
{"EnqueuedTimeUtc":"2024-02-16T09:31:44.6480000Z","Properties":{},"SystemProperties":{"messageId":"9ca55fe3-74b8-4d86-a032-b50455257e9d","connectionDeviceId":"electricity","connectionAuthMethod":"{\"scope\":\"device\",\"type\":\"sas\",\"issuer\":\"iothub\",\"acceptingIpFilterRule\":null}","connectionDeviceGenerationId":"638436705062889146","contentType":"application/json","contentEncoding":"utf-8","enqueuedTime":"2024-02-16T09:31:44.6480000Z"},"Body":{"ID": "EAN543075800162607807", "timestamp": "2024-02-16T10:31:50.574471", "rate_1_total": 850.8273082328604, "rate_2_total": 0.0, "current_rate": 1, "L1_cons": 4.64302881061294, "L1_prod": 0.0, "L1_voltage": 230.35985091152, "L1_current": 3.5891102493699836}}
{"EnqueuedTimeUtc":"2024-02-16T09:31:49.6810000Z","Properties":{},"SystemProperties":{"messageId":"ca7306b9-d70f-42f6-bd26-da87e2f31b5a","connectionDeviceId":"electricity","connectionAuthMethod":"{\"scope\":\"device\",\"type\":\"sas\",\"issuer\":\"iothub\",\"acceptingIpFilterRule\":null}","connectionDeviceGenerationId":"638436705062889146","contentType":"application/json","contentEncoding":"utf-8","enqueuedTime":"2024-02-16T09:31:49.6810000Z"},"Body":{"ID": "EAN543075800162607807", "timestamp": "2024-02-16T10:31:55.618958", "rate_1_total": 851.6190394228631, "rate_2_total": 0.0, "current_rate": 1, "L1_cons": 0.7917311900026697, "L1_prod": 0.0, "L1_voltage": 235.82465875295722, "L1_current": 11.344670226809773}}
{"EnqueuedTimeUtc":"2024-02-16T09:31:54.7120000Z","Properties":{},"SystemProperties":{"messageId":"c3b122ea-7c5f-4b56-88f2-d27b326b56b9","connectionDeviceId":"electricity","connectionAuthMethod":"{\"scope\":\"device\",\"type\":\"sas\",\"issuer\":\"iothub\",\"acceptingIpFilterRule\":null}","connectionDeviceGenerationId":"638436705062889146","contentType":"application/json","contentEncoding":"utf-8","enqueuedTime":"2024-02-16T09:31:54.7120000Z"},"Body":{"ID": "EAN543075800162607807", "timestamp": "2024-02-16T10:32:00.648790", "rate_1_total": 855.6217345065855, "rate_2_total": 0.0, "current_rate": 1, "L1_cons": 4.002695083722374, "L1_prod": 0.0, "L1_voltage": 233.6597500137795, "L1_current": 14.310935012979776}}
{"EnqueuedTimeUtc":"2024-02-16T09:31:59.7600000Z","Properties":{},"SystemProperties":{"messageId":"8e52ee61-7349-46e7-b232-ff5699fc37a2","connectionDeviceId":"electricity","connectionAuthMethod":"{\"scope\":\"device\",\"type\":\"sas\",\"issuer\":\"iothub\",\"acceptingIpFilterRule\":null}","connectionDeviceGenerationId":"638436705062889146","contentType":"application/json","contentEncoding":"utf-8","enqueuedTime":"2024-02-16T09:31:59.7600000Z"},"Body":{"ID": "EAN543075800162607807", "timestamp": "2024-02-16T10:32:05.690578", "rate_1_total": 859.5261980593983, "rate_2_total": 0.0, "current_rate": 1, "L1_cons": 3.9044635528127523, "L1_prod": 0.0, "L1_voltage": 233.86327689065538, "L1_current": 0.9242624096791447}}
{"EnqueuedTimeUtc":"2024-02-16T09:32:04.7910000Z","Properties":{},"SystemProperties":{"messageId":"b902a944-17b8-4a8a-a4d7-6c4623b8be39","connectionDeviceId":"electricity","connectionAuthMethod":"{\"scope\":\"device\",\"type\":\"sas\",\"issuer\":\"iothub\",\"acceptingIpFilterRule\":null}","connectionDeviceGenerationId":"638436705062889146","contentType":"application/json","contentEncoding":"utf-8","enqueuedTime":"2024-02-16T09:32:04.7910000Z"},"Body":{"ID": "EAN543075800162607807", "timestamp": "2024-02-16T10:32:10.729371", "rate_1_total": 861.5419642554016, "rate_2_total": 0.0, "current_rate": 1, "L1_cons": 2.0157661960032187, "L1_prod": 0.0, "L1_voltage": 231.0588870269274, "L1_current": 8.788406253622643}}
{"EnqueuedTimeUtc":"2024-02-16T09:32:09.8230000Z","Properties":{},"SystemProperties":{"messageId":"82ef2989-b38a-488a-aa2e-fff80d090799","connectionDeviceId":"electricity","connectionAuthMethod":"{\"scope\":\"device\",\"type\":\"sas\",\"issuer\":\"iothub\",\"acceptingIpFilterRule\":null}","connectionDeviceGenerationId":"638436705062889146","contentType":"application/json","contentEncoding":"utf-8","enqueuedTime":"2024-02-16T09:32:09.8230000Z"},"Body":{"ID": "EAN543075800162607807", "timestamp": "2024-02-16T10:32:15.757421", "rate_1_total": 862.9466393516497, "rate_2_total": 0.0, "current_rate": 1, "L1_cons": 1.404675096248055, "L1_prod": 0.0, "L1_voltage": 238.7172642091251, "L1_current": 3.252818395881354}}
{"EnqueuedTimeUtc":"2024-02-16T09:32:14.8560000Z","Properties":{},"SystemProperties":{"messageId":"6d399ed3-bb5f-4399-afd7-43b76710df6a","connectionDeviceId":"electricity","connectionAuthMethod":"{\"scope\":\"device\",\"type\":\"sas\",\"issuer\":\"iothub\",\"acceptingIpFilterRule\":null}","connectionDeviceGenerationId":"638436705062889146","contentType":"application/json","contentEncoding":"utf-8","enqueuedTime":"2024-02-16T09:32:14.8560000Z"},"Body":{"ID": "EAN543075800162607807", "timestamp": "2024-02-16T10:32:20.796697", "rate_1_total": 866.0796720373427, "rate_2_total": 0.0, "current_rate": 1, "L1_cons": 3.1330326856930166, "L1_prod": 0.0, "L1_voltage": 234.0017944385663, "L1_current": 14.80749975078777}}
{"EnqueuedTimeUtc":"2024-02-16T09:32:19.9020000Z","Properties":{},"SystemProperties":{"messageId":"3db30e60-15e3-4773-8521-f4ea0445e468","connectionDeviceId":"electricity","connectionAuthMethod":"{\"scope\":\"device\",\"type\":\"sas\",\"issuer\":\"iothub\",\"acceptingIpFilterRule\":null}","connectionDeviceGenerationId":"638436705062889146","contentType":"application/json","contentEncoding":"utf-8","enqueuedTime":"2024-02-16T09:32:19.9020000Z"},"Body":{"ID": "EAN543075800162607807", "timestamp": "2024-02-16T10:32:25.833411", "rate_1_total": 867.5455211732105, "rate_2_total": 0.0, "current_rate": 1, "L1_cons": 1.4658491358678967, "L1_prod": 0.0, "L1_voltage": 233.96231325116327, "L1_current": 15.0425672895401}}
{"EnqueuedTimeUtc":"2024-02-16T09:32:24.9340000Z","Properties":{},"SystemProperties":{"messageId":"037cec0b-00ae-42a8-b7fa-2b431b9c3676","connectionDeviceId":"electricity","connectionAuthMethod":"{\"scope\":\"device\",\"type\":\"sas\",\"issuer\":\"iothub\",\"acceptingIpFilterRule\":null}","connectionDeviceGenerationId":"638436705062889146","contentType":"application/json","contentEncoding":"utf-8","enqueuedTime":"2024-02-16T09:32:24.9340000Z"},"Body":{"ID": "EAN543075800162607807", "timestamp": "2024-02-16T10:32:30.863039", "rate_1_total": 867.7474875685663, "rate_2_total": 0.0, "current_rate": 1, "L1_cons": 0.20196639535570884, "L1_prod": 0.0, "L1_voltage": 236.709059954791, "L1_current": 13.341672993555173}}