{"EnqueuedTimeUtc":"2024-02-16T09:32:29.9810000Z","Properties":{},"SystemProperties":{"messageId":"fb068471-b9b3-4b18-96f9-2bbd52c539a0","connectionDeviceId":"electricity","connectionAuthMethod":"{\"scope\":\"device\",\"type\":\"sas\",\"issuer\":\"iothub\",\"acceptingIpFilterRule\":null}","connectionDeviceGenerationId":"638436705062889146","contentType":"application/json","contentEncoding":"utf-8","enqueuedTime":"2024-02-16T09:32:29.9810000Z"},"Body":{"ID": "EAN543075800162607807", "timestamp": "2024-02-16T10:32:35.910564", "rate_1_total": 872.5182622339806, "rate_2_total": 0.0, "current_rate": 1, "L1_cons": 4.770774665414377, "L1_prod": 0.0, "L1_voltage": 235.81332432480983, "L1_current": 15.361087922567291}}
{"EnqueuedTimeUtc":"2024-02-16T09:32:35.0130000Z","Properties":{},"SystemProperties":{"messageId":"1d5cd9c0-25bc-4f94-978a-4ffa597bc3c4","connectionDeviceId":"electricity","connectionAuthMethod":"{\"scope\":\"device\",\"type\":\"sas\",\"issuer\":\"iothub\",\"acceptingIpFilterRule\":null}","connectionDeviceGenerationId":"638436705062889146","contentType":"application/json","contentEncoding":"utf-8","enqueuedTime":"2024-02-16T09:32:35.0130000Z"},"Body":{"ID": "EAN543075800162607807", "timestamp": "2024-02-16T10:32:40.941079", "rate_1_total": 875.8557103838507, "rate_2_total": 0.0, "current_rate": 1, "L1_cons": 3.3374481498700206, "L1_prod": 0.0, "L1_voltage": 233.00721771340284, "L1_current": 0.9628614280235225}}
{"EnqueuedTimeUtc":"2024-02-16T09:32:40.0460000Z","Properties":{},"SystemProperties":{"messageId":"7e90cbcc-76da-462a-96ea-6b6e47400311","connectionDeviceId":"electricity","connectionAuthMethod":"{\"scope\":\"device\",\"type\":\"sas\",\"issuer\":\"iothub\",\"acceptingIpFilterRule\":null}","connectionDeviceGenerationId":"638436705062889146","contentType":"application/json","contentEncoding":"utf-8","enqueuedTime":"2024-02-16T09:32:40.0460000Z"},"Body":{"ID": "EAN543075800162607807", "timestamp": "2024-02-16T10:32:45.976519", "rate_1_total": 879.2348950991676, "rate_2_total": 0.0, "current_rate": 1, "L1_cons": 3.379184715316959, "L1_prod": 0.0, "L1_voltage": 239.56703870370072, "L1_current": 9.154938926138263}}
{"EnqueuedTimeUtc":"2024-02-16T09:32:45.0930000Z","Properties":{},"SystemProperties":{"messageId":"4dd303fa-800b-4a61-b861-6d90fcbae685","connectionDeviceId":"electricity","connectionAuthMethod":"{\"scope\":\"device\",\"type\":\"sas\",\"issuer\":\"iothub\",\"acceptingIpFilterRule\":null}","connectionDeviceGenerationId":"638436705062889146","contentType":"application/json","contentEncoding":"utf-8","enqueuedTime":"2024-02-16T09:32:45.0930000Z"},"Body":{"ID": "EAN543075800162607807", "timestamp": "2024-02-16T10:32:51.021243", "rate_1_total": 880.510229788023, "rate_2_total": 0.0, "current_rate": 1, "L1_cons": 1.275334688855452, "L1_prod": 0.0, "L1_voltage": 235.6613468157357, "L1_current": 14.906713081975694}}
{"EnqueuedTimeUtc":"2024-02-16T09:32:50.1090000Z","Properties":{},"SystemProperties":{"messageId":"ec2366ca-7ca3-4608-b152-61f148f1d4a5","connectionDeviceId":"electricity","connectionAuthMethod":"{\"scope\":\"device\",\"type\":\"sas\",\"issuer\":\"iothub\",\"acceptingIpFilterRule\":null}","connectionDeviceGenerationId":"638436705062889146","contentType":"application/json","contentEncoding":"utf-8","enqueuedTime":"2024-02-16T09:32:50.1090000Z"},"Body":{"ID": "EAN543075800162607807", "timestamp": "2024-02-16T10:32:56.050317", "rate_1_total": 883.8683358339429, "rate_2_total": 0.0, "current_rate": 1, "L1_cons": 3.3581060459198593, "L1_prod": 0.0, "L1_voltage": 234.68464475329895, "L1_current": 15.010509878010105}}
{"EnqueuedTimeUtc":"2024-02-16T09:32:55.1560000Z","Properties":{},"SystemProperties":{"messageId":"29a5cd8b-8c3d-409b-830a-4210ac8bffd1","connectionDeviceId":"electricity","connectionAuthMethod":"{\"scope\":\"device\",\"type\":\"sas\",\"issuer\":\"iothub\",\"acceptingIpFilterRule\":null}","connectionDeviceGenerationId":"638436705062889146","contentType":"application/json","contentEncoding":"utf-8","enqueuedTime":"2024-02-16T09:32:55.1560000Z"},"Body":{"ID": "EAN543075800162607807", "timestamp": "2024-02-16T10:33:01.088320", "rate_1_total": 887.3893074364685, "rate_2_total": 0.0, "current_rate": 1, "L1_cons": 3.5209716025256586, "L1_prod": 0.0, "L1_voltage": 231.4453799339602, "L1_current": 8.673599749846144}}
{"EnqueuedTimeUtc":"2024-02-16T09:33:00.2040000Z","Properties":{},"SystemProperties":{"messageId":"add75c32-85b3-44bd-8ccf-7d2deb19968b","connectionDeviceId":"electricity","connectionAuthMethod":"{\"scope\":\"device\",\"type\":\"sas\",\"issuer\":\"iothub\",\"acceptingIpFilterRule\":null}","connectionDeviceGenerationId":"638436705062889146","contentType":"application/json","contentEncoding":"utf-8","enqueuedTime":"2024-02-16T09:33:00.2040000Z"},"Body":{"ID": "EAN543075800162607807", "timestamp": "2024-02-16T10:33:06.130453", "rate_1_total": 887.6050414925515, "rate_2_total": 0.0, "current_rate": 1, "L1_cons": 0.2157340560830859, "L1_prod": 0.0, "L1_voltage": 230.1792124706872, "L1_current": 12.40403188589318}}
{"EnqueuedTimeUtc":"2024-02-16T09:33:05.2200000Z","Properties":{},"SystemProperties":{"messageId":"d61c9982-18d6-46d7-9a0f-c4cfc15ebcdc","connectionDeviceId":"electricity","connectionAuthMethod":"{\"scope\":\"device\",\"type\":\"sas\",\"issuer\":\"iothub\",\"acceptingIpFilterRule\":null}","connectionDeviceGenerationId":"638436705062889146","contentType":"application/json","contentEncoding":"utf-8","enqueuedTime":"2024-02-16T09:33:05.2200000Z"},"Body":{"ID": "EAN543075800162607807", "timestamp": "2024-02-16T10:33:11.160625", "rate_1_total": 889.7772625705196, "rate_2_total": 0.0, "current_rate": 1, "L1_cons": 2.172221077968036, "L1_prod": 0.0, "L1_voltage": 237.12116788165673, "L1_current": 2.5508747112536465}}
{"EnqueuedTimeUtc":"2024-02-16T09:33:10.2700000Z","Properties":{},"SystemProperties":{"messageId":"b1911909-a069-4b5c-8edb-2e11f85e69c3","connectionDeviceId":"electricity","connectionAuthMethod":"{\"scope\":\"device\",\"type\":\"sas\",\"issuer\":\"iothub\",\"acceptingIpFilterRule\":null}","connectionDeviceGenerationId":"638436705062889146","contentType":"application/json","contentEncoding":"utf-8","enqueuedTime":"2024-02-16T09:33:10.2700000Z"},"Body":{"ID": "EAN543075800162607807", "timestamp": "2024-02-16T10:33:16.200394", "rate_1_total": 890.6961553606767, "rate_2_total": 0.0, "current_rate": 1, "L1_cons": 0.9188927901570669, "L1_prod": 0.0, "L1_voltage": 239.41504302509716, "L1_current": 0.5713193357410171}}
{"EnqueuedTimeUtc":"2024-02-16T09:33:15.3030000Z","Properties":{},"SystemProperties":{"messageId":"27513ad1-046f-4663-a4f1-2449b7f110da","connectionDeviceId":"electricity","connectionAuthMethod":"{\"scope\":\"device\",\"type\":\"sas\",\"issuer\":\"iothub\",\"acceptingIpFilterRule\":null}","connectionDeviceGenerationId":"638436705062889146","contentType":"application/json","contentEncoding":"utf-8","enqueuedTime":"2024-02-16T09:33:15.3030000Z"},"Body":{"ID": "EAN543075800162607807", "timestamp": "2024-02-16T10:33:21.234893", "rate_1_total": 891.4466778346313, "rate_2_total": 0.0, "current_rate": 1, "L1_cons": 0.7505224739545405, "L1_prod": 0.0, "L1_voltage": 233.50034373839688, "L1_current": 10.028612053933816}}
{"EnqueuedTimeUtc":"2024-02-16T09:33:20.3340000Z","Properties":{},"SystemProperties":{"messageId":"405a600d-9643-4b31-9f2a-ec2812af13de","connectionDeviceId":"electricity","connectionAuthMethod":"{\"scope\":\"device\",\"type\":\"sas\",\"issuer\":\"iothub\",\"acceptingIpFilterRule\":null}","connectionDeviceGenerationId":"638436705062889146","contentType":"application/json","contentEncoding":"utf-8","enqueuedTime":"2024-02-16T09:33:20.3340000Z"},"Body":{"ID": "EAN543075800162607807", "timestamp": "2024-02-16T10:33:26.274561", "rate_1_total": 892.6991323964836, "rate_2_total": 0.0, "current_rate": 1, "L1_cons": 1.252454561852393, "L1_prod": 0.0, "L1_voltage": 235.33945326958988, "L1_current": 5.016116612485739}}
{"EnqueuedTimeUtc":"2024-02-16T09:33:25.3810000Z","Properties":{},"SystemProperties":{"messageId":"acf58b25-d47a-4eb2-999d-b2ad5159d991","connectionDeviceId":"electricity","connectionAuthMethod":"{\"scope\":\"device\",\"type\":\"sas\",\"issuer\":\"iothub\",\"acceptingIpFilterRule\":null}","connectionDeviceGenerationId":"638436705062889146","contentType":"application/json","contentEncoding":"utf-8","enqueuedTime":"2024-02-16T09:33:25.3810000Z"},"Body":{"ID": "EAN543075800162607807", "timestamp": "2024-02-16T10:33:31.314052", "rate_1_total": 894.5923898232303, "rate_2_total": 0.0, "current_rate": 1, "L1_cons": 1.8932574267467048, "L1_prod": 0.0, "L1_voltage": 232.5926801540043, "L1_current": 6.663975005348508}}