{"EnqueuedTimeUtc":"2024-02-16T09:33:30.4130000Z","Properties":{},"SystemProperties":{"messageId":"2d4ecefc-8285-4e09-aea3-f3d61a37cb22","connectionDeviceId":"electricity","connectionAuthMethod":"{\"scope\":\"device\",\"type\":\"sas\",\"issuer\":\"iothub\",\"acceptingIpFilterRule\":null}","connectionDeviceGenerationId":"638436705062889146","contentType":"application/json","contentEncoding":"utf-8","enqueuedTime":"2024-02-16T09:33:30.4130000Z"},"Body":{"ID": "EAN543075800162607807", "timestamp": "2024-02-16T10:33:36.343349", "rate_1_total": 898.362400946411, "rate_2_total": 0.0, "current_rate": 1, "L1_cons": 3.7700111231807085, "L1_prod": 0.0, "L1_voltage": 236.11056781756085, "L1_current": 6.518011115559633}}
{"EnqueuedTimeUtc":"2024-02-16T09:33:35.4450000Z","Properties":{},"SystemProperties":{"messageId":"51aea104-b892-4c83-9fa9-5491a905d704","connectionDeviceId":"electricity","connectionAuthMethod":"{\"scope\":\"device\",\"type\":\"sas\",\"issuer\":\"iothub\",\"acceptingIpFilterRule\":null}","connectionDeviceGenerationId":"638436705062889146","contentType":"application/json","contentEncoding":"utf-8","enqueuedTime":"2024-02-16T09:33:35.4450000Z"},"Body":{"ID": "EAN543075800162607807", "timestamp": "2024-02-16T10:33:41.385955", "rate_1_total": 903.1167849388355, "rate_2_total": 0.0, "current_rate": 1, "L1_cons": 4.754383992424521, "L1_prod": 0.0, "L1_voltage": 239.87297126816094, "L1_current": 6.765958732117332}}
{"EnqueuedTimeUtc":"2024-02-16T09:33:40.4920000Z","Properties":{},"SystemProperties":{"messageId":"467f0901-3a6e-487c-ba44-df72bfe60123","connectionDeviceId":"electricity","connectionAuthMethod":"{\"scope\":\"device\",\"type\":\"sas\",\"issuer\":\"iothub\",\"acceptingIpFilterRule\":null}","connectionDeviceGenerationId":"638436705062889146","contentType":"application/json","contentEncoding":"utf-8","enqueuedTime":"2024-02-16T09:33:40.4920000Z"},"Body":{"ID": "EAN543075800162607807", "timestamp": "2024-02-16T10:33:46.425255", "rate_1_total": 904.8081891955393, "rate_2_total": 0.0, "current_rate": 1, "L1_cons": 1.6914042567037253, "L1_prod": 0.0, "L1_voltage": 234.08064457479333, "L1_current": 2.167964159976667}}
{"EnqueuedTimeUtc":"2024-02-16T09:33:45.5240000Z","Properties":{},"SystemProperties":{"messageId":"5dc78d16-38c5-46a5-9079-fe3a17fad69b","connectionDeviceId":"electricity","connectionAuthMethod":"{\"scope\":\"device\",\"type\":\"sas\",\"issuer\":\"iothub\",\"acceptingIpFilterRule\":null}","connectionDeviceGenerationId":"638436705062889146","contentType":"application/json","contentEncoding":"utf-8","enqueuedTime":"2024-02-16T09:33:45.5240000Z"},"Body":{"ID": "EAN543075800162607807", "timestamp": "2024-02-16T10:33:51.460712", "rate_1_total": 906.6443513413438, "rate_2_total": 0.0, "current_rate": 1, "L1_cons": 1.8361621458045496, "L1_prod": 0.0, "L1_voltage": 235.98765106253498, "L1_current": 10.42658878047878}}
{"EnqueuedTimeUtc":"2024-02-16T09:33:50.5710000Z","Properties":{},"SystemProperties":{"messageId":"1b71ca96-cbfb-48a7-9212-28e9395a5623","connectionDeviceId":"electricity","connectionAuthMethod":"{\"scope\":\"device\",\"type\":\"sas\",\"issuer\":\"iothub\",\"acceptingIpFilterRule\":null}","connectionDeviceGenerationId":"638436705062889146","contentType":"application/json","contentEncoding":"utf-8","enqueuedTime":"2024-02-16T09:33:50.5710000Z"},"Body":{"ID": "EAN543075800162607807", "timestamp": "2024-02-16T10:33:56.497628", "rate_1_total": 911.2995291665756, "rate_2_total": 0.0, "current_rate": 1, "L1_cons": 4.655177825231736, "L1_prod": 0.0, "L1_voltage": 239.39576829260378, "L1_current": 6.669500341181036}}
{"EnqueuedTimeUtc":"2024-02-16T09:33:55.6040000Z","Properties":{},"SystemProperties":{"messageId":"d6aeb1cd-deb3-4b8a-a4e8-7e4c56804687","connectionDeviceId":"electricity","connectionAuthMethod":"{\"scope\":\"device\",\"type\":\"sas\",\"issuer\":\"iothub\",\"acceptingIpFilterRule\":null}","connectionDeviceGenerationId":"638436705062889146","contentType":"application/json","contentEncoding":"utf-8","enqueuedTime":"2024-02-16T09:33:55.6040000Z"},"Body":{"ID": "EAN543075800162607807", "timestamp": "2024-02-16T10:34:01.536499", "rate_1_total": 914.6455950240143, "rate_2_total": 0.0, "current_rate": 1, "L1_cons": 3.3460658574387403, "L1_prod": 0.0, "L1_voltage": 233.1830619246313, "L1_current": 6.754878800028846}}
{"EnqueuedTimeUtc":"2024-02-16T09:34:00.6360000Z","Properties":{},"SystemProperties":{"messageId":"4beb2e1e-57ff-47d3-9bf3-9ad2d33c5c63","connectionDeviceId":"electricity","connectionAuthMethod":"{\"scope\":\"device\",\"type\":\"sas\",\"issuer\":\"iothub\",\"acceptingIpFilterRule\":null}","connectionDeviceGenerationId":"638436705062889146","contentType":"application/json","contentEncoding":"utf-8","enqueuedTime":"2024-02-16T09:34:00.6360000Z"},"Body":{"ID": "EAN543075800162607807", "timestamp": "2024-02-16T10:34:06.572167", "rate_1_total": 917.2034442112264, "rate_2_total": 0.0, "current_rate": 1, "L1_cons": 2.5578491872121476, "L1_prod": 0.0, "L1_voltage": 238.4419878685383, "L1_current": 1.8574584417583737}}
{"EnqueuedTimeUtc":"2024-02-16T09:34:05.6840000Z","Properties":{},"SystemProperties":{"messageId":"a942db1b-098c-4156-80ff-33b9f287bfba","connectionDeviceId":"electricity","connectionAuthMethod":"{\"scope\":\"device\",\"type\":\"sas\",\"issuer\":\"iothub\",\"acceptingIpFilterRule\":null}","connectionDeviceGenerationId":"638436705062889146","contentType":"application/json","contentEncoding":"utf-8","enqueuedTime":"2024-02-16T09:34:05.6840000Z"},"Body":{"ID": "EAN543075800162607807", "timestamp": "2024-02-16T10:34:11.612154", "rate_1_total": 917.9643499562061, "rate_2_total": 0.0, "current_rate": 1, "L1_cons": 0.7609057449796871, "L1_prod": 0.0, "L1_voltage": 233.24205225368303, "L1_current": 3.1366581565630205}}
{"EnqueuedTimeUtc":"2024-02-16T09:34:10.7160000Z","Properties":{},"SystemProperties":{"messageId":"1734c72f-e323-4b42-912f-40f88aa3bbee","connectionDeviceId":"electricity","connectionAuthMethod":"{\"scope\":\"device\",\"type\":\"sas\",\"issuer\":\"iothub\",\"acceptingIpFilterRule\":null}","connectionDeviceGenerationId":"638436705062889146","contentType":"application/json","contentEncoding":"utf-8","enqueuedTime":"2024-02-16T09:34:10.7160000Z"},"Body":{"ID": "EAN543075800162607807", "timestamp": "2024-02-16T10:34:16.640965", "rate_1_total": 919.6422262084453, "rate_2_total": 0.0, "current_rate": 1, "L1_cons": 1.677876252239264, "L1_prod": 0.0, "L1_voltage": 236.93707715571017, "L1_current": 2.7646929474846247}}
{"EnqueuedTimeUtc":"2024-02-16T09:34:15.7480000Z","Properties":{},"SystemProperties":{"messageId":"aee64094-dc38-4fd0-9c9f-d3ca8cf15f8f","connectionDeviceId":"electricity","connectionAuthMethod":"{\"scope\":\"device\",\"type\":\"sas\",\"issuer\":\"iothub\",\"acceptingIpFilterRule\":null}","connectionDeviceGenerationId":"638436705062889146","contentType":"application/json","contentEncoding":"utf-8","enqueuedTime":"2024-02-16T09:34:15.7480000Z"},"Body":{"ID": "EAN543075800162607807", "timestamp": "2024-02-16T10:34:21.683936", "rate_1_total": 924.1148658393946, "rate_2_total": 0.0, "current_rate": 1, "L1_cons": 4.472639630949295, "L1_prod": 0.0, "L1_voltage": 231.2765896023902, "L1_current": 8.96390392435278}}
{"EnqueuedTimeUtc":"2024-02-16T09:34:20.7810000Z","Properties":{},"SystemProperties":{"messageId":"8e453a66-ad27-43be-9b4d-f8a6f60cafac","connectionDeviceId":"electricity","connectionAuthMethod":"{\"scope\":\"device\",\"type\":\"sas\",\"issuer\":\"iothub\",\"acceptingIpFilterRule\":null}","connectionDeviceGenerationId":"638436705062889146","contentType":"application/json","contentEncoding":"utf-8","enqueuedTime":"2024-02-16T09:34:20.7810000Z"},"Body":{"ID": "EAN543075800162607807", "timestamp": "2024-02-16T10:34:26.722322", "rate_1_total": 926.7349185034126, "rate_2_total": 0.0, "current_rate": 1, "L1_cons": 2.6200526640179507, "L1_prod": 0.0, "L1_voltage": 238.8898402771244, "L1_current": 6.605330009389144}}
{"EnqueuedTimeUtc":"2024-02-16T09:34:25.8120000Z","Properties":{},"SystemProperties":{"messageId":"a025675c-709c-471b-ad6c-a6efd23c813c","connectionDeviceId":"electricity","connectionAuthMethod":"{\"scope\":\"device\",\"type\":\"sas\",\"issuer\":\"iothub\",\"acceptingIpFilterRule\":null}","connectionDeviceGenerationId":"638436705062889146","contentType":"application/json","contentEncoding":"utf-8","enqueuedTime":"2024-02-16T09:34:25.8120000Z"},"Body":{"ID": "EAN543075800162607807", "timestamp": "2024-02-16T10:34:31.755104", "rate_1_total": 931.4285262865931, "rate_2_total": 0.0, "current_rate": 1, "L1_cons": 4.693607783180445, "L1_prod": 0.0, "L1_voltage": 238.908310129849, "L1_current": 1.5227826631647485}}