{"EnqueuedTimeUtc":"2024-02-16T09:34:30.8590000Z","Properties":{},"SystemProperties":{"messageId":"dc77fa24-157d-4f5a-a434-3b2b3d6fbb2f","connectionDeviceId":"electricity","connectionAuthMethod":"{\"scope\":\"device\",\"type\":\"sas\",\"issuer\":\"iothub\",\"acceptingIpFilterRule\":null}","connectionDeviceGenerationId":"638436705062889146","contentType":"application/json","contentEncoding":"utf-8","enqueuedTime":"2024-02-16T09:34:30.8590000Z"},"Body":{"ID": "EAN543075800162607807", "timestamp": "2024-02-16T10:34:36.796609", "rate_1_total": 935.9763001312417, "rate_2_total": 0.0, "current_rate": 1, "L1_cons": 4.547773844648611, "L1_prod": 0.0, "L1_voltage": 232.38422210054108, "L1_current": 7.216373366657724}}
{"EnqueuedTimeUtc":"2024-02-16T09:34:35.8920000Z","Properties":{},"SystemProperties":{"messageId":"b6622b54-5b2d-475f-b94f-d975091dfffc","connectionDeviceId":"electricity","connectionAuthMethod":"{\"scope\":\"device\",\"type\":\"sas\",\"issuer\":\"iothub\",\"acceptingIpFilterRule\":null}","connectionDeviceGenerationId":"638436705062889146","contentType":"application/json","contentEncoding":"utf-8","enqueuedTime":"2024-02-16T09:34:35.8920000Z"},"Body":{"ID": "EAN543075800162607807", "timestamp": "2024-02-16T10:34:41.826377", "rate_1_total": 936.9506082639764, "rate_2_total": 0.0, "current_rate": 1, "L1_cons": 0.9743081327346553, "L1_prod": 0.0, "L1_voltage": 239.72644490969256, "L1_current": 9.531764849623407}}
{"EnqueuedTimeUtc":"2024-02-16T09:34:40.9390000Z","Properties":{},"SystemProperties":{"messageId":"8c0d8208-8682-4a8e-9f9b-8ff10ee0273e","connectionDeviceId":"electricity","connectionAuthMethod":"{\"scope\":\"device\",\"type\":\"sas\",\"issuer\":\"iothub\",\"acceptingIpFilterRule\":null}","connectionDeviceGenerationId":"638436705062889146","contentType":"application/json","contentEncoding":"utf-8","enqueuedTime":"2024-02-16T09:34:40.9390000Z"},"Body":{"ID": "EAN543075800162607807", "timestamp": "2024-02-16T10:34:46.866139", "rate_1_total": 939.4205781574098, "rate_2_total": 0.0, "current_rate": 1, "L1_cons": 2.469969893433395, "L1_prod": 0.0, "L1_voltage": 232.2395254924932, "L1_current": 6.95941713950394}}
{"EnqueuedTimeUtc":"2024-02-16T09:34:45.9710000Z","Properties":{},"SystemProperties":{"messageId":"c3f9fdad-850a-40f3-b7bf-9f3ef32a90c3","connectionDeviceId":"electricity","connectionAuthMethod":"{\"scope\":\"device\",\"type\":\"sas\",\"issuer\":\"iothub\",\"acceptingIpFilterRule\":null}","connectionDeviceGenerationId":"638436705062889146","contentType":"application/json","contentEncoding":"utf-8","enqueuedTime":"2024-02-16T09:34:45.9710000Z"},"Body":{"ID": "EAN543075800162607807", "timestamp": "2024-02-16T10:34:51.899525", "rate_1_total": 940.063584957829, "rate_2_total": 0.0, "current_rate": 1, "L1_cons": 0.6430068004192725, "L1_prod": 0.0, "L1_voltage": 231.8014976026839, "L1_current": 7.225175585336712}}
{"EnqueuedTimeUtc":"2024-02-16T09:34:51.0020000Z","Properties":{},"SystemProperties":{"messageId":"113ad702-6601-48cb-9466-9d4a6afe4140","connectionDeviceId":"electricity","connectionAuthMethod":"{\"scope\":\"device\",\"type\":\"sas\",\"issuer\":\"iothub\",\"acceptingIpFilterRule\":null}","connectionDeviceGenerationId":"638436705062889146","contentType":"application/json","contentEncoding":"utf-8","enqueuedTime":"2024-02-16T09:34:51.0020000Z"},"Body":{"ID": "EAN543075800162607807", "timestamp": "2024-02-16T10:34:56.932428", "rate_1_total": 941.7691070170389, "rate_2_total": 0.0, "current_rate": 1, "L1_cons": 1.7055220592099323, "L1_prod": 0.0, "L1_voltage": 231.13725660765212, "L1_current": 8.206288526045796}}
{"EnqueuedTimeUtc":"2024-02-16T09:34:56.0340000Z","Properties":{},"SystemProperties":{"messageId":"630e9ee2-7358-4edd-82af-8f9b2656faf1","connectionDeviceId":"electricity","connectionAuthMethod":"{\"scope\":\"device\",\"type\":\"sas\",\"issuer\":\"iothub\",\"acceptingIpFilterRule\":null}","connectionDeviceGenerationId":"638436705062889146","contentType":"application/json","contentEncoding":"utf-8","enqueuedTime":"2024-02-16T09:34:56.0340000Z"},"Body":{"ID": "EAN543075800162607807", "timestamp": "2024-02-16T10:35:01.973195", "rate_1_total": 942.3792702297897, "rate_2_total": 0.0, "current_rate": 1, "L1_cons": 0.6101632127507826, "L1_prod": 0.0, "L1_voltage": 238.7251534564624, "L1_current": 9.183260834073126}}
{"EnqueuedTimeUtc":"2024-02-16T09:35:01.0810000Z","Properties":{},"SystemProperties":{"messageId":"ed24324c-c164-4637-ab43-a6338d67683f","connectionDeviceId":"electricity","connectionAuthMethod":"{\"scope\":\"device\",\"type\":\"sas\",\"issuer\":\"iothub\",\"acceptingIpFilterRule\":null}","connectionDeviceGenerationId":"638436705062889146","contentType":"application/json","contentEncoding":"utf-8","enqueuedTime":"2024-02-16T09:35:01.0810000Z"},"Body":{"ID": "EAN543075800162607807", "timestamp": "2024-02-16T10:35:07.011130", "rate_1_total": 945.5562221854901, "rate_2_total": 0.0, "current_rate": 1, "L1_cons": 3.1769519557004595, "L1_prod": 0.0, "L1_voltage": 232.70690047702467, "L1_current": 10.394985248757434}}
{"EnqueuedTimeUtc":"2024-02-16T09:35:06.1130000Z","Properties":{},"SystemProperties":{"messageId":"229706b8-85ae-4169-a231-778921664166","connectionDeviceId":"electricity","connectionAuthMethod":"{\"scope\":\"device\",\"type\":\"sas\",\"issuer\":\"iothub\",\"acceptingIpFilterRule\":null}","connectionDeviceGenerationId":"638436705062889146","contentType":"application/json","contentEncoding":"utf-8","enqueuedTime":"2024-02-16T09:35:06.1130000Z"},"Body":{"ID": "EAN543075800162607807", "timestamp": "2024-02-16T10:35:12.042842", "rate_1_total": 947.5254694354896, "rate_2_total": 0.0, "current_rate": 1, "L1_cons": 1.969247249999488, "L1_prod": 0.0, "L1_voltage": 239.4734011725819, "L1_current": 15.321300796202262}}
{"EnqueuedTimeUtc":"2024-02-16T09:35:11.1440000Z","Properties":{},"SystemProperties":{"messageId":"0475defa-8cce-4014-8167-cf629ea9f772","connectionDeviceId":"electricity","connectionAuthMethod":"{\"scope\":\"device\",\"type\":\"sas\",\"issuer\":\"iothub\",\"acceptingIpFilterRule\":null}","connectionDeviceGenerationId":"638436705062889146","contentType":"application/json","contentEncoding":"utf-8","enqueuedTime":"2024-02-16T09:35:11.1440000Z"},"Body":{"ID": "EAN543075800162607807", "timestamp": "2024-02-16T10:35:17.082993", "rate_1_total": 948.1352145643027, "rate_2_total": 0.0, "current_rate": 1, "L1_cons": 0.6097451288131104, "L1_prod": 0.0, "L1_voltage": 234.16731870130698, "L1_current": 8.7214915411986}}
{"EnqueuedTimeUtc":"2024-02-16T09:35:16.1910000Z","Properties":{},"SystemProperties":{"messageId":"ecb927d3-8666-46d1-89cb-c2aa13090790","connectionDeviceId":"electricity","connectionAuthMethod":"{\"scope\":\"device\",\"type\":\"sas\",\"issuer\":\"iothub\",\"acceptingIpFilterRule\":null}","connectionDeviceGenerationId":"638436705062889146","contentType":"application/json","contentEncoding":"utf-8","enqueuedTime":"2024-02-16T09:35:16.1910000Z"},"Body":{"ID": "EAN543075800162607807", "timestamp": "2024-02-16T10:35:22.125786", "rate_1_total": 949.5639672944685, "rate_2_total": 0.0, "current_rate": 1, "L1_cons": 1.4287527301658196, "L1_prod": 0.0, "L1_voltage": 235.2188759250778, "L1_current": 12.033890044354939}}
{"EnqueuedTimeUtc":"2024-02-16T09:35:21.2250000Z","Properties":{},"SystemProperties":{"messageId":"6eba2a50-3032-417d-8f43-9441279a5964","connectionDeviceId":"electricity","connectionAuthMethod":"{\"scope\":\"device\",\"type\":\"sas\",\"issuer\":\"iothub\",\"acceptingIpFilterRule\":null}","connectionDeviceGenerationId":"638436705062889146","contentType":"application/json","contentEncoding":"utf-8","enqueuedTime":"2024-02-16T09:35:21.2250000Z"},"Body":{"ID": "EAN543075800162607807", "timestamp": "2024-02-16T10:35:27.163687", "rate_1_total": 950.7152446966384, "rate_2_total": 0.0, "current_rate": 1, "L1_cons": 1.1512774021698189, "L1_prod": 0.0, "L1_voltage": 235.21546167428852, "L1_current": 5.026393033454153}}
{"EnqueuedTimeUtc":"2024-02-16T09:35:26.2720000Z","Properties":{},"SystemProperties":{"messageId":"dfc503a7-3405-4f2d-af38-9f5bff8789ee","connectionDeviceId":"electricity","connectionAuthMethod":"{\"scope\":\"device\",\"type\":\"sas\",\"issuer\":\"iothub\",\"acceptingIpFilterRule\":null}","connectionDeviceGenerationId":"638436705062889146","contentType":"application/json","contentEncoding":"utf-8","enqueuedTime":"2024-02-16T09:35:26.2720000Z"},"Body":{"ID": "EAN543075800162607807", "timestamp": "2024-02-16T10:35:32.200478", "rate_1_total": 953.088520510878, "rate_2_total": 0.0, "current_rate": 1, "L1_cons": 2.3732758142395776, "L1_prod": 0.0, "L1_voltage": 239.8888831875784, "L1_current": 4.5665583445374445}}