{"EnqueuedTimeUtc":"2024-02-16T09:35:31.3030000Z","Properties":{},"SystemProperties":{"messageId":"bfc2bcaa-5e89-4dab-9dd1-24faa939e2b6","connectionDeviceId":"electricity","connectionAuthMethod":"{\"scope\":\"device\",\"type\":\"sas\",\"issuer\":\"iothub\",\"acceptingIpFilterRule\":null}","connectionDeviceGenerationId":"638436705062889146","contentType":"application/json","contentEncoding":"utf-8","enqueuedTime":"2024-02-16T09:35:31.3030000Z"},"Body":{"ID": "EAN543075800162607807", "timestamp": "2024-02-16T10:35:37.232637", "rate_1_total": 957.9882481102934, "rate_2_total": 0.0, "current_rate": 1, "L1_cons": 4.899727599415467, "L1_prod": 0.0, "L1_voltage": 231.16177868307483, "L1_current": 8.114537001116265}}
{"EnqueuedTimeUtc":"2024-02-16T09:35:36.3500000Z","Properties":{},"SystemProperties":{"messageId":"2ad93b67-2c47-48ed-8846-d753b74b3088","connectionDeviceId":"electricity","connectionAuthMethod":"{\"scope\":\"device\",\"type\":\"sas\",\"issuer\":\"iothub\",\"acceptingIpFilterRule\":null}","connectionDeviceGenerationId":"638436705062889146","contentType":"application/json","contentEncoding":"utf-8","enqueuedTime":"2024-02-16T09:35:36.3500000Z"},"Body":{"ID": "EAN543075800162607807", "timestamp": "2024-02-16T10:35:42.273861", "rate_1_total": 959.966768934943, "rate_2_total": 0.0, "current_rate": 1, "L1_cons": 1.9785208246496029, "L1_prod": 0.0, "L1_voltage": 230.11748801549413, "L1_current": 3.4166158167260194}}
{"EnqueuedTimeUtc":"2024-02-16T09:35:41.4600000Z","Properties":{},"SystemProperties":{"messageId":"5f730d73-4dca-4da3-ae69-ba6bc27f73ac","connectionDeviceId":"electricity","connectionAuthMethod":"{\"scope\":\"device\",\"type\":\"sas\",\"issuer\":\"iothub\",\"acceptingIpFilterRule\":null}","connectionDeviceGenerationId":"638436705062889146","contentType":"application/json","contentEncoding":"utf-8","enqueuedTime":"2024-02-16T09:35:41.4600000Z"},"Body":{"ID": "EAN543075800162607807", "timestamp": "2024-02-16T10:35:47.398218", "rate_1_total": 960.8645175256029, "rate_2_total": 0.0, "current_rate": 1, "L1_cons": 0.897748590659839, "L1_prod": 0.0, "L1_voltage": 233.50976091554642, "L1_current": 5.660111755010732}}
{"EnqueuedTimeUtc":"2024-02-16T09:35:46.5080000Z","Properties":{},"SystemProperties":{"messageId":"b9ae282c-8528-4afb-b978-855c30901b2a","connectionDeviceId":"electricity","connectionAuthMethod":"{\"scope\":\"device\",\"type\":\"sas\",\"issuer\":\"iothub\",\"acceptingIpFilterRule\":null}","connectionDeviceGenerationId":"638436705062889146","contentType":"application/json","contentEncoding":"utf-8","enqueuedTime":"2024-02-16T09:35:46.5080000Z"},"Body":{"ID": "EAN543075800162607807", "timestamp": "2024-02-16T10:35:52.428306", "rate_1_total": 963.7325235265912, "rate_2_total": 0.0, "current_rate": 1, "L1_cons": 2.8680060009882986, "L1_prod": 0.0, "L1_voltage": 235.68463325703175, "L1_current": 15.44645056326078}}
{"EnqueuedTimeUtc":"2024-02-16T09:35:51.5550000Z","Properties":{},"SystemProperties":{"messageId":"3fb0c151-d33e-4e77-98fb-a50d50d036c5","connectionDeviceId":"electricity","connectionAuthMethod":"{\"scope\":\"device\",\"type\":\"sas\",\"issuer\":\"iothub\",\"acceptingIpFilterRule\":null}","connectionDeviceGenerationId":"638436705062889146","contentType":"application/json","contentEncoding":"utf-8","enqueuedTime":"2024-02-16T09:35:51.5550000Z"},"Body":{"ID": "EAN543075800162607807", "timestamp": "2024-02-16T10:35:57.487881", "rate_1_total": 968.1754493570977, "rate_2_total": 0.0, "current_rate": 1, "L1_cons": 4.44292583050647, "L1_prod": 0.0, "L1_voltage": 233.105794637876, "L1_current": 9.9348186911021}}
{"EnqueuedTimeUtc":"2024-02-16T09:35:56.5860000Z","Properties":{},"SystemProperties":{"messageId":"94cd2b34-b7de-41e3-bf66-a7517938d08b","connectionDeviceId":"electricity","connectionAuthMethod":"{\"scope\":\"device\",\"type\":\"sas\",\"issuer\":\"iothub\",\"acceptingIpFilterRule\":null}","connectionDeviceGenerationId":"638436705062889146","contentType":"application/json","contentEncoding":"utf-8","enqueuedTime":"2024-02-16T09:35:56.5860000Z"},"Body":{"ID": "EAN543075800162607807", "timestamp": "2024-02-16T10:36:02.518448", "rate_1_total": 972.5818959627863, "rate_2_total": 0.0, "current_rate": 1, "L1_cons": 4.406446605688664, "L1_prod": 0.0, "L1_voltage": 239.4307942518842, "L1_current": 3.2355802763887196}}
{"EnqueuedTimeUtc":"2024-02-16T09:36:01.6180000Z","Properties":{},"SystemProperties":{"messageId":"89ba26c5-caf0-457c-a976-fa4107643908","connectionDeviceId":"electricity","connectionAuthMethod":"{\"scope\":\"device\",\"type\":\"sas\",\"issuer\":\"iothub\",\"acceptingIpFilterRule\":null}","connectionDeviceGenerationId":"638436705062889146","contentType":"application/json","contentEncoding":"utf-8","enqueuedTime":"2024-02-16T09:36:01.6180000Z"},"Body":{"ID": "EAN543075800162607807", "timestamp": "2024-02-16T10:36:07.554432", "rate_1_total": 974.732978196768, "rate_2_total": 0.0, "current_rate": 1, "L1_cons": 2.1510822339816738, "L1_prod": 0.0, "L1_voltage": 239.7353577001906, "L1_current": 3.4036098185774284}}
{"EnqueuedTimeUtc":"2024-02-16T09:36:06.6650000Z","Properties":{},"SystemProperties":{"messageId":"51e76633-bbb4-407f-a97f-a6796c0fa704","connectionDeviceId":"electricity","connectionAuthMethod":"{\"scope\":\"device\",\"type\":\"sas\",\"issuer\":\"iothub\",\"acceptingIpFilterRule\":null}","connectionDeviceGenerationId":"638436705062889146","contentType":"application/json","contentEncoding":"utf-8","enqueuedTime":"2024-02-16T09:36:06.6650000Z"},"Body":{"ID": "EAN543075800162607807", "timestamp": "2024-02-16T10:36:12.593144", "rate_1_total": 975.3213043284265, "rate_2_total": 0.0, "current_rate": 1, "L1_cons": 0.5883261316584918, "L1_prod": 0.0, "L1_voltage": 233.25660506604115, "L1_current": 1.9454749757944894}}
{"EnqueuedTimeUtc":"2024-02-16T09:36:11.6960000Z","Properties":{},"SystemProperties":{"messageId":"595caa04-46c7-4874-85e1-8ab0b9574ec9","connectionDeviceId":"electricity","connectionAuthMethod":"{\"scope\":\"device\",\"type\":\"sas\",\"issuer\":\"iothub\",\"acceptingIpFilterRule\":null}","connectionDeviceGenerationId":"638436705062889146","contentType":"application/json","contentEncoding":"utf-8","enqueuedTime":"2024-02-16T09:36:11.6960000Z"},"Body":{"ID": "EAN543075800162607807", "timestamp": "2024-02-16T10:36:17.631292", "rate_1_total": 976.6872550347969, "rate_2_total": 0.0, "current_rate": 1, "L1_cons": 1.3659507063702856, "L1_prod": 0.0, "L1_voltage": 239.59268264596818, "L1_current": 7.839839015514703}}
{"EnqueuedTimeUtc":"2024-02-16T09:36:16.7430000Z","Properties":{},"SystemProperties":{"messageId":"e174396e-d9a1-4762-b58e-1ea9cf63ae50","connectionDeviceId":"electricity","connectionAuthMethod":"{\"scope\":\"device\",\"type\":\"sas\",\"issuer\":\"iothub\",\"acceptingIpFilterRule\":null}","connectionDeviceGenerationId":"638436705062889146","contentType":"application/json","contentEncoding":"utf-8","enqueuedTime":"2024-02-16T09:36:16.7430000Z"},"Body":{"ID": "EAN543075800162607807", "timestamp": "2024-02-16T10:36:22.676914", "rate_1_total": 978.3085895463394, "rate_2_total": 0.0, "current_rate": 1, "L1_cons": 1.621334511542482, "L1_prod": 0.0, "L1_voltage": 238.90022036906907, "L1_current": 2.130428523433002}}
{"EnqueuedTimeUtc":"2024-02-16T09:36:21.7750000Z","Properties":{},"SystemProperties":{"messageId":"c96dc086-0887-4423-bf89-c8c34f42eabf","connectionDeviceId":"electricity","connectionAuthMethod":"{\"scope\":\"device\",\"type\":\"sas\",\"issuer\":\"iothub\",\"acceptingIpFilterRule\":null}","connectionDeviceGenerationId":"638436705062889146","contentType":"application/json","contentEncoding":"utf-8","enqueuedTime":"2024-02-16T09:36:21.7750000Z"},"Body":{"ID": "EAN543075800162607807", "timestamp": "2024-02-16T10:36:27.713925", "rate_1_total": 982.202446628471, "rate_2_total": 0.0, "current_rate": 1, "L1_cons": 3.8938570821316265, "L1_prod": 0.0, "L1_voltage": 231.94790594332807, "L1_current": 6.571386844201843}}
{"EnqueuedTimeUtc":"2024-02-16T09:36:26.8070000Z","Properties":{},"SystemProperties":{"messageId":"f85dccba-a876-474a-ba46-ae96c342aab2","connectionDeviceId":"electricity","connectionAuthMethod":"{\"scope\":\"device\",\"type\":\"sas\",\"issuer\":\"iothub\",\"acceptingIpFilterRule\":null}","connectionDeviceGenerationId":"638436705062889146","contentType":"application/json","contentEncoding":"utf-8","enqueuedTime":"2024-02-16T09:36:26.8070000Z"},"Body":{"ID": "EAN543075800162607807", "timestamp": "2024-02-16T10:36:32.744928", "rate_1_total": 986.099483925457, "rate_2_total": 0.0, "current_rate": 1, "L1_cons": 3.897037296986026, "L1_prod": 0.0, "L1_voltage": 237.98211241608772, "L1_current": 15.268299663839587}}