{"EnqueuedTimeUtc":"2024-02-16T09:36:31.8540000Z","Properties":{},"SystemProperties":{"messageId":"469da9a2-a80f-484f-ba52-8ade4282bc43","connectionDeviceId":"electricity","connectionAuthMethod":"{\"scope\":\"device\",\"type\":\"sas\",\"issuer\":\"iothub\",\"acceptingIpFilterRule\":null}","connectionDeviceGenerationId":"638436705062889146","contentType":"application/json","contentEncoding":"utf-8","enqueuedTime":"2024-02-16T09:36:31.8540000Z"},"Body":{"ID": "EAN543075800162607807", "timestamp": "2024-02-16T10:36:37.785575", "rate_1_total": 990.9163824469792, "rate_2_total": 0.0, "current_rate": 1, "L1_cons": 4.816898521522318, "L1_prod": 0.0, "L1_voltage": 236.95355538071814, "L1_current": 15.34599342495768}}
{"EnqueuedTimeUtc":"2024-02-16T09:36:36.9800000Z","Properties":{},"SystemProperties":{"messageId":"a015b276-0983-49a6-9c9e-6431813c7a13","connectionDeviceId":"electricity","connectionAuthMethod":"{\"scope\":\"device\",\"type\":\"sas\",\"issuer\":\"iothub\",\"acceptingIpFilterRule\":null}","connectionDeviceGenerationId":"638436705062889146","contentType":"application/json","contentEncoding":"utf-8","enqueuedTime":"2024-02-16T09:36:36.9800000Z"},"Body":{"ID": "EAN543075800162607807", "timestamp": "2024-02-16T10:36:42.834007", "rate_1_total": 992.4683038604594, "rate_2_total": 0.0, "current_rate": 1, "L1_cons": 1.5519214134801427, "L1_prod": 0.0, "L1_voltage": 234.57203173963543, "L1_current": 6.6465955911862125}}
{"EnqueuedTimeUtc":"2024-02-16T09:36:42.0740000Z","Properties":{},"SystemProperties":{"messageId":"a3327ef5-cb36-4710-839e-ba193cb09350","connectionDeviceId":"electricity","connectionAuthMethod":"{\"scope\":\"device\",\"type\":\"sas\",\"issuer\":\"iothub\",\"acceptingIpFilterRule\":null}","connectionDeviceGenerationId":"638436705062889146","contentType":"application/json","contentEncoding":"utf-8","enqueuedTime":"2024-02-16T09:36:42.0740000Z"},"Body":{"ID": "EAN543075800162607807", "timestamp": "2024-02-16T10:36:47.999318", "rate_1_total": 993.423399263578, "rate_2_total": 0.0, "current_rate": 1, "L1_cons": 0.9550954031185825, "L1_prod": 0.0, "L1_voltage": 232.164256387947, "L1_current": 3.368695606436804}}
{"EnqueuedTimeUtc":"2024-02-16T09:36:47.1060000Z","Properties":{},"SystemProperties":{"messageId":"2a1ef9f2-893d-48bf-8ec2-be1039506294","connectionDeviceId":"electricity","connectionAuthMethod":"{\"scope\":\"device\",\"type\":\"sas\",\"issuer\":\"iothub\",\"acceptingIpFilterRule\":null}","connectionDeviceGenerationId":"638436705062889146","contentType":"application/json","contentEncoding":"utf-8","enqueuedTime":"2024-02-16T09:36:47.1060000Z"},"Body":{"ID": "EAN543075800162607807", "timestamp": "2024-02-16T10:36:53.040069", "rate_1_total": 994.5818057703929, "rate_2_total": 0.0, "current_rate": 1, "L1_cons": 1.158406506814947, "L1_prod": 0.0, "L1_voltage": 236.08384770512106, "L1_current": 0.7657248819182014}}
{"EnqueuedTimeUtc":"2024-02-16T09:36:52.1370000Z","Properties":{},"SystemProperties":{"messageId":"2b4f6a35-ee09-4c22-9650-edc8362e021b","connectionDeviceId":"electricity","connectionAuthMethod":"{\"scope\":\"device\",\"type\":\"sas\",\"issuer\":\"iothub\",\"acceptingIpFilterRule\":null}","connectionDeviceGenerationId":"638436705062889146","contentType":"application/json","contentEncoding":"utf-8","enqueuedTime":"2024-02-16T09:36:52.1370000Z"},"Body":{"ID": "EAN543075800162607807", "timestamp": "2024-02-16T10:36:58.071361", "rate_1_total": 997.2862700506574, "rate_2_total": 0.0, "current_rate": 1, "L1_cons": 2.704464280264614, "L1_prod": 0.0, "L1_voltage": 235.0325601128936, "L1_current": 2.721211491402145}}
{"EnqueuedTimeUtc":"2024-02-16T09:36:57.1840000Z","Properties":{},"SystemProperties":{"messageId":"d9a0ae42-3e68-4e4b-a16b-1a053064ffc2","connectionDeviceId":"electricity","connectionAuthMethod":"{\"scope\":\"device\",\"type\":\"sas\",\"issuer\":\"iothub\",\"acceptingIpFilterRule\":null}","connectionDeviceGenerationId":"638436705062889146","contentType":"application/json","contentEncoding":"utf-8","enqueuedTime":"2024-02-16T09:36:57.1840000Z"},"Body":{"ID": "EAN543075800162607807", "timestamp": "2024-02-16T10:37:03.111207", "rate_1_total": 1001.3125529538081, "rate_2_total": 0.0, "current_rate": 1, "L1_cons": 4.026282903150632, "L1_prod": 0.0, "L1_voltage": 239.80901912134465, "L1_current": 14.107259814636777}}
{"EnqueuedTimeUtc":"2024-02-16T09:37:02.2310000Z","Properties":{},"SystemProperties":{"messageId":"147cecb6-3183-4aa3-8888-98c90ae1993b","connectionDeviceId":"electricity","connectionAuthMethod":"{\"scope\":\"device\",\"type\":\"sas\",\"issuer\":\"iothub\",\"acceptingIpFilterRule\":null}","connectionDeviceGenerationId":"638436705062889146","contentType":"application/json","contentEncoding":"utf-8","enqueuedTime":"2024-02-16T09:37:02.2310000Z"},"Body":{"ID": "EAN543075800162607807", "timestamp": "2024-02-16T10:37:08.164214", "rate_1_total": 1002.1125316709491, "rate_2_total": 0.0, "current_rate": 1, "L1_cons": 0.7999787171410608, "L1_prod": 0.0, "L1_voltage": 235.91130439836002, "L1_current": 4.606824961687691}}
{"EnqueuedTimeUtc":"2024-02-16T09:37:07.2630000Z","Properties":{},"SystemProperties":{"messageId":"ca967e8c-26cd-45d7-8ea0-dbf03a346265","connectionDeviceId":"electricity","connectionAuthMethod":"{\"scope\":\"device\",\"type\":\"sas\",\"issuer\":\"iothub\",\"acceptingIpFilterRule\":null}","connectionDeviceGenerationId":"638436705062889146","contentType":"application/json","contentEncoding":"utf-8","enqueuedTime":"2024-02-16T09:37:07.2630000Z"},"Body":{"ID": "EAN543075800162607807", "timestamp": "2024-02-16T10:37:13.193244", "rate_1_total": 1004.8709143865188, "rate_2_total": 0.0, "current_rate": 1, "L1_cons": 2.7583827155697556, "L1_prod": 0.0, "L1_voltage": 234.07465281018096, "L1_current": 2.2671717843936703}}
{"EnqueuedTimeUtc":"2024-02-16T09:37:12.4670000Z","Properties":{},"SystemProperties":{"messageId":"113d9d3f-3884-422a-bba5-137230a89b62","connectionDeviceId":"electricity","connectionAuthMethod":"{\"scope\":\"device\",\"type\":\"sas\",\"issuer\":\"iothub\",\"acceptingIpFilterRule\":null}","connectionDeviceGenerationId":"638436705062889146","contentType":"application/json","contentEncoding":"utf-8","enqueuedTime":"2024-02-16T09:37:12.4670000Z"},"Body":{"ID": "EAN543075800162607807", "timestamp": "2024-02-16T10:37:18.230385", "rate_1_total": 1007.9450771617137, "rate_2_total": 0.0, "current_rate": 1, "L1_cons": 3.0741627751947966, "L1_prod": 0.0, "L1_voltage": 233.7707450484641, "L1_current": 14.072083026827507}}
{"EnqueuedTimeUtc":"2024-02-16T09:37:17.4980000Z","Properties":{},"SystemProperties":{"messageId":"9e03c86e-d1ef-40c5-8138-49b350ef5dc3","connectionDeviceId":"electricity","connectionAuthMethod":"{\"scope\":\"device\",\"type\":\"sas\",\"issuer\":\"iothub\",\"acceptingIpFilterRule\":null}","connectionDeviceGenerationId":"638436705062889146","contentType":"application/json","contentEncoding":"utf-8","enqueuedTime":"2024-02-16T09:37:17.4980000Z"},"Body":{"ID": "EAN543075800162607807", "timestamp": "2024-02-16T10:37:23.429632", "rate_1_total": 1012.0510072229821, "rate_2_total": 0.0, "current_rate": 1, "L1_cons": 4.105930061268438, "L1_prod": 0.0, "L1_voltage": 236.78662795977755, "L1_current": 3.7801922635121734}}
{"EnqueuedTimeUtc":"2024-02-16T09:37:22.5300000Z","Properties":{},"SystemProperties":{"messageId":"2497e0bf-6b88-4a5c-8682-82cb1aa332d7","connectionDeviceId":"electricity","connectionAuthMethod":"{\"scope\":\"device\",\"type\":\"sas\",\"issuer\":\"iothub\",\"acceptingIpFilterRule\":null}","connectionDeviceGenerationId":"638436705062889146","contentType":"application/json","contentEncoding":"utf-8","enqueuedTime":"2024-02-16T09:37:22.5300000Z"},"Body":{"ID": "EAN543075800162607807", "timestamp": "2024-02-16T10:37:28.468146", "rate_1_total": 1015.95345016915, "rate_2_total": 0.0, "current_rate": 1, "L1_cons": 3.902442946167861, "L1_prod": 0.0, "L1_voltage": 232.04975483015943, "L1_current": 3.185927496788917}}
{"EnqueuedTimeUtc":"2024-02-16T09:37:27.5780000Z","Properties":{},"SystemProperties":{"messageId":"66e5db1a-ce55-416f-b88f-f14dcf57a92d","connectionDeviceId":"electricity","connectionAuthMethod":"{\"scope\":\"device\",\"type\":\"sas\",\"issuer\":\"iothub\",\"acceptingIpFilterRule\":null}","connectionDeviceGenerationId":"638436705062889146","contentType":"application/json","contentEncoding":"utf-8","enqueuedTime":"2024-02-16T09:37:27.5780000Z"},"Body":{"ID": "EAN543075800162607807", "timestamp": "2024-02-16T10:37:33.506804", "rate_1_total": 1018.0717975053511, "rate_2_total": 0.0, "current_rate": 1, "L1_cons": 2.118347336201133, "L1_prod": 0.0, "L1_voltage": 232.0823611849747, "L1_current": 2.037982643380847}}