{"EnqueuedTimeUtc":"2024-02-16T09:37:32.6110000Z","Properties":{},"SystemProperties":{"messageId":"8a846f5d-f1a4-48f7-83bf-80847a970838","connectionDeviceId":"electricity","connectionAuthMethod":"{\"scope\":\"device\",\"type\":\"sas\",\"issuer\":\"iothub\",\"acceptingIpFilterRule\":null}","connectionDeviceGenerationId":"638436705062889146","contentType":"application/json","contentEncoding":"utf-8","enqueuedTime":"2024-02-16T09:37:32.6110000Z"},"Body":{"ID": "EAN549305190408393584", "timestamp": "2024-02-16T10:37:38.538558", "rate_1_total": -1019.8224294365061, "rate_2_total": 0.0, "current_rate": 1, "L1_cons": -1.7506319311549707, "L1_prod": 0.0, "L1_voltage": 231.41084365744138, "L1_current": 2.0171271054498687}}
{"EnqueuedTimeUtc":"2024-02-16T09:37:37.6440000Z","Properties":{},"SystemProperties":{"messageId":"d935ac34-084b-46db-a9d6-85bca597976b","connectionDeviceId":"electricity","connectionAuthMethod":"{\"scope\":\"device\",\"type\":\"sas\",\"issuer\":\"iothub\",\"acceptingIpFilterRule\":null}","connectionDeviceGenerationId":"638436705062889146","contentType":"application/json","contentEncoding":"utf-8","enqueuedTime":"2024-02-16T09:37:37.6440000Z"},"Body":{"ID": "EAN543075800162607807", "timestamp": "2024-02-16T10:37:43.578398", "rate_1_total": 1024.2955896207552, "rate_2_total": 0.0, "current_rate": 1, "L1_cons": 4.473160184249039, "L1_prod": 0.0, "L1_voltage": 236.23003448162322, "L1_current": 1.8219702179512796}}
{"EnqueuedTimeUtc":"2024-02-16T09:37:42.6910000Z","Properties":{},"SystemProperties":{"messageId":"f2746ee1-c397-46db-91ec-1b0362d110d0","connectionDeviceId":"electricity","connectionAuthMethod":"{\"scope\":\"device\",\"type\":\"sas\",\"issuer\":\"iothub\",\"acceptingIpFilterRule\":null}","connectionDeviceGenerationId":"638436705062889146","contentType":"application/json","contentEncoding":"utf-8","enqueuedTime":"2024-02-16T09:37:42.6910000Z"},"Body":{"ID": "EAN543075800162607807", "timestamp": "2024-02-16T10:37:48.616484", "rate_1_total": 1024.8020006658387, "rate_2_total": 0.0, "current_rate": 1, "L1_cons": 0.5064110450834302, "L1_prod": 0.0, "L1_voltage": 233.62154452169875, "L1_current": 5.073398329421662}}
{"EnqueuedTimeUtc":"2024-02-16T09:37:47.7080000Z","Properties":{},"SystemProperties":{"messageId":"0a1614d1-d494-49fc-be9e-f24939ea08cd","connectionDeviceId":"electricity","connectionAuthMethod":"{\"scope\":\"device\",\"type\":\"sas\",\"issuer\":\"iothub\",\"acceptingIpFilterRule\":null}","connectionDeviceGenerationId":"638436705062889146","contentType":"application/json","contentEncoding":"utf-8","enqueuedTime":"2024-02-16T09:37:47.7080000Z"},"Body":{"ID": "EAN543075800162607807", "timestamp": "2024-02-16T10:37:53.648091", "rate_1_total": 1028.1006583515655, "rate_2_total": 0.0, "current_rate": 1, "L1_cons": 3.298657685726778, "L1_prod": 0.0, "L1_voltage": 235.94252942691588, "L1_current": 7.7059994165569785}}
{"EnqueuedTimeUtc":"2024-02-16T09:37:52.7560000Z","Properties":{},"SystemProperties":{"messageId":"205674c7-fd16-4bf8-bb46-1702a7e6000e","connectionDeviceId":"electricity","connectionAuthMethod":"{\"scope\":\"device\",\"type\":\"sas\",\"issuer\":\"iothub\",\"acceptingIpFilterRule\":null}","connectionDeviceGenerationId":"638436705062889146","contentType":"application/json","contentEncoding":"utf-8","enqueuedTime":"2024-02-16T09:37:52.7560000Z"},"Body":{"ID": "EAN543075800162607807", "timestamp": "2024-02-16T10:37:58.683980", "rate_1_total": 1030.84591906646, "rate_2_total": 0.0, "current_rate": 1, "L1_cons": 2.7452607148946093, "L1_prod": 0.0, "L1_voltage": 235.2026418863004, "L1_current": 8.038701733841581}}
{"EnqueuedTimeUtc":"2024-02-16T09:37:57.7870000Z","Properties":{},"SystemProperties":{"messageId":"8bada2b7-df57-4123-a7c5-43ddacde9450","connectionDeviceId":"electricity","connectionAuthMethod":"{\"scope\":\"device\",\"type\":\"sas\",\"issuer\":\"iothub\",\"acceptingIpFilterRule\":null}","connectionDeviceGenerationId":"638436705062889146","contentType":"application/json","contentEncoding":"utf-8","enqueuedTime":"2024-02-16T09:37:57.7870000Z"},"Body":{"ID": "EAN543075800162607807", "timestamp": "2024-02-16T10:38:03.712966", "rate_1_total": 1033.6209383121902, "rate_2_total": 0.0, "current_rate": 1, "L1_cons": 2.7750192457300704, "L1_prod": 0.0, "L1_voltage": 238.58320587219163, "L1_current": 9.264700485416592}}
{"EnqueuedTimeUtc":"2024-02-16T09:38:02.8180000Z","Properties":{},"SystemProperties":{"messageId":"5a3eef18-b1f5-4009-9a30-89c9a665d04d","connectionDeviceId":"electricity","connectionAuthMethod":"{\"scope\":\"device\",\"type\":\"sas\",\"issuer\":\"iothub\",\"acceptingIpFilterRule\":null}","connectionDeviceGenerationId":"638436705062889146","contentType":"application/json","contentEncoding":"utf-8","enqueuedTime":"2024-02-16T09:38:02.8180000Z"},"Body":{"ID": "EAN543075800162607807", "timestamp": "2024-02-16T10:38:08.751259", "rate_1_total": 1033.9243799248811, "rate_2_total": 0.0, "current_rate": 1, "L1_cons": 0.3034416126909939, "L1_prod": 0.0, "L1_voltage": 237.70493284098512, "L1_current": 6.561303528637461}}
{"EnqueuedTimeUtc":"2024-02-16T09:38:07.8660000Z","Properties":{},"SystemProperties":{"messageId":"a97169e4-aee4-4c6a-9901-6f29de556b66","connectionDeviceId":"electricity","connectionAuthMethod":"{\"scope\":\"device\",\"type\":\"sas\",\"issuer\":\"iothub\",\"acceptingIpFilterRule\":null}","connectionDeviceGenerationId":"638436705062889146","contentType":"application/json","contentEncoding":"utf-8","enqueuedTime":"2024-02-16T09:38:07.8660000Z"},"Body":{"ID": "EAN543075800162607807", "timestamp": "2024-02-16T10:38:13.792567", "rate_1_total": 1037.4591658951754, "rate_2_total": 0.0, "current_rate": 1, "L1_cons": 3.534785970294355, "L1_prod": 0.0, "L1_voltage": 234.48580331396752, "L1_current": 1.5887341329641536}}
{"EnqueuedTimeUtc":"2024-02-16T09:38:12.8970000Z","Properties":{},"SystemProperties":{"messageId":"217574a6-5916-4570-b256-54788cf1b4cf","connectionDeviceId":"electricity","connectionAuthMethod":"{\"scope\":\"device\",\"type\":\"sas\",\"issuer\":\"iothub\",\"acceptingIpFilterRule\":null}","connectionDeviceGenerationId":"638436705062889146","contentType":"application/json","contentEncoding":"utf-8","enqueuedTime":"2024-02-16T09:38:12.8970000Z"},"Body":{"ID": "EAN543075800162607807", "timestamp": "2024-02-16T10:38:18.824888", "rate_1_total": 1038.5950651697635, "rate_2_total": 0.0, "current_rate": 1, "L1_cons": 1.135899274588157, "L1_prod": 0.0, "L1_voltage": 234.12511550336896, "L1_current": 5.7408733212868155}}
{"EnqueuedTimeUtc":"2024-02-16T09:38:17.9910000Z","Properties":{},"SystemProperties":{"messageId":"dddc0a53-7307-429f-9eb5-68a6c740bdd0","connectionDeviceId":"electricity","connectionAuthMethod":"{\"scope\":\"device\",\"type\":\"sas\",\"issuer\":\"iothub\",\"acceptingIpFilterRule\":null}","connectionDeviceGenerationId":"638436705062889146","contentType":"application/json","contentEncoding":"utf-8","enqueuedTime":"2024-02-16T09:38:17.9910000Z"},"Body":{"ID": "EAN543075800162607807", "timestamp": "2024-02-16T10:38:23.929308", "rate_1_total": 1042.7735819372147, "rate_2_total": 0.0, "current_rate": 1, "L1_cons": 4.178516767451111, "L1_prod": 0.0, "L1_voltage": 231.4749415899917, "L1_current": 7.822344212748684}}
{"EnqueuedTimeUtc":"2024-02-16T09:38:23.0380000Z","Properties":{},"SystemProperties":{"messageId":"55db7661-0a6a-4719-8a73-b6f6143e70c4","connectionDeviceId":"electricity","connectionAuthMethod":"{\"scope\":\"device\",\"type\":\"sas\",\"issuer\":\"iothub\",\"acceptingIpFilterRule\":null}","connectionDeviceGenerationId":"638436705062889146","contentType":"application/json","contentEncoding":"utf-8","enqueuedTime":"2024-02-16T09:38:23.0380000Z"},"Body":{"ID": "EAN543075800162607807", "timestamp": "2024-02-16T10:38:28.967185", "rate_1_total": 1044.121531753664, "rate_2_total": 0.0, "current_rate": 1, "L1_cons": 1.3479498164493677, "L1_prod": 0.0, "L1_voltage": 230.00610982980672, "L1_current": 15.619287903415096}}
{"EnqueuedTimeUtc":"2024-02-16T09:38:28.0700000Z","Properties":{},"SystemProperties":{"messageId":"fffc9052-8665-4aa8-b6bd-5b7210c52d51","connectionDeviceId":"electricity","connectionAuthMethod":"{\"scope\":\"device\",\"type\":\"sas\",\"issuer\":\"iothub\",\"acceptingIpFilterRule\":null}","connectionDeviceGenerationId":"638436705062889146","contentType":"application/json","contentEncoding":"utf-8","enqueuedTime":"2024-02-16T09:38:28.0700000Z"},"Body":{"ID": "EAN543075800162607807", "timestamp": "2024-02-16T10:38:33.995374", "rate_1_total": 1048.1267375703437, "rate_2_total": 0.0, "current_rate": 1, "L1_cons": 4.005205816679784, "L1_prod": 0.0, "L1_voltage": 237.82691221705423, "L1_current": 15.400993744826804}}