{"EnqueuedTimeUtc":"2024-02-16T09:38:33.1020000Z","Properties":{},"SystemProperties":{"messageId":"ead80d17-cb3a-49c8-8fad-55aaa9de6191","connectionDeviceId":"electricity","connectionAuthMethod":"{\"scope\":\"device\",\"type\":\"sas\",\"issuer\":\"iothub\",\"acceptingIpFilterRule\":null}","connectionDeviceGenerationId":"638436705062889146","contentType":"application/json","contentEncoding":"utf-8","enqueuedTime":"2024-02-16T09:38:33.1020000Z"},"Body":{"ID": "EAN543075800162607807", "timestamp": "2024-02-16T10:38:39.037911", "rate_1_total": 1048.7575887557455, "rate_2_total": 0.0, "current_rate": 1, "L1_cons": 0.6308511854018617, "L1_prod": 0.0, "L1_voltage": 239.95970298932596, "L1_current": 6.804040859700793}}
{"EnqueuedTimeUtc":"2024-02-16T09:38:38.1340000Z","Properties":{},"SystemProperties":{"messageId":"aebe7e88-1be8-403e-91fb-b19558da55bb","connectionDeviceId":"electricity","connectionAuthMethod":"{\"scope\":\"device\",\"type\":\"sas\",\"issuer\":\"iothub\",\"acceptingIpFilterRule\":null}","connectionDeviceGenerationId":"638436705062889146","contentType":"application/json","contentEncoding":"utf-8","enqueuedTime":"2024-02-16T09:38:38.1340000Z"},"Body":{"ID": "EAN543075800162607807", "timestamp": "2024-02-16T10:38:44.067254", "rate_1_total": 1053.752119312011, "rate_2_total": 0.0, "current_rate": 1, "L1_cons": 4.994530556265604, "L1_prod": 0.0, "L1_voltage": 235.4235345591819, "L1_current": 7.634350730341857}}
{"EnqueuedTimeUtc":"2024-02-16T09:38:43.1650000Z","Properties":{},"SystemProperties":{"messageId":"745a0d22-35d1-4eea-aa9c-d88e4458eb62","connectionDeviceId":"electricity","connectionAuthMethod":"{\"scope\":\"device\",\"type\":\"sas\",\"issuer\":\"iothub\",\"acceptingIpFilterRule\":null}","connectionDeviceGenerationId":"638436705062889146","contentType":"application/json","contentEncoding":"utf-8","enqueuedTime":"2024-02-16T09:38:43.1650000Z"},"Body":{"ID": "EAN543075800162607807", "timestamp": "2024-02-16T10:38:49.103001", "rate_1_total": 1058.6163963684146, "rate_2_total": 0.0, "current_rate": 1, "L1_cons": 4.864277056403648, "L1_prod": 0.0, "L1_voltage": 237.79631042315538, "L1_current": 11.793388017260105}}
{"EnqueuedTimeUtc":"2024-02-16T09:38:48.2120000Z","Properties":{},"SystemProperties":{"messageId":"b7d8d643-759e-4751-9bd8-16d1ac5da5aa","connectionDeviceId":"electricity","connectionAuthMethod":"{\"scope\":\"device\",\"type\":\"sas\",\"issuer\":\"iothub\",\"acceptingIpFilterRule\":null}","connectionDeviceGenerationId":"638436705062889146","contentType":"application/json","contentEncoding":"utf-8","enqueuedTime":"2024-02-16T09:38:48.2120000Z"},"Body":{"ID": "EAN543075800162607807", "timestamp": "2024-02-16T10:38:54.148554", "rate_1_total": 1060.1002037446844, "rate_2_total": 0.0, "current_rate": 1, "L1_cons": 1.4838073762698134, "L1_prod": 0.0, "L1_voltage": 232.52671403612797, "L1_current": 10.812717284581268}}
{"EnqueuedTimeUtc":"2024-02-16T09:38:53.2440000Z","Properties":{},"SystemProperties":{"messageId":"dcbdc158-3d0f-4f48-9bde-5bbdf191c2e8","connectionDeviceId":"electricity","connectionAuthMethod":"{\"scope\":\"device\",\"type\":\"sas\",\"issuer\":\"iothub\",\"acceptingIpFilterRule\":null}","connectionDeviceGenerationId":"638436705062889146","contentType":"application/json","contentEncoding":"utf-8","enqueuedTime":"2024-02-16T09:38:53.2440000Z"},"Body":{"ID": "EAN543075800162607807", "timestamp": "2024-02-16T10:38:59.174700", "rate_1_total": 1062.5585689991126, "rate_2_total": 0.0, "current_rate": 1, "L1_cons": 2.458365254428232, "L1_prod": 0.0, "L1_voltage": 235.29202130310276, "L1_current": 13.507429340741723}}
{"EnqueuedTimeUtc":"2024-02-16T09:38:58.2750000Z","Properties":{},"SystemProperties":{"messageId":"1e42fae8-52e3-4481-a324-4a022d5609ac","connectionDeviceId":"electricity","connectionAuthMethod":"{\"scope\":\"device\",\"type\":\"sas\",\"issuer\":\"iothub\",\"acceptingIpFilterRule\":null}","connectionDeviceGenerationId":"638436705062889146","contentType":"application/json","contentEncoding":"utf-8","enqueuedTime":"2024-02-16T09:38:58.2750000Z"},"Body":{"ID": "EAN543075800162607807", "timestamp": "2024-02-16T10:39:04.212044", "rate_1_total": 1066.4004605462426, "rate_2_total": 0.0, "current_rate": 1, "L1_cons": 3.8418915471299817, "L1_prod": 0.0, "L1_voltage": 231.08910326255565, "L1_current": 7.856539847485657}}
{"EnqueuedTimeUtc":"2024-02-16T09:39:03.3230000Z","Properties":{},"SystemProperties":{"messageId":"df879dbc-5a2e-4582-9379-7d9fd5f39a94","connectionDeviceId":"electricity","connectionAuthMethod":"{\"scope\":\"device\",\"type\":\"sas\",\"issuer\":\"iothub\",\"acceptingIpFilterRule\":null}","connectionDeviceGenerationId":"638436705062889146","contentType":"application/json","contentEncoding":"utf-8","enqueuedTime":"2024-02-16T09:39:03.3230000Z"},"Body":{"ID": "EAN543075800162607807", "timestamp": "2024-02-16T10:39:09.247573", "rate_1_total": 1070.2676654764728, "rate_2_total": 0.0, "current_rate": 1, "L1_cons": 3.867204930230077, "L1_prod": 0.0, "L1_voltage": 230.44364935930022, "L1_current": 2.3793466822906617}}
{"EnqueuedTimeUtc":"2024-02-16T09:39:08.3390000Z","Properties":{},"SystemProperties":{"messageId":"15686620-288a-4478-8210-c9cfb530541c","connectionDeviceId":"electricity","connectionAuthMethod":"{\"scope\":\"device\",\"type\":\"sas\",\"issuer\":\"iothub\",\"acceptingIpFilterRule\":null}","connectionDeviceGenerationId":"638436705062889146","contentType":"application/json","contentEncoding":"utf-8","enqueuedTime":"2024-02-16T09:39:08.3390000Z"},"Body":{"ID": "EAN543075800162607807", "timestamp": "2024-02-16T10:39:14.275794", "rate_1_total": 1070.4289638031446, "rate_2_total": 0.0, "current_rate": 1, "L1_cons": 0.1612983266718833, "L1_prod": 0.0, "L1_voltage": 233.22812237256215, "L1_current": 14.11541585618399}}
{"EnqueuedTimeUtc":"2024-02-16T09:39:13.3860000Z","Properties":{},"SystemProperties":{"messageId":"5063a56a-e002-4ad2-9f1e-854b8d9b908f","connectionDeviceId":"electricity","connectionAuthMethod":"{\"scope\":\"device\",\"type\":\"sas\",\"issuer\":\"iothub\",\"acceptingIpFilterRule\":null}","connectionDeviceGenerationId":"638436705062889146","contentType":"application/json","contentEncoding":"utf-8","enqueuedTime":"2024-02-16T09:39:13.3860000Z"},"Body":{"ID": "EAN543075800162607807", "timestamp": "2024-02-16T10:39:19.311105", "rate_1_total": 1074.0716448309847, "rate_2_total": 0.0, "current_rate": 1, "L1_cons": 3.6426810278401627, "L1_prod": 0.0, "L1_voltage": 236.30887998825904, "L1_current": 2.8999529166998634}}
{"EnqueuedTimeUtc":"2024-02-16T09:39:18.4170000Z","Properties":{},"SystemProperties":{"messageId":"6b5e1104-c3d9-46d0-8f23-107645ee5843","connectionDeviceId":"electricity","connectionAuthMethod":"{\"scope\":\"device\",\"type\":\"sas\",\"issuer\":\"iothub\",\"acceptingIpFilterRule\":null}","connectionDeviceGenerationId":"638436705062889146","contentType":"application/json","contentEncoding":"utf-8","enqueuedTime":"2024-02-16T09:39:18.4170000Z"},"Body":{"ID": "EAN543075800162607807", "timestamp": "2024-02-16T10:39:24.341189", "rate_1_total": 1078.9598669502464, "rate_2_total": 0.0, "current_rate": 1, "L1_cons": 4.888222119261642, "L1_prod": 0.0, "L1_voltage": 230.1161606529057, "L1_current": 5.5153872081421245}}
{"EnqueuedTimeUtc":"2024-02-16T09:39:23.4490000Z","Properties":{},"SystemProperties":{"messageId":"d3211137-df8e-4727-8c3c-22995679a683","connectionDeviceId":"electricity","connectionAuthMethod":"{\"scope\":\"device\",\"type\":\"sas\",\"issuer\":\"iothub\",\"acceptingIpFilterRule\":null}","connectionDeviceGenerationId":"638436705062889146","contentType":"application/json","contentEncoding":"utf-8","enqueuedTime":"2024-02-16T09:39:23.4490000Z"},"Body":{"ID": "EAN543075800162607807", "timestamp": "2024-02-16T10:39:29.382363", "rate_1_total": 1079.9270952920688, "rate_2_total": 0.0, "current_rate": 1, "L1_cons": 0.9672283418224479, "L1_prod": 0.0, "L1_voltage": 236.6008227986754, "L1_current": 1.8947899022064059}}
{"EnqueuedTimeUtc":"2024-02-16T09:39:28.4800000Z","Properties":{},"SystemProperties":{"messageId":"781c9a0b-ac8c-4407-82a2-a7d8d1a18819","connectionDeviceId":"electricity","connectionAuthMethod":"{\"scope\":\"device\",\"type\":\"sas\",\"issuer\":\"iothub\",\"acceptingIpFilterRule\":null}","connectionDeviceGenerationId":"638436705062889146","contentType":"application/json","contentEncoding":"utf-8","enqueuedTime":"2024-02-16T09:39:28.4800000Z"},"Body":{"ID": "EAN543075800162607807", "timestamp": "2024-02-16T10:39:34.420427", "rate_1_total": 1080.627618607209, "rate_2_total": 0.0, "current_rate": 1, "L1_cons": 0.7005233151401123, "L1_prod": 0.0, "L1_voltage": 231.3184283688302, "L1_current": 9.285414396504892}}