{"EnqueuedTimeUtc":"2024-02-16T09:39:33.5110000Z","Properties":{},"SystemProperties":{"messageId":"8f1a3fac-0f75-4248-aba3-1c4e6d1e90be","connectionDeviceId":"electricity","connectionAuthMethod":"{\"scope\":\"device\",\"type\":\"sas\",\"issuer\":\"iothub\",\"acceptingIpFilterRule\":null}","connectionDeviceGenerationId":"638436705062889146","contentType":"application/json","contentEncoding":"utf-8","enqueuedTime":"2024-02-16T09:39:33.5110000Z"},"Body":{"ID": "EAN543075800162607807", "timestamp": "2024-02-16T10:39:39.449160", "rate_1_total": 1082.9336513110109, "rate_2_total": 0.0, "current_rate": 1, "L1_cons": 2.3060327038020536, "L1_prod": 0.0, "L1_voltage": 237.52334449349985, "L1_current": 15.74751990896959}}
{"EnqueuedTimeUtc":"2024-02-16T09:39:38.5590000Z","Properties":{},"SystemProperties":{"messageId":"c3a60495-4b86-4cc8-97b6-649857492f13","connectionDeviceId":"electricity","connectionAuthMethod":"{\"scope\":\"device\",\"type\":\"sas\",\"issuer\":\"iothub\",\"acceptingIpFilterRule\":null}","connectionDeviceGenerationId":"638436705062889146","contentType":"application/json","contentEncoding":"utf-8","enqueuedTime":"2024-02-16T09:39:38.5590000Z"},"Body":{"ID": "EAN543075800162607807", "timestamp": "2024-02-16T10:39:44.486784", "rate_1_total": 1084.2986430596225, "rate_2_total": 0.0, "current_rate": 1, "L1_cons": 1.364991748611565, "L1_prod": 0.0, "L1_voltage": 231.4513170349776, "L1_current": 2.8257934603509796}}
{"EnqueuedTimeUtc":"2024-02-16T09:39:43.5900000Z","Properties":{},"SystemProperties":{"messageId":"0cb5a0a5-d45d-42a6-ada9-658362f183e2","connectionDeviceId":"electricity","connectionAuthMethod":"{\"scope\":\"device\",\"type\":\"sas\",\"issuer\":\"iothub\",\"acceptingIpFilterRule\":null}","connectionDeviceGenerationId":"638436705062889146","contentType":"application/json","contentEncoding":"utf-8","enqueuedTime":"2024-02-16T09:39:43.5900000Z"},"Body":{"ID": "EAN543075800162607807", "timestamp": "2024-02-16T10:39:49.521206", "rate_1_total": 1088.9916200589653, "rate_2_total": 0.0, "current_rate": 1, "L1_cons": 4.6929769993427195, "L1_prod": 0.0, "L1_voltage": 234.84610850358058, "L1_current": 14.474573222853286}}
{"EnqueuedTimeUtc":"2024-02-16T09:39:48.6210000Z","Properties":{},"SystemProperties":{"messageId":"bd04fd7c-2cc9-4d9f-b3f3-d1b811b7987f","connectionDeviceId":"electricity","connectionAuthMethod":"{\"scope\":\"device\",\"type\":\"sas\",\"issuer\":\"iothub\",\"acceptingIpFilterRule\":null}","connectionDeviceGenerationId":"638436705062889146","contentType":"application/json","contentEncoding":"utf-8","enqueuedTime":"2024-02-16T09:39:48.6210000Z"},"Body":{"ID": "EAN543075800162607807", "timestamp": "2024-02-16T10:39:54.554820", "rate_1_total": 1091.1929577521187, "rate_2_total": 0.0, "current_rate": 1, "L1_cons": 2.201337693153333, "L1_prod": 0.0, "L1_voltage": 232.13455929585774, "L1_current": 6.305596318448687}}
{"EnqueuedTimeUtc":"2024-02-16T09:39:53.6520000Z","Properties":{},"SystemProperties":{"messageId":"9b5c5168-3a87-490b-a7a9-67d750ebfe08","connectionDeviceId":"electricity","connectionAuthMethod":"{\"scope\":\"device\",\"type\":\"sas\",\"issuer\":\"iothub\",\"acceptingIpFilterRule\":null}","connectionDeviceGenerationId":"638436705062889146","contentType":"application/json","contentEncoding":"utf-8","enqueuedTime":"2024-02-16T09:39:53.6520000Z"},"Body":{"ID": "EAN543075800162607807", "timestamp": "2024-02-16T10:39:59.591281", "rate_1_total": 1093.8359096004817, "rate_2_total": 0.0, "current_rate": 1, "L1_cons": 2.6429518483630567, "L1_prod": 0.0, "L1_voltage": 232.97185853695544, "L1_current": 10.858749403242028}}
{"EnqueuedTimeUtc":"2024-02-16T09:39:58.6870000Z","Properties":{},"SystemProperties":{"messageId":"61c4b338-7b8c-488c-a496-da0d38871b84","connectionDeviceId":"electricity","connectionAuthMethod":"{\"scope\":\"device\",\"type\":\"sas\",\"issuer\":\"iothub\",\"acceptingIpFilterRule\":null}","connectionDeviceGenerationId":"638436705062889146","contentType":"application/json","contentEncoding":"utf-8","enqueuedTime":"2024-02-16T09:39:58.6870000Z"},"Body":{"ID": "EAN545114779253464097", "timestamp": "2024-02-16T10:40:04.619229", "rate_1_total": -1098.2975039628698, "rate_2_total": 0.0, "current_rate": 1, "L1_cons": -4.461594362387966, "L1_prod": 0.0, "L1_voltage": 236.50173278726032, "L1_current": 12.180194568323458}}
{"EnqueuedTimeUtc":"2024-02-16T09:40:03.7660000Z","Properties":{},"SystemProperties":{"messageId":"8a3653bd-1c79-497d-99a6-f57d7ff2f48c","connectionDeviceId":"electricity","connectionAuthMethod":"{\"scope\":\"device\",\"type\":\"sas\",\"issuer\":\"iothub\",\"acceptingIpFilterRule\":null}","connectionDeviceGenerationId":"638436705062889146","contentType":"application/json","contentEncoding":"utf-8","enqueuedTime":"2024-02-16T09:40:03.7660000Z"},"Body":{"ID": "EAN543075800162607807", "timestamp": "2024-02-16T10:40:09.700779", "rate_1_total": 1100.4494410605505, "rate_2_total": 0.0, "current_rate": 1, "L1_cons": 2.151937097680626, "L1_prod": 0.0, "L1_voltage": 233.3197889983431, "L1_current": 7.894416233358433}}
{"EnqueuedTimeUtc":"2024-02-16T09:40:08.8140000Z","Properties":{},"SystemProperties":{"messageId":"529ad69e-901c-4c8e-86c4-674f4a36de6f","connectionDeviceId":"electricity","connectionAuthMethod":"{\"scope\":\"device\",\"type\":\"sas\",\"issuer\":\"iothub\",\"acceptingIpFilterRule\":null}","connectionDeviceGenerationId":"638436705062889146","contentType":"application/json","contentEncoding":"utf-8","enqueuedTime":"2024-02-16T09:40:08.8140000Z"},"Body":{"ID": "EAN543075800162607807", "timestamp": "2024-02-16T10:40:14.751065", "rate_1_total": 1102.6865981290582, "rate_2_total": 0.0, "current_rate": 1, "L1_cons": 2.2371570685076656, "L1_prod": 0.0, "L1_voltage": 237.2539877922019, "L1_current": 9.942687019095061}}
{"EnqueuedTimeUtc":"2024-02-16T09:40:13.8460000Z","Properties":{},"SystemProperties":{"messageId":"f76037c8-bae7-4f82-acdc-168e2973ef12","connectionDeviceId":"electricity","connectionAuthMethod":"{\"scope\":\"device\",\"type\":\"sas\",\"issuer\":\"iothub\",\"acceptingIpFilterRule\":null}","connectionDeviceGenerationId":"638436705062889146","contentType":"application/json","contentEncoding":"utf-8","enqueuedTime":"2024-02-16T09:40:13.8460000Z"},"Body":{"ID": "EAN543075800162607807", "timestamp": "2024-02-16T10:40:19.783516", "rate_1_total": 1106.2844936637814, "rate_2_total": 0.0, "current_rate": 1, "L1_cons": 3.5978955347232593, "L1_prod": 0.0, "L1_voltage": 233.10461347310437, "L1_current": 7.06553108058451}}
{"EnqueuedTimeUtc":"2024-02-16T09:40:18.9240000Z","Properties":{},"SystemProperties":{"messageId":"f8b8cb81-fed4-485a-8436-1fe057aa07d7","connectionDeviceId":"electricity","connectionAuthMethod":"{\"scope\":\"device\",\"type\":\"sas\",\"issuer\":\"iothub\",\"acceptingIpFilterRule\":null}","connectionDeviceGenerationId":"638436705062889146","contentType":"application/json","contentEncoding":"utf-8","enqueuedTime":"2024-02-16T09:40:18.9240000Z"},"Body":{"ID": "EAN543075800162607807", "timestamp": "2024-02-16T10:40:24.822044", "rate_1_total": 1107.5332414903735, "rate_2_total": 0.0, "current_rate": 1, "L1_cons": 1.2487478265919698, "L1_prod": 0.0, "L1_voltage": 231.44848978468997, "L1_current": 9.882004406623496}}
{"EnqueuedTimeUtc":"2024-02-16T09:40:23.9550000Z","Properties":{},"SystemProperties":{"messageId":"8693759c-9767-4910-8882-e8b8efb73ffb","connectionDeviceId":"electricity","connectionAuthMethod":"{\"scope\":\"device\",\"type\":\"sas\",\"issuer\":\"iothub\",\"acceptingIpFilterRule\":null}","connectionDeviceGenerationId":"638436705062889146","contentType":"application/json","contentEncoding":"utf-8","enqueuedTime":"2024-02-16T09:40:23.9550000Z"},"Body":{"ID": "EAN543075800162607807", "timestamp": "2024-02-16T10:40:29.893793", "rate_1_total": 1112.3992248989073, "rate_2_total": 0.0, "current_rate": 1, "L1_cons": 4.865983408533843, "L1_prod": 0.0, "L1_voltage": 230.7286062553502, "L1_current": 13.351772608545495}}