{"EnqueuedTimeUtc":"2024-02-16T09:40:28.9870000Z","Properties":{},"SystemProperties":{"messageId":"c22771aa-05a4-486d-a16b-743fef7eb709","connectionDeviceId":"electricity","connectionAuthMethod":"{\"scope\":\"device\",\"type\":\"sas\",\"issuer\":\"iothub\",\"acceptingIpFilterRule\":null}","connectionDeviceGenerationId":"638436705062889146","contentType":"application/json","contentEncoding":"utf-8","enqueuedTime":"2024-02-16T09:40:28.9870000Z"},"Body":{"ID": "EAN543075800162607807", "timestamp": "2024-02-16T10:40:34.927041", "rate_1_total": 1114.342200017661, "rate_2_total": 0.0, "current_rate": 1, "L1_cons": 1.942975118753768, "L1_prod": 0.0, "L1_voltage": 235.99008215476323, "L1_current": 5.441734755863728}}
{"EnqueuedTimeUtc":"2024-02-16T09:40:34.0340000Z","Properties":{},"SystemProperties":{"messageId":"1e2644b6-fb25-4c8e-b91b-2e62e979b970","connectionDeviceId":"electricity","connectionAuthMethod":"{\"scope\":\"device\",\"type\":\"sas\",\"issuer\":\"iothub\",\"acceptingIpFilterRule\":null}","connectionDeviceGenerationId":"638436705062889146","contentType":"application/json","contentEncoding":"utf-8","enqueuedTime":"2024-02-16T09:40:34.0340000Z"},"Body":{"ID": "EAN543075800162607807", "timestamp": "2024-02-16T10:40:39.961708", "rate_1_total": 1116.7981570576085, "rate_2_total": 0.0, "current_rate": 1, "L1_cons": 2.455957039947352, "L1_prod": 0.0, "L1_voltage": 230.86776158809153, "L1_current": 5.291943981958057}}
{"EnqueuedTimeUtc":"2024-02-16T09:40:39.0670000Z","Properties":{},"SystemProperties":{"messageId":"0b7d87e4-7a73-4998-acf8-18c85c539885","connectionDeviceId":"electricity","connectionAuthMethod":"{\"scope\":\"device\",\"type\":\"sas\",\"issuer\":\"iothub\",\"acceptingIpFilterRule\":null}","connectionDeviceGenerationId":"638436705062889146","contentType":"application/json","contentEncoding":"utf-8","enqueuedTime":"2024-02-16T09:40:39.0670000Z"},"Body":{"ID": "EAN543075800162607807", "timestamp": "2024-02-16T10:40:44.995206", "rate_1_total": 1119.9391811834148, "rate_2_total": 0.0, "current_rate": 1, "L1_cons": 3.1410241258063887, "L1_prod": 0.0, "L1_voltage": 231.6127881346909, "L1_current": 8.348510244727834}}
{"EnqueuedTimeUtc":"2024-02-16T09:40:44.0990000Z","Properties":{},"SystemProperties":{"messageId":"7868d74c-fce3-443c-818c-0e58d996f2e6","connectionDeviceId":"electricity","connectionAuthMethod":"{\"scope\":\"device\",\"type\":\"sas\",\"issuer\":\"iothub\",\"acceptingIpFilterRule\":null}","connectionDeviceGenerationId":"638436705062889146","contentType":"application/json","contentEncoding":"utf-8","enqueuedTime":"2024-02-16T09:40:44.0990000Z"},"Body":{"ID": "EAN543075800162607807", "timestamp": "2024-02-16T10:40:50.031916", "rate_1_total": 1120.686462064627, "rate_2_total": 0.0, "current_rate": 1, "L1_cons": 0.7472808812122602, "L1_prod": 0.0, "L1_voltage": 231.2339497630298, "L1_current": 5.403710330302814}}
{"EnqueuedTimeUtc":"2024-02-16T09:40:49.1460000Z","Properties":{},"SystemProperties":{"messageId":"82cb0b70-3204-4e63-b89c-b743a5d28c20","connectionDeviceId":"electricity","connectionAuthMethod":"{\"scope\":\"device\",\"type\":\"sas\",\"issuer\":\"iothub\",\"acceptingIpFilterRule\":null}","connectionDeviceGenerationId":"638436705062889146","contentType":"application/json","contentEncoding":"utf-8","enqueuedTime":"2024-02-16T09:40:49.1460000Z"},"Body":{"ID": "EAN543075800162607807", "timestamp": "2024-02-16T10:40:55.072996", "rate_1_total": 1122.65080151254, "rate_2_total": 0.0, "current_rate": 1, "L1_cons": 1.9643394479130263, "L1_prod": 0.0, "L1_voltage": 238.74374496146987, "L1_current": 1.8337644757116445}}
{"EnqueuedTimeUtc":"2024-02-16T09:40:54.1780000Z","Properties":{},"SystemProperties":{"messageId":"7ffcde48-8873-4316-a2ca-79b25ff7bce7","connectionDeviceId":"electricity","connectionAuthMethod":"{\"scope\":\"device\",\"type\":\"sas\",\"issuer\":\"iothub\",\"acceptingIpFilterRule\":null}","connectionDeviceGenerationId":"638436705062889146","contentType":"application/json","contentEncoding":"utf-8","enqueuedTime":"2024-02-16T09:40:54.1780000Z"},"Body":{"ID": "EAN543075800162607807", "timestamp": "2024-02-16T10:41:00.102227", "rate_1_total": 1123.655287909354, "rate_2_total": 0.0, "current_rate": 1, "L1_cons": 1.0044863968140398, "L1_prod": 0.0, "L1_voltage": 239.52835750771004, "L1_current": 4.386139233117467}}
{"EnqueuedTimeUtc":"2024-02-16T09:40:59.2110000Z","Properties":{},"SystemProperties":{"messageId":"bc6ad9fd-0c9d-48da-b51a-0a4242affcb1","connectionDeviceId":"electricity","connectionAuthMethod":"{\"scope\":\"device\",\"type\":\"sas\",\"issuer\":\"iothub\",\"acceptingIpFilterRule\":null}","connectionDeviceGenerationId":"638436705062889146","contentType":"application/json","contentEncoding":"utf-8","enqueuedTime":"2024-02-16T09:40:59.2110000Z"},"Body":{"ID": "EAN543075800162607807", "timestamp": "2024-02-16T10:41:05.144867", "rate_1_total": 1126.4485948144008, "rate_2_total": 0.0, "current_rate": 1, "L1_cons": 2.793306905046782, "L1_prod": 0.0, "L1_voltage": 238.75271180136954, "L1_current": 7.379524510777445}}
{"EnqueuedTimeUtc":"2024-02-16T09:41:04.2590000Z","Properties":{},"SystemProperties":{"messageId":"449338dc-13c4-40f7-87be-99082bab7ac6","connectionDeviceId":"electricity","connectionAuthMethod":"{\"scope\":\"device\",\"type\":\"sas\",\"issuer\":\"iothub\",\"acceptingIpFilterRule\":null}","connectionDeviceGenerationId":"638436705062889146","contentType":"application/json","contentEncoding":"utf-8","enqueuedTime":"2024-02-16T09:41:04.2590000Z"},"Body":{"ID": "EAN543075800162607807", "timestamp": "2024-02-16T10:41:10.184877", "rate_1_total": 1127.7159771709412, "rate_2_total": 0.0, "current_rate": 1, "L1_cons": 1.267382356540356, "L1_prod": 0.0, "L1_voltage": 231.20737796930936, "L1_current": 7.856077230576416}}
{"EnqueuedTimeUtc":"2024-02-16T09:41:09.2900000Z","Properties":{},"SystemProperties":{"messageId":"8a5c538f-9ec5-42d6-8977-3db7f67ad398","connectionDeviceId":"electricity","connectionAuthMethod":"{\"scope\":\"device\",\"type\":\"sas\",\"issuer\":\"iothub\",\"acceptingIpFilterRule\":null}","connectionDeviceGenerationId":"638436705062889146","contentType":"application/json","contentEncoding":"utf-8","enqueuedTime":"2024-02-16T09:41:09.2900000Z"},"Body":{"ID": "EAN543075800162607807", "timestamp": "2024-02-16T10:41:15.216897", "rate_1_total": 1128.8961813263115, "rate_2_total": 0.0, "current_rate": 1, "L1_cons": 1.1802041553703793, "L1_prod": 0.0, "L1_voltage": 235.53878841114582, "L1_current": 14.843863054641613}}
{"EnqueuedTimeUtc":"2024-02-16T09:41:14.3220000Z","Properties":{},"SystemProperties":{"messageId":"aafa78ed-4829-4d6b-b8c4-22088095bcec","connectionDeviceId":"electricity","connectionAuthMethod":"{\"scope\":\"device\",\"type\":\"sas\",\"issuer\":\"iothub\",\"acceptingIpFilterRule\":null}","connectionDeviceGenerationId":"638436705062889146","contentType":"application/json","contentEncoding":"utf-8","enqueuedTime":"2024-02-16T09:41:14.3220000Z"},"Body":{"ID": "EAN543075800162607807", "timestamp": "2024-02-16T10:41:20.254228", "rate_1_total": 1133.021789947158, "rate_2_total": 0.0, "current_rate": 1, "L1_cons": 4.125608620846382, "L1_prod": 0.0, "L1_voltage": 239.95737811307623, "L1_current": 10.582198374986561}}
{"EnqueuedTimeUtc":"2024-02-16T09:41:19.3530000Z","Properties":{},"SystemProperties":{"messageId":"6754c92a-c5d6-443a-bdd4-31016bbdb6e8","connectionDeviceId":"electricity","connectionAuthMethod":"{\"scope\":\"device\",\"type\":\"sas\",\"issuer\":\"iothub\",\"acceptingIpFilterRule\":null}","connectionDeviceGenerationId":"638436705062889146","contentType":"application/json","contentEncoding":"utf-8","enqueuedTime":"2024-02-16T09:41:19.3530000Z"},"Body":{"ID": "EAN543075800162607807", "timestamp": "2024-02-16T10:41:25.282460", "rate_1_total": 1135.1436775968648, "rate_2_total": 0.0, "current_rate": 1, "L1_cons": 2.121887649706886, "L1_prod": 0.0, "L1_voltage": 231.84465881518136, "L1_current": 8.877948489611862}}
{"EnqueuedTimeUtc":"2024-02-16T09:41:24.3850000Z","Properties":{},"SystemProperties":{"messageId":"620d4559-c077-4769-8ed7-d705fd5013a7","connectionDeviceId":"electricity","connectionAuthMethod":"{\"scope\":\"device\",\"type\":\"sas\",\"issuer\":\"iothub\",\"acceptingIpFilterRule\":null}","connectionDeviceGenerationId":"638436705062889146","contentType":"application/json","contentEncoding":"utf-8","enqueuedTime":"2024-02-16T09:41:24.3850000Z"},"Body":{"ID": "EAN543075800162607807", "timestamp": "2024-02-16T10:41:30.319876", "rate_1_total": 1139.0737558837227, "rate_2_total": 0.0, "current_rate": 1, "L1_cons": 3.930078286857911, "L1_prod": 0.0, "L1_voltage": 233.93731839523943, "L1_current": 7.384475445120768}}