{"EnqueuedTimeUtc":"2024-02-16T09:41:29.4320000Z","Properties":{},"SystemProperties":{"messageId":"f7b35c76-7d7f-4d6b-b6f0-1d525ad03db8","connectionDeviceId":"electricity","connectionAuthMethod":"{\"scope\":\"device\",\"type\":\"sas\",\"issuer\":\"iothub\",\"acceptingIpFilterRule\":null}","connectionDeviceGenerationId":"638436705062889146","contentType":"application/json","contentEncoding":"utf-8","enqueuedTime":"2024-02-16T09:41:29.4320000Z"},"Body":{"ID": "EAN543075800162607807", "timestamp": "2024-02-16T10:41:35.360734", "rate_1_total": 1139.2331373814313, "rate_2_total": 0.0, "current_rate": 1, "L1_cons": 0.15938149770859228, "L1_prod": 0.0, "L1_voltage": 231.98084658934823, "L1_current": 14.784085167228724}}
{"EnqueuedTimeUtc":"2024-02-16T09:41:34.4630000Z","Properties":{},"SystemProperties":{"messageId":"41b4ef52-f1e3-4903-aa76-792a4c67f896","connectionDeviceId":"electricity","connectionAuthMethod":"{\"scope\":\"device\",\"type\":\"sas\",\"issuer\":\"iothub\",\"acceptingIpFilterRule\":null}","connectionDeviceGenerationId":"638436705062889146","contentType":"application/json","contentEncoding":"utf-8","enqueuedTime":"2024-02-16T09:41:34.4630000Z"},"Body":{"ID": "EAN543075800162607807", "timestamp": "2024-02-16T10:41:40.388880", "rate_1_total": 1140.8537754130896, "rate_2_total": 0.0, "current_rate": 1, "L1_cons": 1.6206380316583378, "L1_prod": 0.0, "L1_voltage": 234.93198835244627, "L1_current": 3.7179819258005025}}
{"EnqueuedTimeUtc":"2024-02-16T09:41:39.4940000Z","Properties":{},"SystemProperties":{"messageId":"99de1d46-5ceb-4431-b1cf-dbcb6b057b7f","connectionDeviceId":"electricity","connectionAuthMethod":"{\"scope\":\"device\",\"type\":\"sas\",\"issuer\":\"iothub\",\"acceptingIpFilterRule\":null}","connectionDeviceGenerationId":"638436705062889146","contentType":"application/json","contentEncoding":"utf-8","enqueuedTime":"2024-02-16T09:41:39.4940000Z"},"Body":{"ID": "EAN543075800162607807", "timestamp": "2024-02-16T10:41:45.430949", "rate_1_total": 1144.6001223158412, "rate_2_total": 0.0, "current_rate": 1, "L1_cons": 3.7463469027516227, "L1_prod": 0.0, "L1_voltage": 232.54524775703635, "L1_current": 9.826422140714568}}
{"EnqueuedTimeUtc":"2024-02-16T09:41:44.6970000Z","Properties":{},"SystemProperties":{"messageId":"1583f420-a1a8-47e3-baa4-23ef34521052","connectionDeviceId":"electricity","connectionAuthMethod":"{\"scope\":\"device\",\"type\":\"sas\",\"issuer\":\"iothub\",\"acceptingIpFilterRule\":null}","connectionDeviceGenerationId":"638436705062889146","contentType":"application/json","contentEncoding":"utf-8","enqueuedTime":"2024-02-16T09:41:44.6970000Z"},"Body":{"ID": "EAN543075800162607807", "timestamp": "2024-02-16T10:41:50.618837", "rate_1_total": 1147.075104604592, "rate_2_total": 0.0, "current_rate": 1, "L1_cons": 2.474982288750912, "L1_prod": 0.0, "L1_voltage": 238.2853382156044, "L1_current": 7.420922346589691}}
{"EnqueuedTimeUtc":"2024-02-16T09:41:49.7130000Z","Properties":{},"SystemProperties":{"messageId":"1b515718-bfcb-46fb-be15-1a3ace5dacf1","connectionDeviceId":"electricity","connectionAuthMethod":"{\"scope\":\"device\",\"type\":\"sas\",\"issuer\":\"iothub\",\"acceptingIpFilterRule\":null}","connectionDeviceGenerationId":"638436705062889146","contentType":"application/json","contentEncoding":"utf-8","enqueuedTime":"2024-02-16T09:41:49.7130000Z"},"Body":{"ID": "EAN543075800162607807", "timestamp": "2024-02-16T10:41:55.648326", "rate_1_total": 1148.8797626166345, "rate_2_total": 0.0, "current_rate": 1, "L1_cons": 1.8046580120424693, "L1_prod": 0.0, "L1_voltage": 238.8682379980175, "L1_current": 10.128992945733815}}
{"EnqueuedTimeUtc":"2024-02-16T09:41:54.7600000Z","Properties":{},"SystemProperties":{"messageId":"a2a195f3-3081-488c-8839-1c5810ecff52","connectionDeviceId":"electricity","connectionAuthMethod":"{\"scope\":\"device\",\"type\":\"sas\",\"issuer\":\"iothub\",\"acceptingIpFilterRule\":null}","connectionDeviceGenerationId":"638436705062889146","contentType":"application/json","contentEncoding":"utf-8","enqueuedTime":"2024-02-16T09:41:54.7600000Z"},"Body":{"ID": "EAN543075800162607807", "timestamp": "2024-02-16T10:42:00.691189", "rate_1_total": 1149.7055127780275, "rate_2_total": 0.0, "current_rate": 1, "L1_cons": 0.8257501613929946, "L1_prod": 0.0, "L1_voltage": 236.04881125676857, "L1_current": 3.120387324784039}}
{"EnqueuedTimeUtc":"2024-02-16T09:41:59.7910000Z","Properties":{},"SystemProperties":{"messageId":"66d22673-3c9c-460f-b236-62d780cd056c","connectionDeviceId":"electricity","connectionAuthMethod":"{\"scope\":\"device\",\"type\":\"sas\",\"issuer\":\"iothub\",\"acceptingIpFilterRule\":null}","connectionDeviceGenerationId":"638436705062889146","contentType":"application/json","contentEncoding":"utf-8","enqueuedTime":"2024-02-16T09:41:59.7910000Z"},"Body":{"ID": "EAN543075800162607807", "timestamp": "2024-02-16T10:42:05.720393", "rate_1_total": 1153.0468648203366, "rate_2_total": 0.0, "current_rate": 1, "L1_cons": 3.3413520423091305, "L1_prod": 0.0, "L1_voltage": 230.88822053670864, "L1_current": 10.681237762557648}}
{"EnqueuedTimeUtc":"2024-02-16T09:42:04.8230000Z","Properties":{},"SystemProperties":{"messageId":"610765db-6d07-48c7-9369-9ad49ef5b47c","connectionDeviceId":"electricity","connectionAuthMethod":"{\"scope\":\"device\",\"type\":\"sas\",\"issuer\":\"iothub\",\"acceptingIpFilterRule\":null}","connectionDeviceGenerationId":"638436705062889146","contentType":"application/json","contentEncoding":"utf-8","enqueuedTime":"2024-02-16T09:42:04.8230000Z"},"Body":{"ID": "EAN543075800162607807", "timestamp": "2024-02-16T10:42:10.758675", "rate_1_total": 1155.5232037721453, "rate_2_total": 0.0, "current_rate": 1, "L1_cons": 2.476338951808574, "L1_prod": 0.0, "L1_voltage": 231.88362954747544, "L1_current": 2.0678854497691246}}
{"EnqueuedTimeUtc":"2024-02-16T09:42:09.8690000Z","Properties":{},"SystemProperties":{"messageId":"e68e531a-4480-45bd-846d-dabf022f499c","connectionDeviceId":"electricity","connectionAuthMethod":"{\"scope\":\"device\",\"type\":\"sas\",\"issuer\":\"iothub\",\"acceptingIpFilterRule\":null}","connectionDeviceGenerationId":"638436705062889146","contentType":"application/json","contentEncoding":"utf-8","enqueuedTime":"2024-02-16T09:42:09.8690000Z"},"Body":{"ID": "EAN543075800162607807", "timestamp": "2024-02-16T10:42:15.798296", "rate_1_total": 1158.3376039954815, "rate_2_total": 0.0, "current_rate": 1, "L1_cons": 2.814400223336088, "L1_prod": 0.0, "L1_voltage": 236.99043196391088, "L1_current": 15.649402586394585}}
{"EnqueuedTimeUtc":"2024-02-16T09:42:14.9010000Z","Properties":{},"SystemProperties":{"messageId":"e318a06d-cfe2-4771-8818-6ca3b2f8036a","connectionDeviceId":"electricity","connectionAuthMethod":"{\"scope\":\"device\",\"type\":\"sas\",\"issuer\":\"iothub\",\"acceptingIpFilterRule\":null}","connectionDeviceGenerationId":"638436705062889146","contentType":"application/json","contentEncoding":"utf-8","enqueuedTime":"2024-02-16T09:42:14.9010000Z"},"Body":{"ID": "EAN543075800162607807", "timestamp": "2024-02-16T10:42:20.830205", "rate_1_total": 1158.5064145909507, "rate_2_total": 0.0, "current_rate": 1, "L1_cons": 0.16881059546924138, "L1_prod": 0.0, "L1_voltage": 233.77356152549584, "L1_current": 14.369061808817392}}
{"EnqueuedTimeUtc":"2024-02-16T09:42:19.9480000Z","Properties":{},"SystemProperties":{"messageId":"69fbcfc7-5da0-4044-9ff2-edd366b14c42","connectionDeviceId":"electricity","connectionAuthMethod":"{\"scope\":\"device\",\"type\":\"sas\",\"issuer\":\"iothub\",\"acceptingIpFilterRule\":null}","connectionDeviceGenerationId":"638436705062889146","contentType":"application/json","contentEncoding":"utf-8","enqueuedTime":"2024-02-16T09:42:19.9480000Z"},"Body":{"ID": "EAN543075800162607807", "timestamp": "2024-02-16T10:42:25.870969", "rate_1_total": 1161.368346771945, "rate_2_total": 0.0, "current_rate": 1, "L1_cons": 2.8619321809943417, "L1_prod": 0.0, "L1_voltage": 230.00722566104372, "L1_current": 1.3722468362789502}}
{"EnqueuedTimeUtc":"2024-02-16T09:42:24.9810000Z","Properties":{},"SystemProperties":{"messageId":"67a0d576-1978-4af5-a68f-e3c66e506b4c","connectionDeviceId":"electricity","connectionAuthMethod":"{\"scope\":\"device\",\"type\":\"sas\",\"issuer\":\"iothub\",\"acceptingIpFilterRule\":null}","connectionDeviceGenerationId":"638436705062889146","contentType":"application/json","contentEncoding":"utf-8","enqueuedTime":"2024-02-16T09:42:24.9810000Z"},"Body":{"ID": "EAN543075800162607807", "timestamp": "2024-02-16T10:42:30.910012", "rate_1_total": 1166.3068213127244, "rate_2_total": 0.0, "current_rate": 1, "L1_cons": 4.938474540779531, "L1_prod": 0.0, "L1_voltage": 237.2295092957723, "L1_current": 9.159516845550352}}