{"EnqueuedTimeUtc":"2024-02-16T09:42:30.0120000Z","Properties":{},"SystemProperties":{"messageId":"99b5bb14-ced1-4f60-bd90-cf84bc49d603","connectionDeviceId":"electricity","connectionAuthMethod":"{\"scope\":\"device\",\"type\":\"sas\",\"issuer\":\"iothub\",\"acceptingIpFilterRule\":null}","connectionDeviceGenerationId":"638436705062889146","contentType":"application/json","contentEncoding":"utf-8","enqueuedTime":"2024-02-16T09:42:30.0120000Z"},"Body":{"ID": "EAN543075800162607807", "timestamp": "2024-02-16T10:42:35.940657", "rate_1_total": 1170.019134940846, "rate_2_total": 0.0, "current_rate": 1, "L1_cons": 3.7123136281215343, "L1_prod": 0.0, "L1_voltage": 230.92298622024887, "L1_current": 14.06749947837002}}
{"EnqueuedTimeUtc":"2024-02-16T09:42:35.0590000Z","Properties":{},"SystemProperties":{"messageId":"f12ac741-5d1a-45b4-ab94-45fab65d36ca","connectionDeviceId":"electricity","connectionAuthMethod":"{\"scope\":\"device\",\"type\":\"sas\",\"issuer\":\"iothub\",\"acceptingIpFilterRule\":null}","connectionDeviceGenerationId":"638436705062889146","contentType":"application/json","contentEncoding":"utf-8","enqueuedTime":"2024-02-16T09:42:35.0590000Z"},"Body":{"ID": "EAN543075800162607807", "timestamp": "2024-02-16T10:42:40.985137", "rate_1_total": 1170.6038479196345, "rate_2_total": 0.0, "current_rate": 1, "L1_cons": 0.5847129787884948, "L1_prod": 0.0, "L1_voltage": 233.72435612829122, "L1_current": 5.690753034353088}}
{"EnqueuedTimeUtc":"2024-02-16T09:42:40.0910000Z","Properties":{},"SystemProperties":{"messageId":"ad0aad0d-62c3-4b2b-b9ac-7a778c6fb3c7","connectionDeviceId":"electricity","connectionAuthMethod":"{\"scope\":\"device\",\"type\":\"sas\",\"issuer\":\"iothub\",\"acceptingIpFilterRule\":null}","connectionDeviceGenerationId":"638436705062889146","contentType":"application/json","contentEncoding":"utf-8","enqueuedTime":"2024-02-16T09:42:40.0910000Z"},"Body":{"ID": "EAN543075800162607807", "timestamp": "2024-02-16T10:42:46.018614", "rate_1_total": 1174.8099610657584, "rate_2_total": 0.0, "current_rate": 1, "L1_cons": 4.206113146124034, "L1_prod": 0.0, "L1_voltage": 239.71745269620155, "L1_current": 10.173206703742787}}
{"EnqueuedTimeUtc":"2024-02-16T09:42:45.1250000Z","Properties":{},"SystemProperties":{"messageId":"6b28c6cd-cc9d-4c41-90a7-88f08bacf16c","connectionDeviceId":"electricity","connectionAuthMethod":"{\"scope\":\"device\",\"type\":\"sas\",\"issuer\":\"iothub\",\"acceptingIpFilterRule\":null}","connectionDeviceGenerationId":"638436705062889146","contentType":"application/json","contentEncoding":"utf-8","enqueuedTime":"2024-02-16T09:42:45.1250000Z"},"Body":{"ID": "EAN543075800162607807", "timestamp": "2024-02-16T10:42:51.056547", "rate_1_total": 1176.0266418351723, "rate_2_total": 0.0, "current_rate": 1, "L1_cons": 1.2166807694137922, "L1_prod": 0.0, "L1_voltage": 235.49712361737483, "L1_current": 4.0827423271383765}}
{"EnqueuedTimeUtc":"2024-02-16T09:42:50.1720000Z","Properties":{},"SystemProperties":{"messageId":"38f8cb2d-5489-4312-ae9d-6f1c1b95bffc","connectionDeviceId":"electricity","connectionAuthMethod":"{\"scope\":\"device\",\"type\":\"sas\",\"issuer\":\"iothub\",\"acceptingIpFilterRule\":null}","connectionDeviceGenerationId":"638436705062889146","contentType":"application/json","contentEncoding":"utf-8","enqueuedTime":"2024-02-16T09:42:50.1720000Z"},"Body":{"ID": "EAN543075800162607807", "timestamp": "2024-02-16T10:42:56.097861", "rate_1_total": 1177.5658736461505, "rate_2_total": 0.0, "current_rate": 1, "L1_cons": 1.5392318109782706, "L1_prod": 0.0, "L1_voltage": 235.22192459825925, "L1_current": 10.763297994557131}}
{"EnqueuedTimeUtc":"2024-02-16T09:42:55.2030000Z","Properties":{},"SystemProperties":{"messageId":"9ed7a4d5-c983-4b4a-a3f6-8529f45ac618","connectionDeviceId":"electricity","connectionAuthMethod":"{\"scope\":\"device\",\"type\":\"sas\",\"issuer\":\"iothub\",\"acceptingIpFilterRule\":null}","connectionDeviceGenerationId":"638436705062889146","contentType":"application/json","contentEncoding":"utf-8","enqueuedTime":"2024-02-16T09:42:55.2030000Z"},"Body":{"ID": "EAN543075800162607807", "timestamp": "2024-02-16T10:43:01.126309", "rate_1_total": 1180.276045045696, "rate_2_total": 0.0, "current_rate": 1, "L1_cons": 2.710171399545474, "L1_prod": 0.0, "L1_voltage": 231.9525319172563, "L1_current": 13.821186064171886}}
{"EnqueuedTimeUtc":"2024-02-16T09:43:00.2350000Z","Properties":{},"SystemProperties":{"messageId":"fd69b6b3-2a36-4084-9e74-c99dbf5e940c","connectionDeviceId":"electricity","connectionAuthMethod":"{\"scope\":\"device\",\"type\":\"sas\",\"issuer\":\"iothub\",\"acceptingIpFilterRule\":null}","connectionDeviceGenerationId":"638436705062889146","contentType":"application/json","contentEncoding":"utf-8","enqueuedTime":"2024-02-16T09:43:00.2350000Z"},"Body":{"ID": "EAN543075800162607807", "timestamp": "2024-02-16T10:43:06.168131", "rate_1_total": 1180.3370665375865, "rate_2_total": 0.0, "current_rate": 1, "L1_cons": 0.06102149189043464, "L1_prod": 0.0, "L1_voltage": 234.7785247428255, "L1_current": 10.986280197925739}}
{"EnqueuedTimeUtc":"2024-02-16T09:43:05.2820000Z","Properties":{},"SystemProperties":{"messageId":"7ebc6fac-2682-485b-949a-a111bacfcee6","connectionDeviceId":"electricity","connectionAuthMethod":"{\"scope\":\"device\",\"type\":\"sas\",\"issuer\":\"iothub\",\"acceptingIpFilterRule\":null}","connectionDeviceGenerationId":"638436705062889146","contentType":"application/json","contentEncoding":"utf-8","enqueuedTime":"2024-02-16T09:43:05.2820000Z"},"Body":{"ID": "EAN543075800162607807", "timestamp": "2024-02-16T10:43:11.208897", "rate_1_total": 1182.7070532784935, "rate_2_total": 0.0, "current_rate": 1, "L1_cons": 2.3699867409070077, "L1_prod": 0.0, "L1_voltage": 237.94426787636968, "L1_current": 10.619711459480612}}
{"EnqueuedTimeUtc":"2024-02-16T09:43:10.3140000Z","Properties":{},"SystemProperties":{"messageId":"f04f614e-89ee-4bd0-ba24-01b3aa8d43c3","connectionDeviceId":"electricity","connectionAuthMethod":"{\"scope\":\"device\",\"type\":\"sas\",\"issuer\":\"iothub\",\"acceptingIpFilterRule\":null}","connectionDeviceGenerationId":"638436705062889146","contentType":"application/json","contentEncoding":"utf-8","enqueuedTime":"2024-02-16T09:43:10.3140000Z"},"Body":{"ID": "EAN543075800162607807", "timestamp": "2024-02-16T10:43:16.240887", "rate_1_total": 1183.1766524588804, "rate_2_total": 0.0, "current_rate": 1, "L1_cons": 0.46959918038697646, "L1_prod": 0.0, "L1_voltage": 237.13249027407778, "L1_current": 4.6215164545304335}}
{"EnqueuedTimeUtc":"2024-02-16T09:43:15.3600000Z","Properties":{},"SystemProperties":{"messageId":"9bf6faca-90e5-4f40-a126-b873e7401cd8","connectionDeviceId":"electricity","connectionAuthMethod":"{\"scope\":\"device\",\"type\":\"sas\",\"issuer\":\"iothub\",\"acceptingIpFilterRule\":null}","connectionDeviceGenerationId":"638436705062889146","contentType":"application/json","contentEncoding":"utf-8","enqueuedTime":"2024-02-16T09:43:15.3600000Z"},"Body":{"ID": "EAN543075800162607807", "timestamp": "2024-02-16T10:43:21.281180", "rate_1_total": 1184.9277918482796, "rate_2_total": 0.0, "current_rate": 1, "L1_cons": 1.7511393893992513, "L1_prod": 0.0, "L1_voltage": 232.0267277422689, "L1_current": 15.885329410920003}}
{"EnqueuedTimeUtc":"2024-02-16T09:43:20.3930000Z","Properties":{},"SystemProperties":{"messageId":"c93b1364-a19f-43e1-a225-9fbf1bbdcbb4","connectionDeviceId":"electricity","connectionAuthMethod":"{\"scope\":\"device\",\"type\":\"sas\",\"issuer\":\"iothub\",\"acceptingIpFilterRule\":null}","connectionDeviceGenerationId":"638436705062889146","contentType":"application/json","contentEncoding":"utf-8","enqueuedTime":"2024-02-16T09:43:20.3930000Z"},"Body":{"ID": "EAN543075800162607807", "timestamp": "2024-02-16T10:43:26.314887", "rate_1_total": 1186.3733196863589, "rate_2_total": 0.0, "current_rate": 1, "L1_cons": 1.44552783807929, "L1_prod": 0.0, "L1_voltage": 233.44717879432164, "L1_current": 3.027284846981303}}
{"EnqueuedTimeUtc":"2024-02-16T09:43:25.4240000Z","Properties":{},"SystemProperties":{"messageId":"95e5d2d6-e282-4aec-bc3d-11c3e8410787","connectionDeviceId":"electricity","connectionAuthMethod":"{\"scope\":\"device\",\"type\":\"sas\",\"issuer\":\"iothub\",\"acceptingIpFilterRule\":null}","connectionDeviceGenerationId":"638436705062889146","contentType":"application/json","contentEncoding":"utf-8","enqueuedTime":"2024-02-16T09:43:25.4240000Z"},"Body":{"ID": "EAN543075800162607807", "timestamp": "2024-02-16T10:43:31.353703", "rate_1_total": 1187.1246127509976, "rate_2_total": 0.0, "current_rate": 1, "L1_cons": 0.7512930646386601, "L1_prod": 0.0, "L1_voltage": 237.6400616976043, "L1_current": 13.852593973621701}}