{"EnqueuedTimeUtc":"2024-02-16T09:43:30.4550000Z","Properties":{},"SystemProperties":{"messageId":"2f7acb77-939d-456a-9c46-68f9b8fa5706","connectionDeviceId":"electricity","connectionAuthMethod":"{\"scope\":\"device\",\"type\":\"sas\",\"issuer\":\"iothub\",\"acceptingIpFilterRule\":null}","connectionDeviceGenerationId":"638436705062889146","contentType":"application/json","contentEncoding":"utf-8","enqueuedTime":"2024-02-16T09:43:30.4550000Z"},"Body":{"ID": "EAN543075800162607807", "timestamp": "2024-02-16T10:43:36.393992", "rate_1_total": 1188.5713792966574, "rate_2_total": 0.0, "current_rate": 1, "L1_cons": 1.446766545659722, "L1_prod": 0.0, "L1_voltage": 238.15491662869326, "L1_current": 13.609638610738088}}
{"EnqueuedTimeUtc":"2024-02-16T09:43:35.5020000Z","Properties":{},"SystemProperties":{"messageId":"c3df406b-c5bd-47b5-b94d-f9799da33e43","connectionDeviceId":"electricity","connectionAuthMethod":"{\"scope\":\"device\",\"type\":\"sas\",\"issuer\":\"iothub\",\"acceptingIpFilterRule\":null}","connectionDeviceGenerationId":"638436705062889146","contentType":"application/json","contentEncoding":"utf-8","enqueuedTime":"2024-02-16T09:43:35.5020000Z"},"Body":{"ID": "EAN543075800162607807", "timestamp": "2024-02-16T10:43:41.420666", "rate_1_total": 1188.8074451926832, "rate_2_total": 0.0, "current_rate": 1, "L1_cons": 0.23606589602591158, "L1_prod": 0.0, "L1_voltage": 235.9505787414166, "L1_current": 11.68188889074675}}
{"EnqueuedTimeUtc":"2024-02-16T09:43:40.5340000Z","Properties":{},"SystemProperties":{"messageId":"e50d30b2-a39d-4cef-ad5f-898d2550aee6","connectionDeviceId":"electricity","connectionAuthMethod":"{\"scope\":\"device\",\"type\":\"sas\",\"issuer\":\"iothub\",\"acceptingIpFilterRule\":null}","connectionDeviceGenerationId":"638436705062889146","contentType":"application/json","contentEncoding":"utf-8","enqueuedTime":"2024-02-16T09:43:40.5340000Z"},"Body":{"ID": "EAN543075800162607807", "timestamp": "2024-02-16T10:43:46.466278", "rate_1_total": 1193.2399683917774, "rate_2_total": 0.0, "current_rate": 1, "L1_cons": 4.432523199094192, "L1_prod": 0.0, "L1_voltage": 237.68686773797603, "L1_current": 1.8034130626591027}}
{"EnqueuedTimeUtc":"2024-02-16T09:43:45.5810000Z","Properties":{},"SystemProperties":{"messageId":"dd3198f0-ad66-492d-8f2b-6450309117ea","connectionDeviceId":"electricity","connectionAuthMethod":"{\"scope\":\"device\",\"type\":\"sas\",\"issuer\":\"iothub\",\"acceptingIpFilterRule\":null}","connectionDeviceGenerationId":"638436705062889146","contentType":"application/json","contentEncoding":"utf-8","enqueuedTime":"2024-02-16T09:43:45.5810000Z"},"Body":{"ID": "EAN543075800162607807", "timestamp": "2024-02-16T10:43:51.504440", "rate_1_total": 1193.3055125002338, "rate_2_total": 0.0, "current_rate": 1, "L1_cons": 0.06554410845629877, "L1_prod": 0.0, "L1_voltage": 238.7562589779738, "L1_current": 10.82855026288941}}
{"EnqueuedTimeUtc":"2024-02-16T09:43:50.6130000Z","Properties":{},"SystemProperties":{"messageId":"a12ddf1f-9c31-45df-859d-42abd2e3a57c","connectionDeviceId":"electricity","connectionAuthMethod":"{\"scope\":\"device\",\"type\":\"sas\",\"issuer\":\"iothub\",\"acceptingIpFilterRule\":null}","connectionDeviceGenerationId":"638436705062889146","contentType":"application/json","contentEncoding":"utf-8","enqueuedTime":"2024-02-16T09:43:50.6130000Z"},"Body":{"ID": "EAN543075800162607807", "timestamp": "2024-02-16T10:43:56.535404", "rate_1_total": 1197.8954166291762, "rate_2_total": 0.0, "current_rate": 1, "L1_cons": 4.589904128942507, "L1_prod": 0.0, "L1_voltage": 234.3375664590713, "L1_current": 7.807137447475949}}
{"EnqueuedTimeUtc":"2024-02-16T09:43:55.6440000Z","Properties":{},"SystemProperties":{"messageId":"d0e587b6-8cd0-4d25-b633-85d8b5698dea","connectionDeviceId":"electricity","connectionAuthMethod":"{\"scope\":\"device\",\"type\":\"sas\",\"issuer\":\"iothub\",\"acceptingIpFilterRule\":null}","connectionDeviceGenerationId":"638436705062889146","contentType":"application/json","contentEncoding":"utf-8","enqueuedTime":"2024-02-16T09:43:55.6440000Z"},"Body":{"ID": "EAN543075800162607807", "timestamp": "2024-02-16T10:44:01.573698", "rate_1_total": 1201.5986133381768, "rate_2_total": 0.0, "current_rate": 1, "L1_cons": 3.703196709000678, "L1_prod": 0.0, "L1_voltage": 232.07800113214716, "L1_current": 10.536056286913178}}
{"EnqueuedTimeUtc":"2024-02-16T09:44:00.6750000Z","Properties":{},"SystemProperties":{"messageId":"3d5ffcda-683e-4b40-a677-732ae5c2f37f","connectionDeviceId":"electricity","connectionAuthMethod":"{\"scope\":\"device\",\"type\":\"sas\",\"issuer\":\"iothub\",\"acceptingIpFilterRule\":null}","connectionDeviceGenerationId":"638436705062889146","contentType":"application/json","contentEncoding":"utf-8","enqueuedTime":"2024-02-16T09:44:00.6750000Z"},"Body":{"ID": "EAN543075800162607807", "timestamp": "2024-02-16T10:44:06.604478", "rate_1_total": 1202.319907851032, "rate_2_total": 0.0, "current_rate": 1, "L1_cons": 0.721294512855091, "L1_prod": 0.0, "L1_voltage": 234.81267709391483, "L1_current": 11.770353341602664}}
{"EnqueuedTimeUtc":"2024-02-16T09:44:05.7220000Z","Properties":{},"SystemProperties":{"messageId":"15d4efea-47ff-44fa-b9c0-8bf1143c5ea9","connectionDeviceId":"electricity","connectionAuthMethod":"{\"scope\":\"device\",\"type\":\"sas\",\"issuer\":\"iothub\",\"acceptingIpFilterRule\":null}","connectionDeviceGenerationId":"638436705062889146","contentType":"application/json","contentEncoding":"utf-8","enqueuedTime":"2024-02-16T09:44:05.7220000Z"},"Body":{"ID": "EAN543075800162607807", "timestamp": "2024-02-16T10:44:11.644905", "rate_1_total": 1203.9992323953654, "rate_2_total": 0.0, "current_rate": 1, "L1_cons": 1.6793245443333573, "L1_prod": 0.0, "L1_voltage": 231.77912244149613, "L1_current": 3.6659415613507393}}
{"EnqueuedTimeUtc":"2024-02-16T09:44:10.7530000Z","Properties":{},"SystemProperties":{"messageId":"37d82c58-3743-412a-b6a8-d828e47ffe3a","connectionDeviceId":"electricity","connectionAuthMethod":"{\"scope\":\"device\",\"type\":\"sas\",\"issuer\":\"iothub\",\"acceptingIpFilterRule\":null}","connectionDeviceGenerationId":"638436705062889146","contentType":"application/json","contentEncoding":"utf-8","enqueuedTime":"2024-02-16T09:44:10.7530000Z"},"Body":{"ID": "EAN543075800162607807", "timestamp": "2024-02-16T10:44:16.685578", "rate_1_total": 1208.5847799926187, "rate_2_total": 0.0, "current_rate": 1, "L1_cons": 4.585547597253358, "L1_prod": 0.0, "L1_voltage": 238.40983814020356, "L1_current": 3.4297801395244987}}
{"EnqueuedTimeUtc":"2024-02-16T09:44:15.8000000Z","Properties":{},"SystemProperties":{"messageId":"f9ddee76-d890-4868-b2ff-e5a0f524653b","connectionDeviceId":"electricity","connectionAuthMethod":"{\"scope\":\"device\",\"type\":\"sas\",\"issuer\":\"iothub\",\"acceptingIpFilterRule\":null}","connectionDeviceGenerationId":"638436705062889146","contentType":"application/json","contentEncoding":"utf-8","enqueuedTime":"2024-02-16T09:44:15.8000000Z"},"Body":{"ID": "EAN543075800162607807", "timestamp": "2024-02-16T10:44:21.723824", "rate_1_total": 1211.966747194232, "rate_2_total": 0.0, "current_rate": 1, "L1_cons": 3.381967201613321, "L1_prod": 0.0, "L1_voltage": 233.2031501867236, "L1_current": 2.2521686904919758}}
{"EnqueuedTimeUtc":"2024-02-16T09:44:20.8480000Z","Properties":{},"SystemProperties":{"messageId":"fc7af75d-0298-4354-bca2-3e34a4d59b05","connectionDeviceId":"electricity","connectionAuthMethod":"{\"scope\":\"device\",\"type\":\"sas\",\"issuer\":\"iothub\",\"acceptingIpFilterRule\":null}","connectionDeviceGenerationId":"638436705062889146","contentType":"application/json","contentEncoding":"utf-8","enqueuedTime":"2024-02-16T09:44:20.8480000Z"},"Body":{"ID": "EAN543075800162607807", "timestamp": "2024-02-16T10:44:26.766793", "rate_1_total": 1216.9104359434216, "rate_2_total": 0.0, "current_rate": 1, "L1_cons": 4.943688749189537, "L1_prod": 0.0, "L1_voltage": 237.9019582119614, "L1_current": 4.38997133388927}}
{"EnqueuedTimeUtc":"2024-02-16T09:44:25.8790000Z","Properties":{},"SystemProperties":{"messageId":"2ccd9a11-680b-4126-9685-46c02dcc873a","connectionDeviceId":"electricity","connectionAuthMethod":"{\"scope\":\"device\",\"type\":\"sas\",\"issuer\":\"iothub\",\"acceptingIpFilterRule\":null}","connectionDeviceGenerationId":"638436705062889146","contentType":"application/json","contentEncoding":"utf-8","enqueuedTime":"2024-02-16T09:44:25.8790000Z"},"Body":{"ID": "EAN543075800162607807", "timestamp": "2024-02-16T10:44:31.811556", "rate_1_total": 1217.7727253334251, "rate_2_total": 0.0, "current_rate": 1, "L1_cons": 0.8622893900034122, "L1_prod": 0.0, "L1_voltage": 230.8486502045379, "L1_current": 3.5568788358493952}}