{"EnqueuedTimeUtc":"2024-02-16T09:44:30.9110000Z","Properties":{},"SystemProperties":{"messageId":"c1d53c82-a561-4202-b3da-abf32ba52ccd","connectionDeviceId":"electricity","connectionAuthMethod":"{\"scope\":\"device\",\"type\":\"sas\",\"issuer\":\"iothub\",\"acceptingIpFilterRule\":null}","connectionDeviceGenerationId":"638436705062889146","contentType":"application/json","contentEncoding":"utf-8","enqueuedTime":"2024-02-16T09:44:30.9110000Z"},"Body":{"ID": "EAN543075800162607807", "timestamp": "2024-02-16T10:44:36.845857", "rate_1_total": 1221.9027297864852, "rate_2_total": 0.0, "current_rate": 1, "L1_cons": 4.130004453060165, "L1_prod": 0.0, "L1_voltage": 234.7746501576627, "L1_current": 14.58547646572206}}
{"EnqueuedTimeUtc":"2024-02-16T09:44:35.9590000Z","Properties":{},"SystemProperties":{"messageId":"09928fe7-5140-4af9-a574-8b9c33fa91c2","connectionDeviceId":"electricity","connectionAuthMethod":"{\"scope\":\"device\",\"type\":\"sas\",\"issuer\":\"iothub\",\"acceptingIpFilterRule\":null}","connectionDeviceGenerationId":"638436705062889146","contentType":"application/json","contentEncoding":"utf-8","enqueuedTime":"2024-02-16T09:44:35.9590000Z"},"Body":{"ID": "EAN543075800162607807", "timestamp": "2024-02-16T10:44:41.884499", "rate_1_total": 1224.8893869866608, "rate_2_total": 0.0, "current_rate": 1, "L1_cons": 2.9866572001755594, "L1_prod": 0.0, "L1_voltage": 236.24924628879194, "L1_current": 2.704587187065023}}
{"EnqueuedTimeUtc":"2024-02-16T09:44:40.9900000Z","Properties":{},"SystemProperties":{"messageId":"ddd0373b-6ad3-4016-bcb8-e317736961ef","connectionDeviceId":"electricity","connectionAuthMethod":"{\"scope\":\"device\",\"type\":\"sas\",\"issuer\":\"iothub\",\"acceptingIpFilterRule\":null}","connectionDeviceGenerationId":"638436705062889146","contentType":"application/json","contentEncoding":"utf-8","enqueuedTime":"2024-02-16T09:44:40.9900000Z"},"Body":{"ID": "EAN543075800162607807", "timestamp": "2024-02-16T10:44:46.918265", "rate_1_total": 1228.7272175708797, "rate_2_total": 0.0, "current_rate": 1, "L1_cons": 3.837830584218852, "L1_prod": 0.0, "L1_voltage": 239.5503627931524, "L1_current": 14.021243348291955}}
{"EnqueuedTimeUtc":"2024-02-16T09:44:46.0370000Z","Properties":{},"SystemProperties":{"messageId":"08950c95-406b-4589-b2cc-9ea803fa9c53","connectionDeviceId":"electricity","connectionAuthMethod":"{\"scope\":\"device\",\"type\":\"sas\",\"issuer\":\"iothub\",\"acceptingIpFilterRule\":null}","connectionDeviceGenerationId":"638436705062889146","contentType":"application/json","contentEncoding":"utf-8","enqueuedTime":"2024-02-16T09:44:46.0370000Z"},"Body":{"ID": "EAN543075800162607807", "timestamp": "2024-02-16T10:44:51.957190", "rate_1_total": 1231.2608876614981, "rate_2_total": 0.0, "current_rate": 1, "L1_cons": 2.5336700906183527, "L1_prod": 0.0, "L1_voltage": 234.841906763585, "L1_current": 14.070173910151286}}
{"EnqueuedTimeUtc":"2024-02-16T09:44:51.0840000Z","Properties":{},"SystemProperties":{"messageId":"a2aeac87-e878-4635-b3cb-1032c1be1e9a","connectionDeviceId":"electricity","connectionAuthMethod":"{\"scope\":\"device\",\"type\":\"sas\",\"issuer\":\"iothub\",\"acceptingIpFilterRule\":null}","connectionDeviceGenerationId":"638436705062889146","contentType":"application/json","contentEncoding":"utf-8","enqueuedTime":"2024-02-16T09:44:51.0840000Z"},"Body":{"ID": "EAN543075800162607807", "timestamp": "2024-02-16T10:44:57.008027", "rate_1_total": 1233.0966185284153, "rate_2_total": 0.0, "current_rate": 1, "L1_cons": 1.8357308669172656, "L1_prod": 0.0, "L1_voltage": 234.6074113609883, "L1_current": 10.957916231324218}}
{"EnqueuedTimeUtc":"2024-02-16T09:44:56.1160000Z","Properties":{},"SystemProperties":{"messageId":"16d89d5e-124f-4191-a744-366fcc2b8934","connectionDeviceId":"electricity","connectionAuthMethod":"{\"scope\":\"device\",\"type\":\"sas\",\"issuer\":\"iothub\",\"acceptingIpFilterRule\":null}","connectionDeviceGenerationId":"638436705062889146","contentType":"application/json","contentEncoding":"utf-8","enqueuedTime":"2024-02-16T09:44:56.1160000Z"},"Body":{"ID": "EAN543075800162607807", "timestamp": "2024-02-16T10:45:02.039742", "rate_1_total": 1234.8329344983804, "rate_2_total": 0.0, "current_rate": 1, "L1_cons": 1.736315969964983, "L1_prod": 0.0, "L1_voltage": 231.9875439656744, "L1_current": 3.534074774743958}}
{"EnqueuedTimeUtc":"2024-02-16T09:45:01.1480000Z","Properties":{},"SystemProperties":{"messageId":"ab0fb623-c912-4b38-b381-1346d617f1ae","connectionDeviceId":"electricity","connectionAuthMethod":"{\"scope\":\"device\",\"type\":\"sas\",\"issuer\":\"iothub\",\"acceptingIpFilterRule\":null}","connectionDeviceGenerationId":"638436705062889146","contentType":"application/json","contentEncoding":"utf-8","enqueuedTime":"2024-02-16T09:45:01.1480000Z"},"Body":{"ID": "EAN543075800162607807", "timestamp": "2024-02-16T10:45:07.076891", "rate_1_total": 1237.428235830491, "rate_2_total": 0.0, "current_rate": 1, "L1_cons": 2.5953013321106813, "L1_prod": 0.0, "L1_voltage": 231.08563104487166, "L1_current": 15.974288073177553}}
{"EnqueuedTimeUtc":"2024-02-16T09:45:06.1960000Z","Properties":{},"SystemProperties":{"messageId":"01a42f16-8c72-4d9e-822b-f561682ec093","connectionDeviceId":"electricity","connectionAuthMethod":"{\"scope\":\"device\",\"type\":\"sas\",\"issuer\":\"iothub\",\"acceptingIpFilterRule\":null}","connectionDeviceGenerationId":"638436705062889146","contentType":"application/json","contentEncoding":"utf-8","enqueuedTime":"2024-02-16T09:45:06.1960000Z"},"Body":{"ID": "EAN543075800162607807", "timestamp": "2024-02-16T10:45:12.117639", "rate_1_total": 1241.7122505055784, "rate_2_total": 0.0, "current_rate": 1, "L1_cons": 4.284014675087339, "L1_prod": 0.0, "L1_voltage": 234.8841635906006, "L1_current": 10.960737956331885}}
{"EnqueuedTimeUtc":"2024-02-16T09:45:11.2270000Z","Properties":{},"SystemProperties":{"messageId":"a03974da-c2d4-4d59-90e8-6133c55b851d","connectionDeviceId":"electricity","connectionAuthMethod":"{\"scope\":\"device\",\"type\":\"sas\",\"issuer\":\"iothub\",\"acceptingIpFilterRule\":null}","connectionDeviceGenerationId":"638436705062889146","contentType":"application/json","contentEncoding":"utf-8","enqueuedTime":"2024-02-16T09:45:11.2270000Z"},"Body":{"ID": "EAN543075800162607807", "timestamp": "2024-02-16T10:45:17.159371", "rate_1_total": 1246.5644350747436, "rate_2_total": 0.0, "current_rate": 1, "L1_cons": 4.852184569165331, "L1_prod": 0.0, "L1_voltage": 237.75683552166134, "L1_current": 5.828708040562286}}
{"EnqueuedTimeUtc":"2024-02-16T09:45:16.2740000Z","Properties":{},"SystemProperties":{"messageId":"caffbf66-e923-414c-ac4d-44432cc7b3b7","connectionDeviceId":"electricity","connectionAuthMethod":"{\"scope\":\"device\",\"type\":\"sas\",\"issuer\":\"iothub\",\"acceptingIpFilterRule\":null}","connectionDeviceGenerationId":"638436705062889146","contentType":"application/json","contentEncoding":"utf-8","enqueuedTime":"2024-02-16T09:45:16.2740000Z"},"Body":{"ID": "EAN543075800162607807", "timestamp": "2024-02-16T10:45:22.198486", "rate_1_total": 1248.9160847568248, "rate_2_total": 0.0, "current_rate": 1, "L1_cons": 2.3516496820811796, "L1_prod": 0.0, "L1_voltage": 235.98882503316923, "L1_current": 12.395479449163137}}
{"EnqueuedTimeUtc":"2024-02-16T09:45:21.3060000Z","Properties":{},"SystemProperties":{"messageId":"489b6efb-f7af-4a7d-8d83-0bb1c11ad7b7","connectionDeviceId":"electricity","connectionAuthMethod":"{\"scope\":\"device\",\"type\":\"sas\",\"issuer\":\"iothub\",\"acceptingIpFilterRule\":null}","connectionDeviceGenerationId":"638436705062889146","contentType":"application/json","contentEncoding":"utf-8","enqueuedTime":"2024-02-16T09:45:21.3060000Z"},"Body":{"ID": "EAN543075800162607807", "timestamp": "2024-02-16T10:45:27.229225", "rate_1_total": 1252.0538652576092, "rate_2_total": 0.0, "current_rate": 1, "L1_cons": 3.1377805007844923, "L1_prod": 0.0, "L1_voltage": 238.7572296475654, "L1_current": 13.155638515006435}}
{"EnqueuedTimeUtc":"2024-02-16T09:45:26.3380000Z","Properties":{},"SystemProperties":{"messageId":"4dbcf811-71c2-4105-a473-4c85e31d9711","connectionDeviceId":"electricity","connectionAuthMethod":"{\"scope\":\"device\",\"type\":\"sas\",\"issuer\":\"iothub\",\"acceptingIpFilterRule\":null}","connectionDeviceGenerationId":"638436705062889146","contentType":"application/json","contentEncoding":"utf-8","enqueuedTime":"2024-02-16T09:45:26.3380000Z"},"Body":{"ID": "EAN543075800162607807", "timestamp": "2024-02-16T10:45:32.267820", "rate_1_total": 1254.9255162341467, "rate_2_total": 0.0, "current_rate": 1, "L1_cons": 2.87165097653755, "L1_prod": 0.0, "L1_voltage": 236.828304684991, "L1_current": 10.446489965003254}}