{"EnqueuedTimeUtc":"2024-02-16T09:45:31.3840000Z","Properties":{},"SystemProperties":{"messageId":"29de7576-c543-44f2-a54f-d650e3729180","connectionDeviceId":"electricity","connectionAuthMethod":"{\"scope\":\"device\",\"type\":\"sas\",\"issuer\":\"iothub\",\"acceptingIpFilterRule\":null}","connectionDeviceGenerationId":"638436705062889146","contentType":"application/json","contentEncoding":"utf-8","enqueuedTime":"2024-02-16T09:45:31.3840000Z"},"Body":{"ID": "EAN543075800162607807", "timestamp": "2024-02-16T10:45:37.316209", "rate_1_total": 1256.1589069298952, "rate_2_total": 0.0, "current_rate": 1, "L1_cons": 1.2333906957486356, "L1_prod": 0.0, "L1_voltage": 239.92747356042238, "L1_current": 0.7806291260942181}}
{"EnqueuedTimeUtc":"2024-02-16T09:45:36.4160000Z","Properties":{},"SystemProperties":{"messageId":"0c443ed1-cfc7-45c7-8dc8-6f59c00c7fab","connectionDeviceId":"electricity","connectionAuthMethod":"{\"scope\":\"device\",\"type\":\"sas\",\"issuer\":\"iothub\",\"acceptingIpFilterRule\":null}","connectionDeviceGenerationId":"638436705062889146","contentType":"application/json","contentEncoding":"utf-8","enqueuedTime":"2024-02-16T09:45:36.4160000Z"},"Body":{"ID": "EAN543075800162607807", "timestamp": "2024-02-16T10:45:42.345242", "rate_1_total": 1260.0513343590687, "rate_2_total": 0.0, "current_rate": 1, "L1_cons": 3.8924274291734378, "L1_prod": 0.0, "L1_voltage": 236.8000367523521, "L1_current": 10.350907306132251}}
{"EnqueuedTimeUtc":"2024-02-16T09:45:41.4630000Z","Properties":{},"SystemProperties":{"messageId":"bfe574ee-78dd-4483-bfdd-7a37feff4b0a","connectionDeviceId":"electricity","connectionAuthMethod":"{\"scope\":\"device\",\"type\":\"sas\",\"issuer\":\"iothub\",\"acceptingIpFilterRule\":null}","connectionDeviceGenerationId":"638436705062889146","contentType":"application/json","contentEncoding":"utf-8","enqueuedTime":"2024-02-16T09:45:41.4630000Z"},"Body":{"ID": "EAN543075800162607807", "timestamp": "2024-02-16T10:45:47.390681", "rate_1_total": 1260.97024675387, "rate_2_total": 0.0, "current_rate": 1, "L1_cons": 0.9189123948012783, "L1_prod": 0.0, "L1_voltage": 238.02471042397679, "L1_current": 14.30368859332069}}
{"EnqueuedTimeUtc":"2024-02-16T09:45:46.5110000Z","Properties":{},"SystemProperties":{"messageId":"ebed8b5f-2b31-4235-a500-ce47e68132a6","connectionDeviceId":"electricity","connectionAuthMethod":"{\"scope\":\"device\",\"type\":\"sas\",\"issuer\":\"iothub\",\"acceptingIpFilterRule\":null}","connectionDeviceGenerationId":"638436705062889146","contentType":"application/json","contentEncoding":"utf-8","enqueuedTime":"2024-02-16T09:45:46.5110000Z"},"Body":{"ID": "EAN543075800162607807", "timestamp": "2024-02-16T10:45:52.435636", "rate_1_total": 1261.8738302947243, "rate_2_total": 0.0, "current_rate": 1, "L1_cons": 0.9035835408542795, "L1_prod": 0.0, "L1_voltage": 230.56023037418123, "L1_current": 9.72922298592233}}
{"EnqueuedTimeUtc":"2024-02-16T09:45:51.5450000Z","Properties":{},"SystemProperties":{"messageId":"ad8cca52-09e9-4781-92e9-f811e0862aa0","connectionDeviceId":"electricity","connectionAuthMethod":"{\"scope\":\"device\",\"type\":\"sas\",\"issuer\":\"iothub\",\"acceptingIpFilterRule\":null}","connectionDeviceGenerationId":"638436705062889146","contentType":"application/json","contentEncoding":"utf-8","enqueuedTime":"2024-02-16T09:45:51.5450000Z"},"Body":{"ID": "EAN543075800162607807", "timestamp": "2024-02-16T10:45:57.468977", "rate_1_total": 1265.1556032778572, "rate_2_total": 0.0, "current_rate": 1, "L1_cons": 3.2817729831329685, "L1_prod": 0.0, "L1_voltage": 237.15040819070873, "L1_current": 1.2661689459561793}}
{"EnqueuedTimeUtc":"2024-02-16T09:45:56.5770000Z","Properties":{},"SystemProperties":{"messageId":"406d4c47-55b2-49ee-bd5b-59e49c03077c","connectionDeviceId":"electricity","connectionAuthMethod":"{\"scope\":\"device\",\"type\":\"sas\",\"issuer\":\"iothub\",\"acceptingIpFilterRule\":null}","connectionDeviceGenerationId":"638436705062889146","contentType":"application/json","contentEncoding":"utf-8","enqueuedTime":"2024-02-16T09:45:56.5770000Z"},"Body":{"ID": "EAN543075800162607807", "timestamp": "2024-02-16T10:46:02.505855", "rate_1_total": 1265.5806031862699, "rate_2_total": 0.0, "current_rate": 1, "L1_cons": 0.4249999084127441, "L1_prod": 0.0, "L1_voltage": 237.57244949477698, "L1_current": 0.9520316798139412}}
{"EnqueuedTimeUtc":"2024-02-16T09:46:01.6080000Z","Properties":{},"SystemProperties":{"messageId":"2d593e07-8d72-46de-81f4-fff622c16e3e","connectionDeviceId":"electricity","connectionAuthMethod":"{\"scope\":\"device\",\"type\":\"sas\",\"issuer\":\"iothub\",\"acceptingIpFilterRule\":null}","connectionDeviceGenerationId":"638436705062889146","contentType":"application/json","contentEncoding":"utf-8","enqueuedTime":"2024-02-16T09:46:01.6080000Z"},"Body":{"ID": "EAN543075800162607807", "timestamp": "2024-02-16T10:46:07.536817", "rate_1_total": 1269.872606599062, "rate_2_total": 0.0, "current_rate": 1, "L1_cons": 4.292003412792256, "L1_prod": 0.0, "L1_voltage": 232.57845216823938, "L1_current": 12.755884409398782}}
{"EnqueuedTimeUtc":"2024-02-16T09:46:06.6560000Z","Properties":{},"SystemProperties":{"messageId":"b5163aff-28bb-4d9b-b0b2-fd6556613c80","connectionDeviceId":"electricity","connectionAuthMethod":"{\"scope\":\"device\",\"type\":\"sas\",\"issuer\":\"iothub\",\"acceptingIpFilterRule\":null}","connectionDeviceGenerationId":"638436705062889146","contentType":"application/json","contentEncoding":"utf-8","enqueuedTime":"2024-02-16T09:46:06.6560000Z"},"Body":{"ID": "EAN543075800162607807", "timestamp": "2024-02-16T10:46:12.580485", "rate_1_total": 1272.6468243828022, "rate_2_total": 0.0, "current_rate": 1, "L1_cons": 2.774217783740139, "L1_prod": 0.0, "L1_voltage": 231.62250729862214, "L1_current": 15.528277484854346}}
{"EnqueuedTimeUtc":"2024-02-16T09:46:11.6880000Z","Properties":{},"SystemProperties":{"messageId":"1bae5ab4-1416-4cdb-83ab-065ee743d658","connectionDeviceId":"electricity","connectionAuthMethod":"{\"scope\":\"device\",\"type\":\"sas\",\"issuer\":\"iothub\",\"acceptingIpFilterRule\":null}","connectionDeviceGenerationId":"638436705062889146","contentType":"application/json","contentEncoding":"utf-8","enqueuedTime":"2024-02-16T09:46:11.6880000Z"},"Body":{"ID": "EAN543075800162607807", "timestamp": "2024-02-16T10:46:17.618402", "rate_1_total": 1274.0541076049656, "rate_2_total": 0.0, "current_rate": 1, "L1_cons": 1.407283222163502, "L1_prod": 0.0, "L1_voltage": 232.25395803673652, "L1_current": 12.657536753744383}}
{"EnqueuedTimeUtc":"2024-02-16T09:46:16.7200000Z","Properties":{},"SystemProperties":{"messageId":"64aa136d-0494-42c8-b653-88c1e22cba4a","connectionDeviceId":"electricity","connectionAuthMethod":"{\"scope\":\"device\",\"type\":\"sas\",\"issuer\":\"iothub\",\"acceptingIpFilterRule\":null}","connectionDeviceGenerationId":"638436705062889146","contentType":"application/json","contentEncoding":"utf-8","enqueuedTime":"2024-02-16T09:46:16.7200000Z"},"Body":{"ID": "EAN543075800162607807", "timestamp": "2024-02-16T10:46:22.645129", "rate_1_total": 1278.683568682649, "rate_2_total": 0.0, "current_rate": 1, "L1_cons": 4.629461077683427, "L1_prod": 0.0, "L1_voltage": 231.04612278482534, "L1_current": 1.7795311944047463}}
{"EnqueuedTimeUtc":"2024-02-16T09:46:21.7680000Z","Properties":{},"SystemProperties":{"messageId":"154019ac-f559-4a2d-b419-e0654517f6c5","connectionDeviceId":"electricity","connectionAuthMethod":"{\"scope\":\"device\",\"type\":\"sas\",\"issuer\":\"iothub\",\"acceptingIpFilterRule\":null}","connectionDeviceGenerationId":"638436705062889146","contentType":"application/json","contentEncoding":"utf-8","enqueuedTime":"2024-02-16T09:46:21.7680000Z"},"Body":{"ID": "EAN543075800162607807", "timestamp": "2024-02-16T10:46:27.691902", "rate_1_total": 1278.9884158129232, "rate_2_total": 0.0, "current_rate": 1, "L1_cons": 0.3048471302743292, "L1_prod": 0.0, "L1_voltage": 236.76345244129826, "L1_current": 13.904792054704329}}
{"EnqueuedTimeUtc":"2024-02-16T09:46:26.8460000Z","Properties":{},"SystemProperties":{"messageId":"38dc8af1-7cbe-4d35-bcd4-5306950e79da","connectionDeviceId":"electricity","connectionAuthMethod":"{\"scope\":\"device\",\"type\":\"sas\",\"issuer\":\"iothub\",\"acceptingIpFilterRule\":null}","connectionDeviceGenerationId":"638436705062889146","contentType":"application/json","contentEncoding":"utf-8","enqueuedTime":"2024-02-16T09:46:26.8460000Z"},"Body":{"ID": "EAN543075800162607807", "timestamp": "2024-02-16T10:46:32.756815", "rate_1_total": 1279.9741545341967, "rate_2_total": 0.0, "current_rate": 1, "L1_cons": 0.985738721273481, "L1_prod": 0.0, "L1_voltage": 235.0665583235863, "L1_current": 9.791447005672914}}