{"EnqueuedTimeUtc":"2024-02-16T09:46:31.8770000Z","Properties":{},"SystemProperties":{"messageId":"68234698-3818-4b0b-a554-39a276ecd9ed","connectionDeviceId":"electricity","connectionAuthMethod":"{\"scope\":\"device\",\"type\":\"sas\",\"issuer\":\"iothub\",\"acceptingIpFilterRule\":null}","connectionDeviceGenerationId":"638436705062889146","contentType":"application/json","contentEncoding":"utf-8","enqueuedTime":"2024-02-16T09:46:31.8770000Z"},"Body":{"ID": "EAN543075800162607807", "timestamp": "2024-02-16T10:46:37.799997", "rate_1_total": 1283.3074765304432, "rate_2_total": 0.0, "current_rate": 1, "L1_cons": 3.333321996246481, "L1_prod": 0.0, "L1_voltage": 233.58864063214702, "L1_current": 11.824560228691006}}
{"EnqueuedTimeUtc":"2024-02-16T09:46:36.9090000Z","Properties":{},"SystemProperties":{"messageId":"2b803eea-c22b-491d-953e-9c80f7318383","connectionDeviceId":"electricity","connectionAuthMethod":"{\"scope\":\"device\",\"type\":\"sas\",\"issuer\":\"iothub\",\"acceptingIpFilterRule\":null}","connectionDeviceGenerationId":"638436705062889146","contentType":"application/json","contentEncoding":"utf-8","enqueuedTime":"2024-02-16T09:46:36.9090000Z"},"Body":{"ID": "EAN543075800162607807", "timestamp": "2024-02-16T10:46:42.837868", "rate_1_total": 1286.5781928852896, "rate_2_total": 0.0, "current_rate": 1, "L1_cons": 3.2707163548463614, "L1_prod": 0.0, "L1_voltage": 238.68670593978842, "L1_current": 7.059530553887213}}
{"EnqueuedTimeUtc":"2024-02-16T09:46:41.9560000Z","Properties":{},"SystemProperties":{"messageId":"7bc4b9ae-8225-4247-878f-457585eaed97","connectionDeviceId":"electricity","connectionAuthMethod":"{\"scope\":\"device\",\"type\":\"sas\",\"issuer\":\"iothub\",\"acceptingIpFilterRule\":null}","connectionDeviceGenerationId":"638436705062889146","contentType":"application/json","contentEncoding":"utf-8","enqueuedTime":"2024-02-16T09:46:41.9560000Z"},"Body":{"ID": "EAN543075800162607807", "timestamp": "2024-02-16T10:46:47.873415", "rate_1_total": 1288.229751153949, "rate_2_total": 0.0, "current_rate": 1, "L1_cons": 1.6515582686595174, "L1_prod": 0.0, "L1_voltage": 231.0185183902463, "L1_current": 8.362277088652446}}
{"EnqueuedTimeUtc":"2024-02-16T09:46:47.1460000Z","Properties":{},"SystemProperties":{"messageId":"19d71a24-e020-46ca-a184-dcfc995ed6eb","connectionDeviceId":"electricity","connectionAuthMethod":"{\"scope\":\"device\",\"type\":\"sas\",\"issuer\":\"iothub\",\"acceptingIpFilterRule\":null}","connectionDeviceGenerationId":"638436705062889146","contentType":"application/json","contentEncoding":"utf-8","enqueuedTime":"2024-02-16T09:46:47.1460000Z"},"Body":{"ID": "EAN543075800162607807", "timestamp": "2024-02-16T10:46:53.067940", "rate_1_total": 1293.160794781444, "rate_2_total": 0.0, "current_rate": 1, "L1_cons": 4.931043627495063, "L1_prod": 0.0, "L1_voltage": 237.56394565980497, "L1_current": 10.463259034240139}}
{"EnqueuedTimeUtc":"2024-02-16T09:46:52.1780000Z","Properties":{},"SystemProperties":{"messageId":"0c66ff8c-148a-43a6-8b2e-90b35b058b96","connectionDeviceId":"electricity","connectionAuthMethod":"{\"scope\":\"device\",\"type\":\"sas\",\"issuer\":\"iothub\",\"acceptingIpFilterRule\":null}","connectionDeviceGenerationId":"638436705062889146","contentType":"application/json","contentEncoding":"utf-8","enqueuedTime":"2024-02-16T09:46:52.1780000Z"},"Body":{"ID": "EAN543075800162607807", "timestamp": "2024-02-16T10:46:58.106806", "rate_1_total": 1293.4577968839944, "rate_2_total": 0.0, "current_rate": 1, "L1_cons": 0.2970021025502794, "L1_prod": 0.0, "L1_voltage": 236.05974858915508, "L1_current": 13.457386050693335}}
{"EnqueuedTimeUtc":"2024-02-16T09:46:57.2090000Z","Properties":{},"SystemProperties":{"messageId":"7ef74413-3486-44cb-9742-51846d57cdc7","connectionDeviceId":"electricity","connectionAuthMethod":"{\"scope\":\"device\",\"type\":\"sas\",\"issuer\":\"iothub\",\"acceptingIpFilterRule\":null}","connectionDeviceGenerationId":"638436705062889146","contentType":"application/json","contentEncoding":"utf-8","enqueuedTime":"2024-02-16T09:46:57.2090000Z"},"Body":{"ID": "EAN543075800162607807", "timestamp": "2024-02-16T10:47:03.135010", "rate_1_total": 1294.9702301193602, "rate_2_total": 0.0, "current_rate": 1, "L1_cons": 1.512433235365636, "L1_prod": 0.0, "L1_voltage": 237.156533985767, "L1_current": 13.776605715788211}}
{"EnqueuedTimeUtc":"2024-02-16T09:47:02.2400000Z","Properties":{},"SystemProperties":{"messageId":"c29421c9-c044-418d-be95-574ac0f206cd","connectionDeviceId":"electricity","connectionAuthMethod":"{\"scope\":\"device\",\"type\":\"sas\",\"issuer\":\"iothub\",\"acceptingIpFilterRule\":null}","connectionDeviceGenerationId":"638436705062889146","contentType":"application/json","contentEncoding":"utf-8","enqueuedTime":"2024-02-16T09:47:02.2400000Z"},"Body":{"ID": "EAN543075800162607807", "timestamp": "2024-02-16T10:47:08.175200", "rate_1_total": 1296.2162529319037, "rate_2_total": 0.0, "current_rate": 1, "L1_cons": 1.2460228125436108, "L1_prod": 0.0, "L1_voltage": 238.1848583742106, "L1_current": 6.527137142661154}}
{"EnqueuedTimeUtc":"2024-02-16T09:47:07.2880000Z","Properties":{},"SystemProperties":{"messageId":"1551f4a4-7230-4fcc-80d8-845c7fb2bcec","connectionDeviceId":"electricity","connectionAuthMethod":"{\"scope\":\"device\",\"type\":\"sas\",\"issuer\":\"iothub\",\"acceptingIpFilterRule\":null}","connectionDeviceGenerationId":"638436705062889146","contentType":"application/json","contentEncoding":"utf-8","enqueuedTime":"2024-02-16T09:47:07.2880000Z"},"Body":{"ID": "EAN543075800162607807", "timestamp": "2024-02-16T10:47:13.215289", "rate_1_total": 1300.6314243146808, "rate_2_total": 0.0, "current_rate": 1, "L1_cons": 4.415171382776993, "L1_prod": 0.0, "L1_voltage": 239.099926436807, "L1_current": 5.9715918119739175}}
{"EnqueuedTimeUtc":"2024-02-16T09:47:12.3190000Z","Properties":{},"SystemProperties":{"messageId":"1ecc0e57-1bb3-4683-9f43-18ca440a7334","connectionDeviceId":"electricity","connectionAuthMethod":"{\"scope\":\"device\",\"type\":\"sas\",\"issuer\":\"iothub\",\"acceptingIpFilterRule\":null}","connectionDeviceGenerationId":"638436705062889146","contentType":"application/json","contentEncoding":"utf-8","enqueuedTime":"2024-02-16T09:47:12.3190000Z"},"Body":{"ID": "EAN543075800162607807", "timestamp": "2024-02-16T10:47:18.246797", "rate_1_total": 1304.2848973871692, "rate_2_total": 0.0, "current_rate": 1, "L1_cons": 3.653473072488497, "L1_prod": 0.0, "L1_voltage": 238.19621923206626, "L1_current": 5.390844915088502}}
{"EnqueuedTimeUtc":"2024-02-16T09:47:17.3670000Z","Properties":{},"SystemProperties":{"messageId":"201a8785-674b-4d35-a4ea-a5edbb901439","connectionDeviceId":"electricity","connectionAuthMethod":"{\"scope\":\"device\",\"type\":\"sas\",\"issuer\":\"iothub\",\"acceptingIpFilterRule\":null}","connectionDeviceGenerationId":"638436705062889146","contentType":"application/json","contentEncoding":"utf-8","enqueuedTime":"2024-02-16T09:47:17.3670000Z"},"Body":{"ID": "EAN543075800162607807", "timestamp": "2024-02-16T10:47:23.288582", "rate_1_total": 1308.2659372573937, "rate_2_total": 0.0, "current_rate": 1, "L1_cons": 3.981039870224558, "L1_prod": 0.0, "L1_voltage": 236.45487411913447, "L1_current": 2.986537855504526}}
{"EnqueuedTimeUtc":"2024-02-16T09:47:22.3980000Z","Properties":{},"SystemProperties":{"messageId":"e9bef6fa-549d-4404-867a-fb40516b302c","connectionDeviceId":"electricity","connectionAuthMethod":"{\"scope\":\"device\",\"type\":\"sas\",\"issuer\":\"iothub\",\"acceptingIpFilterRule\":null}","connectionDeviceGenerationId":"638436705062889146","contentType":"application/json","contentEncoding":"utf-8","enqueuedTime":"2024-02-16T09:47:22.3980000Z"},"Body":{"ID": "EAN543075800162607807", "timestamp": "2024-02-16T10:47:28.321618", "rate_1_total": 1311.9934960691821, "rate_2_total": 0.0, "current_rate": 1, "L1_cons": 3.727558811788393, "L1_prod": 0.0, "L1_voltage": 230.1267582638639, "L1_current": 7.344641673281391}}
{"EnqueuedTimeUtc":"2024-02-16T09:47:27.4610000Z","Properties":{},"SystemProperties":{"messageId":"cb4aff15-5eb8-4e64-b7e9-d645f5d2d49a","connectionDeviceId":"electricity","connectionAuthMethod":"{\"scope\":\"device\",\"type\":\"sas\",\"issuer\":\"iothub\",\"acceptingIpFilterRule\":null}","connectionDeviceGenerationId":"638436705062889146","contentType":"application/json","contentEncoding":"utf-8","enqueuedTime":"2024-02-16T09:47:27.4610000Z"},"Body":{"ID": "EAN541016436972350826", "timestamp": "2024-02-16T10:47:33.393676", "rate_1_total": -1313.409156877267, "rate_2_total": 0.0, "current_rate": 1, "L1_cons": -1.4156608080849022, "L1_prod": 0.0, "L1_voltage": 238.41331354769895, "L1_current": 14.294724760105035}}