{"EnqueuedTimeUtc":"2024-02-16T09:47:32.5080000Z","Properties":{},"SystemProperties":{"messageId":"a86fb301-3a03-4f1e-937a-a77d7ed4f189","connectionDeviceId":"electricity","connectionAuthMethod":"{\"scope\":\"device\",\"type\":\"sas\",\"issuer\":\"iothub\",\"acceptingIpFilterRule\":null}","connectionDeviceGenerationId":"638436705062889146","contentType":"application/json","contentEncoding":"utf-8","enqueuedTime":"2024-02-16T09:47:32.5080000Z"},"Body":{"ID": "EAN543075800162607807", "timestamp": "2024-02-16T10:47:38.434982", "rate_1_total": 1316.3224358361417, "rate_2_total": 0.0, "current_rate": 1, "L1_cons": 2.913278958874851, "L1_prod": 0.0, "L1_voltage": 239.50819483065604, "L1_current": 5.479744946512609}}
{"EnqueuedTimeUtc":"2024-02-16T09:47:37.5400000Z","Properties":{},"SystemProperties":{"messageId":"ee96651b-d2c7-4816-9c18-80ecdc45cf39","connectionDeviceId":"electricity","connectionAuthMethod":"{\"scope\":\"device\",\"type\":\"sas\",\"issuer\":\"iothub\",\"acceptingIpFilterRule\":null}","connectionDeviceGenerationId":"638436705062889146","contentType":"application/json","contentEncoding":"utf-8","enqueuedTime":"2024-02-16T09:47:37.5400000Z"},"Body":{"ID": "EAN543075800162607807", "timestamp": "2024-02-16T10:47:43.467397", "rate_1_total": 1319.2537370335351, "rate_2_total": 0.0, "current_rate": 1, "L1_cons": 2.9313011973934135, "L1_prod": 0.0, "L1_voltage": 234.62677533607638, "L1_current": 11.667987103594868}}
{"EnqueuedTimeUtc":"2024-02-16T09:47:42.5720000Z","Properties":{},"SystemProperties":{"messageId":"d8ee83b8-cf4b-4d1c-95a3-0128059cf42e","connectionDeviceId":"electricity","connectionAuthMethod":"{\"scope\":\"device\",\"type\":\"sas\",\"issuer\":\"iothub\",\"acceptingIpFilterRule\":null}","connectionDeviceGenerationId":"638436705062889146","contentType":"application/json","contentEncoding":"utf-8","enqueuedTime":"2024-02-16T09:47:42.5720000Z"},"Body":{"ID": "EAN543075800162607807", "timestamp": "2024-02-16T10:47:48.505410", "rate_1_total": 1319.4533341873368, "rate_2_total": 0.0, "current_rate": 1, "L1_cons": 0.19959715380177576, "L1_prod": 0.0, "L1_voltage": 235.12735585241197, "L1_current": 15.299777325098473}}
{"EnqueuedTimeUtc":"2024-02-16T09:47:47.6190000Z","Properties":{},"SystemProperties":{"messageId":"fc0ccea1-10a6-447c-afee-2d68a24041c7","connectionDeviceId":"electricity","connectionAuthMethod":"{\"scope\":\"device\",\"type\":\"sas\",\"issuer\":\"iothub\",\"acceptingIpFilterRule\":null}","connectionDeviceGenerationId":"638436705062889146","contentType":"application/json","contentEncoding":"utf-8","enqueuedTime":"2024-02-16T09:47:47.6190000Z"},"Body":{"ID": "EAN543075800162607807", "timestamp": "2024-02-16T10:47:53.545881", "rate_1_total": 1322.5081713439358, "rate_2_total": 0.0, "current_rate": 1, "L1_cons": 3.0548371565989534, "L1_prod": 0.0, "L1_voltage": 237.8007694992405, "L1_current": 6.245585383175591}}
{"EnqueuedTimeUtc":"2024-02-16T09:47:52.6530000Z","Properties":{},"SystemProperties":{"messageId":"99f1e3c9-0f3a-4793-8df4-1267c096cb3d","connectionDeviceId":"electricity","connectionAuthMethod":"{\"scope\":\"device\",\"type\":\"sas\",\"issuer\":\"iothub\",\"acceptingIpFilterRule\":null}","connectionDeviceGenerationId":"638436705062889146","contentType":"application/json","contentEncoding":"utf-8","enqueuedTime":"2024-02-16T09:47:52.6530000Z"},"Body":{"ID": "EAN543075800162607807", "timestamp": "2024-02-16T10:47:58.577431", "rate_1_total": 1327.3534444207833, "rate_2_total": 0.0, "current_rate": 1, "L1_cons": 4.845273076847503, "L1_prod": 0.0, "L1_voltage": 233.1435866445794, "L1_current": 12.792926829703859}}
{"EnqueuedTimeUtc":"2024-02-16T09:47:57.6850000Z","Properties":{},"SystemProperties":{"messageId":"7b66b949-eaab-4fcc-bfc3-187b56f36a31","connectionDeviceId":"electricity","connectionAuthMethod":"{\"scope\":\"device\",\"type\":\"sas\",\"issuer\":\"iothub\",\"acceptingIpFilterRule\":null}","connectionDeviceGenerationId":"638436705062889146","contentType":"application/json","contentEncoding":"utf-8","enqueuedTime":"2024-02-16T09:47:57.6850000Z"},"Body":{"ID": "EAN543075800162607807", "timestamp": "2024-02-16T10:48:03.617571", "rate_1_total": 1329.2679356045337, "rate_2_total": 0.0, "current_rate": 1, "L1_cons": 1.914491183750339, "L1_prod": 0.0, "L1_voltage": 235.2819392716645, "L1_current": 11.224997671428973}}
{"EnqueuedTimeUtc":"2024-02-16T09:48:02.7160000Z","Properties":{},"SystemProperties":{"messageId":"8a494a4d-3028-47a4-8c74-65e5ca36ef16","connectionDeviceId":"electricity","connectionAuthMethod":"{\"scope\":\"device\",\"type\":\"sas\",\"issuer\":\"iothub\",\"acceptingIpFilterRule\":null}","connectionDeviceGenerationId":"638436705062889146","contentType":"application/json","contentEncoding":"utf-8","enqueuedTime":"2024-02-16T09:48:02.7160000Z"},"Body":{"ID": "EAN543075800162607807", "timestamp": "2024-02-16T10:48:08.648838", "rate_1_total": 1332.1857138383352, "rate_2_total": 0.0, "current_rate": 1, "L1_cons": 2.9177782338015064, "L1_prod": 0.0, "L1_voltage": 234.16414856073183, "L1_current": 0.5712081170285366}}
{"EnqueuedTimeUtc":"2024-02-16T09:48:07.7630000Z","Properties":{},"SystemProperties":{"messageId":"6484035d-4b9d-46fe-9334-9a39203abd63","connectionDeviceId":"electricity","connectionAuthMethod":"{\"scope\":\"device\",\"type\":\"sas\",\"issuer\":\"iothub\",\"acceptingIpFilterRule\":null}","connectionDeviceGenerationId":"638436705062889146","contentType":"application/json","contentEncoding":"utf-8","enqueuedTime":"2024-02-16T09:48:07.7630000Z"},"Body":{"ID": "EAN543075800162607807", "timestamp": "2024-02-16T10:48:13.688829", "rate_1_total": 1336.6402445010162, "rate_2_total": 0.0, "current_rate": 1, "L1_cons": 4.454530662681005, "L1_prod": 0.0, "L1_voltage": 234.34315191185428, "L1_current": 3.346181009362705}}
{"EnqueuedTimeUtc":"2024-02-16T09:48:12.8100000Z","Properties":{},"SystemProperties":{"messageId":"f15da82d-1598-4cae-ac59-c7698ddcf66c","connectionDeviceId":"electricity","connectionAuthMethod":"{\"scope\":\"device\",\"type\":\"sas\",\"issuer\":\"iothub\",\"acceptingIpFilterRule\":null}","connectionDeviceGenerationId":"638436705062889146","contentType":"application/json","contentEncoding":"utf-8","enqueuedTime":"2024-02-16T09:48:12.8100000Z"},"Body":{"ID": "EAN543075800162607807", "timestamp": "2024-02-16T10:48:18.731297", "rate_1_total": 1339.414655610001, "rate_2_total": 0.0, "current_rate": 1, "L1_cons": 2.774411108984823, "L1_prod": 0.0, "L1_voltage": 237.82648355735705, "L1_current": 12.942476625117525}}
{"EnqueuedTimeUtc":"2024-02-16T09:48:17.8260000Z","Properties":{},"SystemProperties":{"messageId":"74cba0fd-524e-435d-a2f7-c47934334ce3","connectionDeviceId":"electricity","connectionAuthMethod":"{\"scope\":\"device\",\"type\":\"sas\",\"issuer\":\"iothub\",\"acceptingIpFilterRule\":null}","connectionDeviceGenerationId":"638436705062889146","contentType":"application/json","contentEncoding":"utf-8","enqueuedTime":"2024-02-16T09:48:17.8260000Z"},"Body":{"ID": "EAN543075800162607807", "timestamp": "2024-02-16T10:48:23.761456", "rate_1_total": 1343.7795251450982, "rate_2_total": 0.0, "current_rate": 1, "L1_cons": 4.364869535097058, "L1_prod": 0.0, "L1_voltage": 233.1665563820854, "L1_current": 1.8369349184626387}}
{"EnqueuedTimeUtc":"2024-02-16T09:48:22.8730000Z","Properties":{},"SystemProperties":{"messageId":"f745173f-6fcd-4b9c-ae70-01b2f3a56f97","connectionDeviceId":"electricity","connectionAuthMethod":"{\"scope\":\"device\",\"type\":\"sas\",\"issuer\":\"iothub\",\"acceptingIpFilterRule\":null}","connectionDeviceGenerationId":"638436705062889146","contentType":"application/json","contentEncoding":"utf-8","enqueuedTime":"2024-02-16T09:48:22.8730000Z"},"Body":{"ID": "EAN543075800162607807", "timestamp": "2024-02-16T10:48:28.801092", "rate_1_total": 1348.2206062671419, "rate_2_total": 0.0, "current_rate": 1, "L1_cons": 4.441081122043595, "L1_prod": 0.0, "L1_voltage": 236.00946656421976, "L1_current": 8.790685601544666}}
{"EnqueuedTimeUtc":"2024-02-16T09:48:27.9070000Z","Properties":{},"SystemProperties":{"messageId":"795250f6-cae4-456b-ab30-c5cedea1bccb","connectionDeviceId":"electricity","connectionAuthMethod":"{\"scope\":\"device\",\"type\":\"sas\",\"issuer\":\"iothub\",\"acceptingIpFilterRule\":null}","connectionDeviceGenerationId":"638436705062889146","contentType":"application/json","contentEncoding":"utf-8","enqueuedTime":"2024-02-16T09:48:27.9070000Z"},"Body":{"ID": "EAN542153856234606057", "timestamp": "2024-02-16T10:48:33.839909", "rate_1_total": -1352.040235008344, "rate_2_total": 0.0, "current_rate": 1, "L1_cons": -3.819628741202126, "L1_prod": 0.0, "L1_voltage": 237.05069156450983, "L1_current": 10.486524010020682}}