{"EnqueuedTimeUtc":"2024-02-16T09:48:32.9380000Z","Properties":{},"SystemProperties":{"messageId":"eb755f5b-194f-46e4-a330-5bb3ab787a91","connectionDeviceId":"electricity","connectionAuthMethod":"{\"scope\":\"device\",\"type\":\"sas\",\"issuer\":\"iothub\",\"acceptingIpFilterRule\":null}","connectionDeviceGenerationId":"638436705062889146","contentType":"application/json","contentEncoding":"utf-8","enqueuedTime":"2024-02-16T09:48:32.9380000Z"},"Body":{"ID": "EAN543075800162607807", "timestamp": "2024-02-16T10:48:38.873210", "rate_1_total": 1355.8206813686015, "rate_2_total": 0.0, "current_rate": 1, "L1_cons": 3.7804463602574407, "L1_prod": 0.0, "L1_voltage": 237.66499903843578, "L1_current": 11.546986346297}}
{"EnqueuedTimeUtc":"2024-02-16T09:48:37.9850000Z","Properties":{},"SystemProperties":{"messageId":"b56d3425-41c2-4173-a154-03b60dd5cb47","connectionDeviceId":"electricity","connectionAuthMethod":"{\"scope\":\"device\",\"type\":\"sas\",\"issuer\":\"iothub\",\"acceptingIpFilterRule\":null}","connectionDeviceGenerationId":"638436705062889146","contentType":"application/json","contentEncoding":"utf-8","enqueuedTime":"2024-02-16T09:48:37.9850000Z"},"Body":{"ID": "EAN543075800162607807", "timestamp": "2024-02-16T10:48:43.913295", "rate_1_total": 1360.79198381457, "rate_2_total": 0.0, "current_rate": 1, "L1_cons": 4.971302445968474, "L1_prod": 0.0, "L1_voltage": 231.90583528266643, "L1_current": 12.964755487859385}}
{"EnqueuedTimeUtc":"2024-02-16T09:48:43.0160000Z","Properties":{},"SystemProperties":{"messageId":"d930f3d4-935d-4203-b70a-d8856daccc00","connectionDeviceId":"electricity","connectionAuthMethod":"{\"scope\":\"device\",\"type\":\"sas\",\"issuer\":\"iothub\",\"acceptingIpFilterRule\":null}","connectionDeviceGenerationId":"638436705062889146","contentType":"application/json","contentEncoding":"utf-8","enqueuedTime":"2024-02-16T09:48:43.0160000Z"},"Body":{"ID": "EAN543075800162607807", "timestamp": "2024-02-16T10:48:48.951096", "rate_1_total": 1364.3871735130256, "rate_2_total": 0.0, "current_rate": 1, "L1_cons": 3.5951896984556777, "L1_prod": 0.0, "L1_voltage": 234.9710364670279, "L1_current": 7.911373818624069}}
{"EnqueuedTimeUtc":"2024-02-16T09:48:48.0630000Z","Properties":{},"SystemProperties":{"messageId":"2c6ecf37-1548-449b-9818-85dca657708b","connectionDeviceId":"electricity","connectionAuthMethod":"{\"scope\":\"device\",\"type\":\"sas\",\"issuer\":\"iothub\",\"acceptingIpFilterRule\":null}","connectionDeviceGenerationId":"638436705062889146","contentType":"application/json","contentEncoding":"utf-8","enqueuedTime":"2024-02-16T09:48:48.0630000Z"},"Body":{"ID": "EAN543075800162607807", "timestamp": "2024-02-16T10:48:53.994264", "rate_1_total": 1365.08498100866, "rate_2_total": 0.0, "current_rate": 1, "L1_cons": 0.6978074956344802, "L1_prod": 0.0, "L1_voltage": 232.02276386121022, "L1_current": 2.676824208169754}}
{"EnqueuedTimeUtc":"2024-02-16T09:48:53.1260000Z","Properties":{},"SystemProperties":{"messageId":"7273c67a-7e96-4cec-ae75-1efa1e08519b","connectionDeviceId":"electricity","connectionAuthMethod":"{\"scope\":\"device\",\"type\":\"sas\",\"issuer\":\"iothub\",\"acceptingIpFilterRule\":null}","connectionDeviceGenerationId":"638436705062889146","contentType":"application/json","contentEncoding":"utf-8","enqueuedTime":"2024-02-16T09:48:53.1260000Z"},"Body":{"ID": "EAN543075800162607807", "timestamp": "2024-02-16T10:48:59.037708", "rate_1_total": 1367.516132759524, "rate_2_total": 0.0, "current_rate": 1, "L1_cons": 2.43115175086407, "L1_prod": 0.0, "L1_voltage": 231.41165179768964, "L1_current": 7.652038936276454}}
{"EnqueuedTimeUtc":"2024-02-16T09:48:58.1570000Z","Properties":{},"SystemProperties":{"messageId":"27cae254-1963-410b-89c4-114d5798cdc1","connectionDeviceId":"electricity","connectionAuthMethod":"{\"scope\":\"device\",\"type\":\"sas\",\"issuer\":\"iothub\",\"acceptingIpFilterRule\":null}","connectionDeviceGenerationId":"638436705062889146","contentType":"application/json","contentEncoding":"utf-8","enqueuedTime":"2024-02-16T09:48:58.1570000Z"},"Body":{"ID": "EAN543075800162607807", "timestamp": "2024-02-16T10:49:04.083407", "rate_1_total": 1367.9089565621, "rate_2_total": 0.0, "current_rate": 1, "L1_cons": 0.39282380257608945, "L1_prod": 0.0, "L1_voltage": 235.02412358012973, "L1_current": 0.5120599706956726}}
{"EnqueuedTimeUtc":"2024-02-16T09:49:03.1880000Z","Properties":{},"SystemProperties":{"messageId":"f9e11669-a082-4865-b70b-21418c92e39d","connectionDeviceId":"electricity","connectionAuthMethod":"{\"scope\":\"device\",\"type\":\"sas\",\"issuer\":\"iothub\",\"acceptingIpFilterRule\":null}","connectionDeviceGenerationId":"638436705062889146","contentType":"application/json","contentEncoding":"utf-8","enqueuedTime":"2024-02-16T09:49:03.1880000Z"},"Body":{"ID": "EAN543075800162607807", "timestamp": "2024-02-16T10:49:09.120319", "rate_1_total": 1368.1027211211072, "rate_2_total": 0.0, "current_rate": 1, "L1_cons": 0.1937645590070836, "L1_prod": 0.0, "L1_voltage": 230.18163864445, "L1_current": 12.798666706008754}}
{"EnqueuedTimeUtc":"2024-02-16T09:49:08.2350000Z","Properties":{},"SystemProperties":{"messageId":"cea7eafb-5821-4f34-8953-59eeb2b46f6b","connectionDeviceId":"electricity","connectionAuthMethod":"{\"scope\":\"device\",\"type\":\"sas\",\"issuer\":\"iothub\",\"acceptingIpFilterRule\":null}","connectionDeviceGenerationId":"638436705062889146","contentType":"application/json","contentEncoding":"utf-8","enqueuedTime":"2024-02-16T09:49:08.2350000Z"},"Body":{"ID": "EAN543075800162607807", "timestamp": "2024-02-16T10:49:14.158135", "rate_1_total": 1369.3647933052785, "rate_2_total": 0.0, "current_rate": 1, "L1_cons": 1.2620721841712974, "L1_prod": 0.0, "L1_voltage": 237.60928360376093, "L1_current": 5.926534572555512}}
{"EnqueuedTimeUtc":"2024-02-16T09:49:13.2680000Z","Properties":{},"SystemProperties":{"messageId":"c75f645d-ee2b-4fa7-abca-4293c58ecc15","connectionDeviceId":"electricity","connectionAuthMethod":"{\"scope\":\"device\",\"type\":\"sas\",\"issuer\":\"iothub\",\"acceptingIpFilterRule\":null}","connectionDeviceGenerationId":"638436705062889146","contentType":"application/json","contentEncoding":"utf-8","enqueuedTime":"2024-02-16T09:49:13.2680000Z"},"Body":{"ID": "EAN543075800162607807", "timestamp": "2024-02-16T10:49:19.195872", "rate_1_total": 1372.8713667368636, "rate_2_total": 0.0, "current_rate": 1, "L1_cons": 3.506573431585086, "L1_prod": 0.0, "L1_voltage": 236.96776640983953, "L1_current": 3.27301770600929}}
{"EnqueuedTimeUtc":"2024-02-16T09:49:18.2990000Z","Properties":{},"SystemProperties":{"messageId":"7b702b3a-a37d-4a1f-947f-60fa6a8c7094","connectionDeviceId":"electricity","connectionAuthMethod":"{\"scope\":\"device\",\"type\":\"sas\",\"issuer\":\"iothub\",\"acceptingIpFilterRule\":null}","connectionDeviceGenerationId":"638436705062889146","contentType":"application/json","contentEncoding":"utf-8","enqueuedTime":"2024-02-16T09:49:18.2990000Z"},"Body":{"ID": "EAN543075800162607807", "timestamp": "2024-02-16T10:49:24.232366", "rate_1_total": 1377.0282803813077, "rate_2_total": 0.0, "current_rate": 1, "L1_cons": 4.156913644444036, "L1_prod": 0.0, "L1_voltage": 236.06011191556038, "L1_current": 3.0956856927134924}}
{"EnqueuedTimeUtc":"2024-02-16T09:49:23.3310000Z","Properties":{},"SystemProperties":{"messageId":"8c797475-5f35-4a25-a7ef-e4d64ef757a3","connectionDeviceId":"electricity","connectionAuthMethod":"{\"scope\":\"device\",\"type\":\"sas\",\"issuer\":\"iothub\",\"acceptingIpFilterRule\":null}","connectionDeviceGenerationId":"638436705062889146","contentType":"application/json","contentEncoding":"utf-8","enqueuedTime":"2024-02-16T09:49:23.3310000Z"},"Body":{"ID": "EAN543075800162607807", "timestamp": "2024-02-16T10:49:29.264615", "rate_1_total": 1380.9020664847103, "rate_2_total": 0.0, "current_rate": 1, "L1_cons": 3.8737861034025345, "L1_prod": 0.0, "L1_voltage": 231.31918633083038, "L1_current": 1.1202419906679268}}
{"EnqueuedTimeUtc":"2024-02-16T09:49:28.3780000Z","Properties":{},"SystemProperties":{"messageId":"a3fd2348-1946-4aa0-a488-a2e3dbd579e0","connectionDeviceId":"electricity","connectionAuthMethod":"{\"scope\":\"device\",\"type\":\"sas\",\"issuer\":\"iothub\",\"acceptingIpFilterRule\":null}","connectionDeviceGenerationId":"638436705062889146","contentType":"application/json","contentEncoding":"utf-8","enqueuedTime":"2024-02-16T09:49:28.3780000Z"},"Body":{"ID": "EAN543075800162607807", "timestamp": "2024-02-16T10:49:34.303200", "rate_1_total": 1385.167268090681, "rate_2_total": 0.0, "current_rate": 1, "L1_cons": 4.265201605970733, "L1_prod": 0.0, "L1_voltage": 235.5769547880103, "L1_current": 13.693464161782394}}