{"EnqueuedTimeUtc":"2024-02-16T09:49:33.4250000Z","Properties":{},"SystemProperties":{"messageId":"72d32dca-0b6b-44c5-8ca0-dd3c4593c9f4","connectionDeviceId":"electricity","connectionAuthMethod":"{\"scope\":\"device\",\"type\":\"sas\",\"issuer\":\"iothub\",\"acceptingIpFilterRule\":null}","connectionDeviceGenerationId":"638436705062889146","contentType":"application/json","contentEncoding":"utf-8","enqueuedTime":"2024-02-16T09:49:33.4250000Z"},"Body":{"ID": "EAN543075800162607807", "timestamp": "2024-02-16T10:49:39.348949", "rate_1_total": 1385.5700078041978, "rate_2_total": 0.0, "current_rate": 1, "L1_cons": 0.40273971351672566, "L1_prod": 0.0, "L1_voltage": 237.54227385228867, "L1_current": 9.406536916171566}}
{"EnqueuedTimeUtc":"2024-02-16T09:49:38.4410000Z","Properties":{},"SystemProperties":{"messageId":"c0149c94-0cb2-4675-9e7d-04e30060092e","connectionDeviceId":"electricity","connectionAuthMethod":"{\"scope\":\"device\",\"type\":\"sas\",\"issuer\":\"iothub\",\"acceptingIpFilterRule\":null}","connectionDeviceGenerationId":"638436705062889146","contentType":"application/json","contentEncoding":"utf-8","enqueuedTime":"2024-02-16T09:49:38.4410000Z"},"Body":{"ID": "EAN543075800162607807", "timestamp": "2024-02-16T10:49:44.375892", "rate_1_total": 1386.394545096815, "rate_2_total": 0.0, "current_rate": 1, "L1_cons": 0.8245372926170402, "L1_prod": 0.0, "L1_voltage": 231.98066117960002, "L1_current": 15.170041818081783}}
{"EnqueuedTimeUtc":"2024-02-16T09:49:43.4880000Z","Properties":{},"SystemProperties":{"messageId":"90aac998-2d9f-426d-bbe7-423fcccd039b","connectionDeviceId":"electricity","connectionAuthMethod":"{\"scope\":\"device\",\"type\":\"sas\",\"issuer\":\"iothub\",\"acceptingIpFilterRule\":null}","connectionDeviceGenerationId":"638436705062889146","contentType":"application/json","contentEncoding":"utf-8","enqueuedTime":"2024-02-16T09:49:43.4880000Z"},"Body":{"ID": "EAN543075800162607807", "timestamp": "2024-02-16T10:49:49.413301", "rate_1_total": 1387.2935536232133, "rate_2_total": 0.0, "current_rate": 1, "L1_cons": 0.8990085263983418, "L1_prod": 0.0, "L1_voltage": 235.32928520696515, "L1_current": 8.542815785520954}}
{"EnqueuedTimeUtc":"2024-02-16T09:49:48.5350000Z","Properties":{},"SystemProperties":{"messageId":"2f0947a4-7383-4d74-a15a-052afa2d5985","connectionDeviceId":"electricity","connectionAuthMethod":"{\"scope\":\"device\",\"type\":\"sas\",\"issuer\":\"iothub\",\"acceptingIpFilterRule\":null}","connectionDeviceGenerationId":"638436705062889146","contentType":"application/json","contentEncoding":"utf-8","enqueuedTime":"2024-02-16T09:49:48.5350000Z"},"Body":{"ID": "EAN543075800162607807", "timestamp": "2024-02-16T10:49:54.455462", "rate_1_total": 1390.19565632356, "rate_2_total": 0.0, "current_rate": 1, "L1_cons": 2.902102700346527, "L1_prod": 0.0, "L1_voltage": 234.57984232277596, "L1_current": 13.134594223116489}}
{"EnqueuedTimeUtc":"2024-02-16T09:49:53.5510000Z","Properties":{},"SystemProperties":{"messageId":"2cb56134-e8df-4f24-8ee5-49dbd2f54faa","connectionDeviceId":"electricity","connectionAuthMethod":"{\"scope\":\"device\",\"type\":\"sas\",\"issuer\":\"iothub\",\"acceptingIpFilterRule\":null}","connectionDeviceGenerationId":"638436705062889146","contentType":"application/json","contentEncoding":"utf-8","enqueuedTime":"2024-02-16T09:49:53.5510000Z"},"Body":{"ID": "EAN543075800162607807", "timestamp": "2024-02-16T10:49:59.486662", "rate_1_total": 1390.7165771159123, "rate_2_total": 0.0, "current_rate": 1, "L1_cons": 0.520920792352461, "L1_prod": 0.0, "L1_voltage": 230.06693729203053, "L1_current": 2.3552709265875458}}
{"EnqueuedTimeUtc":"2024-02-16T09:49:58.6130000Z","Properties":{},"SystemProperties":{"messageId":"2995b7dc-e5f9-48bc-87dd-1c10aea0726c","connectionDeviceId":"electricity","connectionAuthMethod":"{\"scope\":\"device\",\"type\":\"sas\",\"issuer\":\"iothub\",\"acceptingIpFilterRule\":null}","connectionDeviceGenerationId":"638436705062889146","contentType":"application/json","contentEncoding":"utf-8","enqueuedTime":"2024-02-16T09:49:58.6130000Z"},"Body":{"ID": "EAN543075800162607807", "timestamp": "2024-02-16T10:50:04.542998", "rate_1_total": 1394.0737173333096, "rate_2_total": 0.0, "current_rate": 1, "L1_cons": 3.3571402173972333, "L1_prod": 0.0, "L1_voltage": 233.5187492861112, "L1_current": 0.9861774430731047}}
{"EnqueuedTimeUtc":"2024-02-16T09:50:03.6450000Z","Properties":{},"SystemProperties":{"messageId":"653a9e5c-20ec-40fb-9edf-966af27de1df","connectionDeviceId":"electricity","connectionAuthMethod":"{\"scope\":\"device\",\"type\":\"sas\",\"issuer\":\"iothub\",\"acceptingIpFilterRule\":null}","connectionDeviceGenerationId":"638436705062889146","contentType":"application/json","contentEncoding":"utf-8","enqueuedTime":"2024-02-16T09:50:03.6450000Z"},"Body":{"ID": "EAN543075800162607807", "timestamp": "2024-02-16T10:50:09.573187", "rate_1_total": 1395.676059535594, "rate_2_total": 0.0, "current_rate": 1, "L1_cons": 1.6023422022845386, "L1_prod": 0.0, "L1_voltage": 233.08197955164366, "L1_current": 2.4974640224333857}}
{"EnqueuedTimeUtc":"2024-02-16T09:50:08.6770000Z","Properties":{},"SystemProperties":{"messageId":"83a8cf01-71e5-40c8-8ee3-6f0b154ac503","connectionDeviceId":"electricity","connectionAuthMethod":"{\"scope\":\"device\",\"type\":\"sas\",\"issuer\":\"iothub\",\"acceptingIpFilterRule\":null}","connectionDeviceGenerationId":"638436705062889146","contentType":"application/json","contentEncoding":"utf-8","enqueuedTime":"2024-02-16T09:50:08.6770000Z"},"Body":{"ID": "EAN543075800162607807", "timestamp": "2024-02-16T10:50:14.611930", "rate_1_total": 1397.103537744781, "rate_2_total": 0.0, "current_rate": 1, "L1_cons": 1.4274782091869547, "L1_prod": 0.0, "L1_voltage": 233.1562936319446, "L1_current": 13.835532983756789}}
{"EnqueuedTimeUtc":"2024-02-16T09:50:13.7240000Z","Properties":{},"SystemProperties":{"messageId":"075c015b-87b9-4a6e-8d45-f92ab9f20371","connectionDeviceId":"electricity","connectionAuthMethod":"{\"scope\":\"device\",\"type\":\"sas\",\"issuer\":\"iothub\",\"acceptingIpFilterRule\":null}","connectionDeviceGenerationId":"638436705062889146","contentType":"application/json","contentEncoding":"utf-8","enqueuedTime":"2024-02-16T09:50:13.7240000Z"},"Body":{"ID": "EAN543075800162607807", "timestamp": "2024-02-16T10:50:19.654209", "rate_1_total": 1401.889728804464, "rate_2_total": 0.0, "current_rate": 1, "L1_cons": 4.786191059682969, "L1_prod": 0.0, "L1_voltage": 231.45594578176926, "L1_current": 7.890816509521299}}
{"EnqueuedTimeUtc":"2024-02-16T09:50:18.7560000Z","Properties":{},"SystemProperties":{"messageId":"81178cc2-aa45-44b0-9940-9b5b1c909cdb","connectionDeviceId":"electricity","connectionAuthMethod":"{\"scope\":\"device\",\"type\":\"sas\",\"issuer\":\"iothub\",\"acceptingIpFilterRule\":null}","connectionDeviceGenerationId":"638436705062889146","contentType":"application/json","contentEncoding":"utf-8","enqueuedTime":"2024-02-16T09:50:18.7560000Z"},"Body":{"ID": "EAN543075800162607807", "timestamp": "2024-02-16T10:50:24.682590", "rate_1_total": 1402.097311804557, "rate_2_total": 0.0, "current_rate": 1, "L1_cons": 0.20758300009281228, "L1_prod": 0.0, "L1_voltage": 239.71497011043405, "L1_current": 15.636408295952092}}
{"EnqueuedTimeUtc":"2024-02-16T09:50:23.7880000Z","Properties":{},"SystemProperties":{"messageId":"efa29e77-28d2-48a2-9041-a219b775ceec","connectionDeviceId":"electricity","connectionAuthMethod":"{\"scope\":\"device\",\"type\":\"sas\",\"issuer\":\"iothub\",\"acceptingIpFilterRule\":null}","connectionDeviceGenerationId":"638436705062889146","contentType":"application/json","contentEncoding":"utf-8","enqueuedTime":"2024-02-16T09:50:23.7880000Z"},"Body":{"ID": "EAN543075800162607807", "timestamp": "2024-02-16T10:50:29.721750", "rate_1_total": 1404.0630310852328, "rate_2_total": 0.0, "current_rate": 1, "L1_cons": 1.9657192806757795, "L1_prod": 0.0, "L1_voltage": 236.52939893486288, "L1_current": 6.179083901958571}}
{"EnqueuedTimeUtc":"2024-02-16T09:50:28.8360000Z","Properties":{},"SystemProperties":{"messageId":"31666198-2b41-4adc-a9bc-19d57b468e81","connectionDeviceId":"electricity","connectionAuthMethod":"{\"scope\":\"device\",\"type\":\"sas\",\"issuer\":\"iothub\",\"acceptingIpFilterRule\":null}","connectionDeviceGenerationId":"638436705062889146","contentType":"application/json","contentEncoding":"utf-8","enqueuedTime":"2024-02-16T09:50:28.8360000Z"},"Body":{"ID": "EAN543075800162607807", "timestamp": "2024-02-16T10:50:34.759036", "rate_1_total": 1407.0765565620977, "rate_2_total": 0.0, "current_rate": 1, "L1_cons": 3.013525476865019, "L1_prod": 0.0, "L1_voltage": 234.92615991006753, "L1_current": 11.263651895248993}}