{"EnqueuedTimeUtc":"2024-02-16T09:50:33.8670000Z","Properties":{},"SystemProperties":{"messageId":"deec9c6d-e385-4b18-8283-e649a0381126","connectionDeviceId":"electricity","connectionAuthMethod":"{\"scope\":\"device\",\"type\":\"sas\",\"issuer\":\"iothub\",\"acceptingIpFilterRule\":null}","connectionDeviceGenerationId":"638436705062889146","contentType":"application/json","contentEncoding":"utf-8","enqueuedTime":"2024-02-16T09:50:33.8670000Z"},"Body":{"ID": "EAN543075800162607807", "timestamp": "2024-02-16T10:50:39.788754", "rate_1_total": 1407.8025846215126, "rate_2_total": 0.0, "current_rate": 1, "L1_cons": 0.7260280594147561, "L1_prod": 0.0, "L1_voltage": 234.54112239267454, "L1_current": 2.632451672949994}}
{"EnqueuedTimeUtc":"2024-02-16T09:50:38.8990000Z","Properties":{},"SystemProperties":{"messageId":"aaefa1ff-4013-4b96-8e79-8bab33d376ab","connectionDeviceId":"electricity","connectionAuthMethod":"{\"scope\":\"device\",\"type\":\"sas\",\"issuer\":\"iothub\",\"acceptingIpFilterRule\":null}","connectionDeviceGenerationId":"638436705062889146","contentType":"application/json","contentEncoding":"utf-8","enqueuedTime":"2024-02-16T09:50:38.8990000Z"},"Body":{"ID": "EAN543075800162607807", "timestamp": "2024-02-16T10:50:44.825994", "rate_1_total": 1410.274570271006, "rate_2_total": 0.0, "current_rate": 1, "L1_cons": 2.4719856494935413, "L1_prod": 0.0, "L1_voltage": 234.19764700555683, "L1_current": 9.266206632434496}}
{"EnqueuedTimeUtc":"2024-02-16T09:50:43.9310000Z","Properties":{},"SystemProperties":{"messageId":"e58080d1-9d48-4472-ba4b-f64f9904be65","connectionDeviceId":"electricity","connectionAuthMethod":"{\"scope\":\"device\",\"type\":\"sas\",\"issuer\":\"iothub\",\"acceptingIpFilterRule\":null}","connectionDeviceGenerationId":"638436705062889146","contentType":"application/json","contentEncoding":"utf-8","enqueuedTime":"2024-02-16T09:50:43.9310000Z"},"Body":{"ID": "EAN543075800162607807", "timestamp": "2024-02-16T10:50:49.859910", "rate_1_total": 1410.6553863237998, "rate_2_total": 0.0, "current_rate": 1, "L1_cons": 0.3808160527938335, "L1_prod": 0.0, "L1_voltage": 230.87922905746095, "L1_current": 15.955301043758737}}
{"EnqueuedTimeUtc":"2024-02-16T09:50:48.9780000Z","Properties":{},"SystemProperties":{"messageId":"705409e6-edf6-4449-9799-cc25ccbefa2b","connectionDeviceId":"electricity","connectionAuthMethod":"{\"scope\":\"device\",\"type\":\"sas\",\"issuer\":\"iothub\",\"acceptingIpFilterRule\":null}","connectionDeviceGenerationId":"638436705062889146","contentType":"application/json","contentEncoding":"utf-8","enqueuedTime":"2024-02-16T09:50:48.9780000Z"},"Body":{"ID": "EAN543075800162607807", "timestamp": "2024-02-16T10:50:54.899613", "rate_1_total": 1414.9377673419795, "rate_2_total": 0.0, "current_rate": 1, "L1_cons": 4.28238101817956, "L1_prod": 0.0, "L1_voltage": 232.01215613620442, "L1_current": 9.532792532990982}}
{"EnqueuedTimeUtc":"2024-02-16T09:50:54.0250000Z","Properties":{},"SystemProperties":{"messageId":"10440219-0839-4638-9339-47a50448b6f8","connectionDeviceId":"electricity","connectionAuthMethod":"{\"scope\":\"device\",\"type\":\"sas\",\"issuer\":\"iothub\",\"acceptingIpFilterRule\":null}","connectionDeviceGenerationId":"638436705062889146","contentType":"application/json","contentEncoding":"utf-8","enqueuedTime":"2024-02-16T09:50:54.0250000Z"},"Body":{"ID": "EAN543075800162607807", "timestamp": "2024-02-16T10:50:59.950892", "rate_1_total": 1417.2236971441946, "rate_2_total": 0.0, "current_rate": 1, "L1_cons": 2.285929802215203, "L1_prod": 0.0, "L1_voltage": 239.93525307822105, "L1_current": 0.958600198620132}}
{"EnqueuedTimeUtc":"2024-02-16T09:50:59.0560000Z","Properties":{},"SystemProperties":{"messageId":"9a4dfae2-70d5-4e44-b4f3-2b59d8c6ea2e","connectionDeviceId":"electricity","connectionAuthMethod":"{\"scope\":\"device\",\"type\":\"sas\",\"issuer\":\"iothub\",\"acceptingIpFilterRule\":null}","connectionDeviceGenerationId":"638436705062889146","contentType":"application/json","contentEncoding":"utf-8","enqueuedTime":"2024-02-16T09:50:59.0560000Z"},"Body":{"ID": "EAN543075800162607807", "timestamp": "2024-02-16T10:51:04.980096", "rate_1_total": 1419.156530440797, "rate_2_total": 0.0, "current_rate": 1, "L1_cons": 1.9328332966024537, "L1_prod": 0.0, "L1_voltage": 238.4365328576436, "L1_current": 5.561471397632962}}
{"EnqueuedTimeUtc":"2024-02-16T09:51:04.1030000Z","Properties":{},"SystemProperties":{"messageId":"07afa93a-13d3-46f9-a92c-ae1b8a3005d7","connectionDeviceId":"electricity","connectionAuthMethod":"{\"scope\":\"device\",\"type\":\"sas\",\"issuer\":\"iothub\",\"acceptingIpFilterRule\":null}","connectionDeviceGenerationId":"638436705062889146","contentType":"application/json","contentEncoding":"utf-8","enqueuedTime":"2024-02-16T09:51:04.1030000Z"},"Body":{"ID": "EAN543075800162607807", "timestamp": "2024-02-16T10:51:10.037728", "rate_1_total": 1421.3829252943465, "rate_2_total": 0.0, "current_rate": 1, "L1_cons": 2.2263948535494924, "L1_prod": 0.0, "L1_voltage": 235.65338912884718, "L1_current": 6.660726910365058}}
{"EnqueuedTimeUtc":"2024-02-16T09:51:09.1500000Z","Properties":{},"SystemProperties":{"messageId":"5843f376-3720-450d-a301-56b6564a703b","connectionDeviceId":"electricity","connectionAuthMethod":"{\"scope\":\"device\",\"type\":\"sas\",\"issuer\":\"iothub\",\"acceptingIpFilterRule\":null}","connectionDeviceGenerationId":"638436705062889146","contentType":"application/json","contentEncoding":"utf-8","enqueuedTime":"2024-02-16T09:51:09.1500000Z"},"Body":{"ID": "EAN543075800162607807", "timestamp": "2024-02-16T10:51:15.076740", "rate_1_total": 1422.0599445646596, "rate_2_total": 0.0, "current_rate": 1, "L1_cons": 0.6770192703131671, "L1_prod": 0.0, "L1_voltage": 232.70233439406095, "L1_current": 3.405866272272879}}
{"EnqueuedTimeUtc":"2024-02-16T09:51:14.1820000Z","Properties":{},"SystemProperties":{"messageId":"2c463b21-e026-4943-a053-7047882feb08","connectionDeviceId":"electricity","connectionAuthMethod":"{\"scope\":\"device\",\"type\":\"sas\",\"issuer\":\"iothub\",\"acceptingIpFilterRule\":null}","connectionDeviceGenerationId":"638436705062889146","contentType":"application/json","contentEncoding":"utf-8","enqueuedTime":"2024-02-16T09:51:14.1820000Z"},"Body":{"ID": "EAN543075800162607807", "timestamp": "2024-02-16T10:51:20.111501", "rate_1_total": 1423.5723760428975, "rate_2_total": 0.0, "current_rate": 1, "L1_cons": 1.5124314782377997, "L1_prod": 0.0, "L1_voltage": 239.0981724706908, "L1_current": 9.776807258890706}}
{"EnqueuedTimeUtc":"2024-02-16T09:51:19.2130000Z","Properties":{},"SystemProperties":{"messageId":"5eff024f-18e2-4995-bb40-5561937601b4","connectionDeviceId":"electricity","connectionAuthMethod":"{\"scope\":\"device\",\"type\":\"sas\",\"issuer\":\"iothub\",\"acceptingIpFilterRule\":null}","connectionDeviceGenerationId":"638436705062889146","contentType":"application/json","contentEncoding":"utf-8","enqueuedTime":"2024-02-16T09:51:19.2130000Z"},"Body":{"ID": "EAN543075800162607807", "timestamp": "2024-02-16T10:51:25.148037", "rate_1_total": 1425.9571496477856, "rate_2_total": 0.0, "current_rate": 1, "L1_cons": 2.384773604888094, "L1_prod": 0.0, "L1_voltage": 237.0762566969612, "L1_current": 11.026422344610468}}
{"EnqueuedTimeUtc":"2024-02-16T09:51:24.2440000Z","Properties":{},"SystemProperties":{"messageId":"0d53c824-d14d-4689-b605-93d0a389c9c8","connectionDeviceId":"electricity","connectionAuthMethod":"{\"scope\":\"device\",\"type\":\"sas\",\"issuer\":\"iothub\",\"acceptingIpFilterRule\":null}","connectionDeviceGenerationId":"638436705062889146","contentType":"application/json","contentEncoding":"utf-8","enqueuedTime":"2024-02-16T09:51:24.2440000Z"},"Body":{"ID": "EAN543075800162607807", "timestamp": "2024-02-16T10:51:30.178725", "rate_1_total": 1426.457825989758, "rate_2_total": 0.0, "current_rate": 1, "L1_cons": 0.5006763419724706, "L1_prod": 0.0, "L1_voltage": 234.46428555584808, "L1_current": 8.29552064324238}}
{"EnqueuedTimeUtc":"2024-02-16T09:51:29.2910000Z","Properties":{},"SystemProperties":{"messageId":"006cfc10-4163-41ec-ac6e-63ddf157d553","connectionDeviceId":"electricity","connectionAuthMethod":"{\"scope\":\"device\",\"type\":\"sas\",\"issuer\":\"iothub\",\"acceptingIpFilterRule\":null}","connectionDeviceGenerationId":"638436705062889146","contentType":"application/json","contentEncoding":"utf-8","enqueuedTime":"2024-02-16T09:51:29.2910000Z"},"Body":{"ID": "EAN543075800162607807", "timestamp": "2024-02-16T10:51:35.220644", "rate_1_total": 1428.8371053344567, "rate_2_total": 0.0, "current_rate": 1, "L1_cons": 2.3792793446987597, "L1_prod": 0.0, "L1_voltage": 237.74969323898583, "L1_current": 0.6876266067519182}}