{"EnqueuedTimeUtc":"2024-02-16T09:51:34.3380000Z","Properties":{},"SystemProperties":{"messageId":"aa4a860a-77c5-46aa-a6c3-8417ff0195d1","connectionDeviceId":"electricity","connectionAuthMethod":"{\"scope\":\"device\",\"type\":\"sas\",\"issuer\":\"iothub\",\"acceptingIpFilterRule\":null}","connectionDeviceGenerationId":"638436705062889146","contentType":"application/json","contentEncoding":"utf-8","enqueuedTime":"2024-02-16T09:51:34.3380000Z"},"Body":{"ID": "EAN543075800162607807", "timestamp": "2024-02-16T10:51:40.263577", "rate_1_total": 1431.4394176092228, "rate_2_total": 0.0, "current_rate": 1, "L1_cons": 2.6023122747659913, "L1_prod": 0.0, "L1_voltage": 238.97915441073005, "L1_current": 0.6158012573181699}}
{"EnqueuedTimeUtc":"2024-02-16T09:51:39.3690000Z","Properties":{},"SystemProperties":{"messageId":"e161ce7f-c921-4649-9f07-89377d67f0ed","connectionDeviceId":"electricity","connectionAuthMethod":"{\"scope\":\"device\",\"type\":\"sas\",\"issuer\":\"iothub\",\"acceptingIpFilterRule\":null}","connectionDeviceGenerationId":"638436705062889146","contentType":"application/json","contentEncoding":"utf-8","enqueuedTime":"2024-02-16T09:51:39.3690000Z"},"Body":{"ID": "EAN543075800162607807", "timestamp": "2024-02-16T10:51:45.292688", "rate_1_total": 1431.7873027601452, "rate_2_total": 0.0, "current_rate": 1, "L1_cons": 0.3478851509224044, "L1_prod": 0.0, "L1_voltage": 236.14766565141827, "L1_current": 10.633011253966565}}
{"EnqueuedTimeUtc":"2024-02-16T09:51:44.4000000Z","Properties":{},"SystemProperties":{"messageId":"e0756666-34c2-42c2-a720-0e401c302d52","connectionDeviceId":"electricity","connectionAuthMethod":"{\"scope\":\"device\",\"type\":\"sas\",\"issuer\":\"iothub\",\"acceptingIpFilterRule\":null}","connectionDeviceGenerationId":"638436705062889146","contentType":"application/json","contentEncoding":"utf-8","enqueuedTime":"2024-02-16T09:51:44.4000000Z"},"Body":{"ID": "EAN543075800162607807", "timestamp": "2024-02-16T10:51:50.332158", "rate_1_total": 1432.0886345300082, "rate_2_total": 0.0, "current_rate": 1, "L1_cons": 0.3013317698630726, "L1_prod": 0.0, "L1_voltage": 234.49241119453598, "L1_current": 10.949013234569545}}
{"EnqueuedTimeUtc":"2024-02-16T09:51:49.4320000Z","Properties":{},"SystemProperties":{"messageId":"ccc66910-cff3-4399-978d-7b2bca6f1917","connectionDeviceId":"electricity","connectionAuthMethod":"{\"scope\":\"device\",\"type\":\"sas\",\"issuer\":\"iothub\",\"acceptingIpFilterRule\":null}","connectionDeviceGenerationId":"638436705062889146","contentType":"application/json","contentEncoding":"utf-8","enqueuedTime":"2024-02-16T09:51:49.4320000Z"},"Body":{"ID": "EAN543075800162607807", "timestamp": "2024-02-16T10:51:55.366904", "rate_1_total": 1435.1271587607555, "rate_2_total": 0.0, "current_rate": 1, "L1_cons": 3.038524230747334, "L1_prod": 0.0, "L1_voltage": 238.62652571696094, "L1_current": 3.0313551835483037}}
{"EnqueuedTimeUtc":"2024-02-16T09:51:54.4630000Z","Properties":{},"SystemProperties":{"messageId":"9cce7c23-ae78-4919-af76-0a70405b25bb","connectionDeviceId":"electricity","connectionAuthMethod":"{\"scope\":\"device\",\"type\":\"sas\",\"issuer\":\"iothub\",\"acceptingIpFilterRule\":null}","connectionDeviceGenerationId":"638436705062889146","contentType":"application/json","contentEncoding":"utf-8","enqueuedTime":"2024-02-16T09:51:54.4630000Z"},"Body":{"ID": "EAN543075800162607807", "timestamp": "2024-02-16T10:52:00.395530", "rate_1_total": 1436.776136874541, "rate_2_total": 0.0, "current_rate": 1, "L1_cons": 1.6489781137855453, "L1_prod": 0.0, "L1_voltage": 239.58849129737771, "L1_current": 9.2652337316273}}
{"EnqueuedTimeUtc":"2024-02-16T09:51:59.5100000Z","Properties":{},"SystemProperties":{"messageId":"af36ec24-85f9-4533-9b41-db3da99c1a23","connectionDeviceId":"electricity","connectionAuthMethod":"{\"scope\":\"device\",\"type\":\"sas\",\"issuer\":\"iothub\",\"acceptingIpFilterRule\":null}","connectionDeviceGenerationId":"638436705062889146","contentType":"application/json","contentEncoding":"utf-8","enqueuedTime":"2024-02-16T09:51:59.5100000Z"},"Body":{"ID": "EAN543075800162607807", "timestamp": "2024-02-16T10:52:05.434538", "rate_1_total": 1439.1782013136244, "rate_2_total": 0.0, "current_rate": 1, "L1_cons": 2.402064439083432, "L1_prod": 0.0, "L1_voltage": 231.39664943486844, "L1_current": 3.5277891398518353}}
{"EnqueuedTimeUtc":"2024-02-16T09:52:04.5410000Z","Properties":{},"SystemProperties":{"messageId":"6da8c290-fdf3-423b-bc63-df4fd5c0715f","connectionDeviceId":"electricity","connectionAuthMethod":"{\"scope\":\"device\",\"type\":\"sas\",\"issuer\":\"iothub\",\"acceptingIpFilterRule\":null}","connectionDeviceGenerationId":"638436705062889146","contentType":"application/json","contentEncoding":"utf-8","enqueuedTime":"2024-02-16T09:52:04.5410000Z"},"Body":{"ID": "EAN543075800162607807", "timestamp": "2024-02-16T10:52:10.476048", "rate_1_total": 1440.689648510099, "rate_2_total": 0.0, "current_rate": 1, "L1_cons": 1.5114471964745926, "L1_prod": 0.0, "L1_voltage": 232.90043728353405, "L1_current": 0.8709787717701378}}
{"EnqueuedTimeUtc":"2024-02-16T09:52:09.5900000Z","Properties":{},"SystemProperties":{"messageId":"484c1944-516c-4a6c-8fd9-5d46bb9d0faa","connectionDeviceId":"electricity","connectionAuthMethod":"{\"scope\":\"device\",\"type\":\"sas\",\"issuer\":\"iothub\",\"acceptingIpFilterRule\":null}","connectionDeviceGenerationId":"638436705062889146","contentType":"application/json","contentEncoding":"utf-8","enqueuedTime":"2024-02-16T09:52:09.5900000Z"},"Body":{"ID": "EAN543075800162607807", "timestamp": "2024-02-16T10:52:15.516976", "rate_1_total": 1441.9859416707816, "rate_2_total": 0.0, "current_rate": 1, "L1_cons": 1.2962931606826595, "L1_prod": 0.0, "L1_voltage": 231.53013618553402, "L1_current": 0.7970239128835426}}
{"EnqueuedTimeUtc":"2024-02-16T09:52:14.6210000Z","Properties":{},"SystemProperties":{"messageId":"b69d1e8d-4646-49c6-a914-8b8f87aafdae","connectionDeviceId":"electricity","connectionAuthMethod":"{\"scope\":\"device\",\"type\":\"sas\",\"issuer\":\"iothub\",\"acceptingIpFilterRule\":null}","connectionDeviceGenerationId":"638436705062889146","contentType":"application/json","contentEncoding":"utf-8","enqueuedTime":"2024-02-16T09:52:14.6210000Z"},"Body":{"ID": "EAN543075800162607807", "timestamp": "2024-02-16T10:52:20.553807", "rate_1_total": 1445.288977888171, "rate_2_total": 0.0, "current_rate": 1, "L1_cons": 3.303036217389518, "L1_prod": 0.0, "L1_voltage": 236.82461944548825, "L1_current": 10.999612655530104}}
{"EnqueuedTimeUtc":"2024-02-16T09:52:19.6520000Z","Properties":{},"SystemProperties":{"messageId":"777b5f5c-d685-4c83-b890-a802d837a00f","connectionDeviceId":"electricity","connectionAuthMethod":"{\"scope\":\"device\",\"type\":\"sas\",\"issuer\":\"iothub\",\"acceptingIpFilterRule\":null}","connectionDeviceGenerationId":"638436705062889146","contentType":"application/json","contentEncoding":"utf-8","enqueuedTime":"2024-02-16T09:52:19.6520000Z"},"Body":{"ID": "EAN543075800162607807", "timestamp": "2024-02-16T10:52:25.579271", "rate_1_total": 1449.9557644578285, "rate_2_total": 0.0, "current_rate": 1, "L1_cons": 4.666786569657493, "L1_prod": 0.0, "L1_voltage": 232.7654379525938, "L1_current": 9.616931095833502}}
{"EnqueuedTimeUtc":"2024-02-16T09:52:24.6860000Z","Properties":{},"SystemProperties":{"messageId":"420fb0e2-a909-45cc-a1a8-d111ee063ecd","connectionDeviceId":"electricity","connectionAuthMethod":"{\"scope\":\"device\",\"type\":\"sas\",\"issuer\":\"iothub\",\"acceptingIpFilterRule\":null}","connectionDeviceGenerationId":"638436705062889146","contentType":"application/json","contentEncoding":"utf-8","enqueuedTime":"2024-02-16T09:52:24.6860000Z"},"Body":{"ID": "EAN543075800162607807", "timestamp": "2024-02-16T10:52:30.619049", "rate_1_total": 1453.8759679570046, "rate_2_total": 0.0, "current_rate": 1, "L1_cons": 3.9202034991759658, "L1_prod": 0.0, "L1_voltage": 236.83811485028616, "L1_current": 7.228964311761223}}