{"EnqueuedTimeUtc":"2024-02-16T09:52:29.7330000Z","Properties":{},"SystemProperties":{"messageId":"c2b40f50-c8e5-49b4-a0cb-4c4a4e6d811f","connectionDeviceId":"electricity","connectionAuthMethod":"{\"scope\":\"device\",\"type\":\"sas\",\"issuer\":\"iothub\",\"acceptingIpFilterRule\":null}","connectionDeviceGenerationId":"638436705062889146","contentType":"application/json","contentEncoding":"utf-8","enqueuedTime":"2024-02-16T09:52:29.7330000Z"},"Body":{"ID": "EAN543075800162607807", "timestamp": "2024-02-16T10:52:35.657547", "rate_1_total": 1454.479879390651, "rate_2_total": 0.0, "current_rate": 1, "L1_cons": 0.6039114336462496, "L1_prod": 0.0, "L1_voltage": 238.27771831350088, "L1_current": 10.111772267129833}}
{"EnqueuedTimeUtc":"2024-02-16T09:52:34.7640000Z","Properties":{},"SystemProperties":{"messageId":"67faf453-9a85-4300-b6ab-7a15db585ead","connectionDeviceId":"electricity","connectionAuthMethod":"{\"scope\":\"device\",\"type\":\"sas\",\"issuer\":\"iothub\",\"acceptingIpFilterRule\":null}","connectionDeviceGenerationId":"638436705062889146","contentType":"application/json","contentEncoding":"utf-8","enqueuedTime":"2024-02-16T09:52:34.7640000Z"},"Body":{"ID": "EAN543075800162607807", "timestamp": "2024-02-16T10:52:40.686488", "rate_1_total": 1454.5739134261241, "rate_2_total": 0.0, "current_rate": 1, "L1_cons": 0.09403403547314501, "L1_prod": 0.0, "L1_voltage": 232.47180071623907, "L1_current": 8.840805506543894}}
{"EnqueuedTimeUtc":"2024-02-16T09:52:39.7960000Z","Properties":{},"SystemProperties":{"messageId":"a9250a84-0a7e-4067-add8-8f28c55eed88","connectionDeviceId":"electricity","connectionAuthMethod":"{\"scope\":\"device\",\"type\":\"sas\",\"issuer\":\"iothub\",\"acceptingIpFilterRule\":null}","connectionDeviceGenerationId":"638436705062889146","contentType":"application/json","contentEncoding":"utf-8","enqueuedTime":"2024-02-16T09:52:39.7960000Z"},"Body":{"ID": "EAN543075800162607807", "timestamp": "2024-02-16T10:52:45.723454", "rate_1_total": 1458.9310446824818, "rate_2_total": 0.0, "current_rate": 1, "L1_cons": 4.357131256357761, "L1_prod": 0.0, "L1_voltage": 237.537526860314, "L1_current": 7.389105689716752}}
{"EnqueuedTimeUtc":"2024-02-16T09:52:44.8270000Z","Properties":{},"SystemProperties":{"messageId":"f5255f7b-1a64-4e82-bb24-655bb8c9177a","connectionDeviceId":"electricity","connectionAuthMethod":"{\"scope\":\"device\",\"type\":\"sas\",\"issuer\":\"iothub\",\"acceptingIpFilterRule\":null}","connectionDeviceGenerationId":"638436705062889146","contentType":"application/json","contentEncoding":"utf-8","enqueuedTime":"2024-02-16T09:52:44.8270000Z"},"Body":{"ID": "EAN543075800162607807", "timestamp": "2024-02-16T10:52:50.755598", "rate_1_total": 1460.8540397474355, "rate_2_total": 0.0, "current_rate": 1, "L1_cons": 1.92299506495385, "L1_prod": 0.0, "L1_voltage": 238.04461115816443, "L1_current": 3.4106684269612937}}
{"EnqueuedTimeUtc":"2024-02-16T09:52:49.8580000Z","Properties":{},"SystemProperties":{"messageId":"33ac0406-1edb-4a96-9948-9368419d4333","connectionDeviceId":"electricity","connectionAuthMethod":"{\"scope\":\"device\",\"type\":\"sas\",\"issuer\":\"iothub\",\"acceptingIpFilterRule\":null}","connectionDeviceGenerationId":"638436705062889146","contentType":"application/json","contentEncoding":"utf-8","enqueuedTime":"2024-02-16T09:52:49.8580000Z"},"Body":{"ID": "EAN543075800162607807", "timestamp": "2024-02-16T10:52:55.792879", "rate_1_total": 1462.1136300892742, "rate_2_total": 0.0, "current_rate": 1, "L1_cons": 1.2595903418386545, "L1_prod": 0.0, "L1_voltage": 238.17152800543977, "L1_current": 10.863222159353528}}
{"EnqueuedTimeUtc":"2024-02-16T09:52:54.9050000Z","Properties":{},"SystemProperties":{"messageId":"4155aa3c-2e41-4656-9943-1ee52f69dd66","connectionDeviceId":"electricity","connectionAuthMethod":"{\"scope\":\"device\",\"type\":\"sas\",\"issuer\":\"iothub\",\"acceptingIpFilterRule\":null}","connectionDeviceGenerationId":"638436705062889146","contentType":"application/json","contentEncoding":"utf-8","enqueuedTime":"2024-02-16T09:52:54.9050000Z"},"Body":{"ID": "EAN543075800162607807", "timestamp": "2024-02-16T10:53:00.836099", "rate_1_total": 1463.9613799399433, "rate_2_total": 0.0, "current_rate": 1, "L1_cons": 1.8477498506691565, "L1_prod": 0.0, "L1_voltage": 234.4889168981292, "L1_current": 3.4133466306290434}}
{"EnqueuedTimeUtc":"2024-02-16T09:52:59.9370000Z","Properties":{},"SystemProperties":{"messageId":"67099f98-2603-4772-b5fd-3aafcf103999","connectionDeviceId":"electricity","connectionAuthMethod":"{\"scope\":\"device\",\"type\":\"sas\",\"issuer\":\"iothub\",\"acceptingIpFilterRule\":null}","connectionDeviceGenerationId":"638436705062889146","contentType":"application/json","contentEncoding":"utf-8","enqueuedTime":"2024-02-16T09:52:59.9370000Z"},"Body":{"ID": "EAN543075800162607807", "timestamp": "2024-02-16T10:53:05.863355", "rate_1_total": 1466.0325302518493, "rate_2_total": 0.0, "current_rate": 1, "L1_cons": 2.0711503119059653, "L1_prod": 0.0, "L1_voltage": 233.50921975090088, "L1_current": 5.769538294548671}}
{"EnqueuedTimeUtc":"2024-02-16T09:53:04.9990000Z","Properties":{},"SystemProperties":{"messageId":"92d4951b-1a7a-4e11-bb9e-06021ec240b4","connectionDeviceId":"electricity","connectionAuthMethod":"{\"scope\":\"device\",\"type\":\"sas\",\"issuer\":\"iothub\",\"acceptingIpFilterRule\":null}","connectionDeviceGenerationId":"638436705062889146","contentType":"application/json","contentEncoding":"utf-8","enqueuedTime":"2024-02-16T09:53:04.9990000Z"},"Body":{"ID": "EAN543075800162607807", "timestamp": "2024-02-16T10:53:10.934791", "rate_1_total": 1467.4903566366336, "rate_2_total": 0.0, "current_rate": 1, "L1_cons": 1.457826384784306, "L1_prod": 0.0, "L1_voltage": 233.9604558410276, "L1_current": 15.11544333399805}}
{"EnqueuedTimeUtc":"2024-02-16T09:53:10.0460000Z","Properties":{},"SystemProperties":{"messageId":"cd73c171-d782-4700-b8bf-1d85ce90d261","connectionDeviceId":"electricity","connectionAuthMethod":"{\"scope\":\"device\",\"type\":\"sas\",\"issuer\":\"iothub\",\"acceptingIpFilterRule\":null}","connectionDeviceGenerationId":"638436705062889146","contentType":"application/json","contentEncoding":"utf-8","enqueuedTime":"2024-02-16T09:53:10.0460000Z"},"Body":{"ID": "EAN543075800162607807", "timestamp": "2024-02-16T10:53:15.970701", "rate_1_total": 1468.054690742633, "rate_2_total": 0.0, "current_rate": 1, "L1_cons": 0.5643341059994375, "L1_prod": 0.0, "L1_voltage": 230.66210684114034, "L1_current": 9.257066480766737}}
{"EnqueuedTimeUtc":"2024-02-16T09:53:15.0770000Z","Properties":{},"SystemProperties":{"messageId":"ed56b1dc-67f7-4691-9d09-cd88ef7a133e","connectionDeviceId":"electricity","connectionAuthMethod":"{\"scope\":\"device\",\"type\":\"sas\",\"issuer\":\"iothub\",\"acceptingIpFilterRule\":null}","connectionDeviceGenerationId":"638436705062889146","contentType":"application/json","contentEncoding":"utf-8","enqueuedTime":"2024-02-16T09:53:15.0770000Z"},"Body":{"ID": "EAN543075800162607807", "timestamp": "2024-02-16T10:53:21.005989", "rate_1_total": 1471.7736865519678, "rate_2_total": 0.0, "current_rate": 1, "L1_cons": 3.7189958093346687, "L1_prod": 0.0, "L1_voltage": 236.7353794211382, "L1_current": 15.372035347184195}}
{"EnqueuedTimeUtc":"2024-02-16T09:53:20.1240000Z","Properties":{},"SystemProperties":{"messageId":"cd2b7cc6-76d9-4915-88b6-134ece95a31f","connectionDeviceId":"electricity","connectionAuthMethod":"{\"scope\":\"device\",\"type\":\"sas\",\"issuer\":\"iothub\",\"acceptingIpFilterRule\":null}","connectionDeviceGenerationId":"638436705062889146","contentType":"application/json","contentEncoding":"utf-8","enqueuedTime":"2024-02-16T09:53:20.1240000Z"},"Body":{"ID": "EAN543075800162607807", "timestamp": "2024-02-16T10:53:26.049253", "rate_1_total": 1474.5583346587814, "rate_2_total": 0.0, "current_rate": 1, "L1_cons": 2.784648106813652, "L1_prod": 0.0, "L1_voltage": 230.68037215064712, "L1_current": 4.483191845460439}}
{"EnqueuedTimeUtc":"2024-02-16T09:53:25.1550000Z","Properties":{},"SystemProperties":{"messageId":"c3f1c35c-9039-4297-9139-bda53250f9fb","connectionDeviceId":"electricity","connectionAuthMethod":"{\"scope\":\"device\",\"type\":\"sas\",\"issuer\":\"iothub\",\"acceptingIpFilterRule\":null}","connectionDeviceGenerationId":"638436705062889146","contentType":"application/json","contentEncoding":"utf-8","enqueuedTime":"2024-02-16T09:53:25.1550000Z"},"Body":{"ID": "EAN543075800162607807", "timestamp": "2024-02-16T10:53:31.080664", "rate_1_total": 1476.7894713527592, "rate_2_total": 0.0, "current_rate": 1, "L1_cons": 2.2311366939776707, "L1_prod": 0.0, "L1_voltage": 234.84261067194788, "L1_current": 11.564249597118023}}