{"EnqueuedTimeUtc":"2024-02-16T09:53:30.1870000Z","Properties":{},"SystemProperties":{"messageId":"54a5ec92-9e62-4a17-aa5c-87106f127246","connectionDeviceId":"electricity","connectionAuthMethod":"{\"scope\":\"device\",\"type\":\"sas\",\"issuer\":\"iothub\",\"acceptingIpFilterRule\":null}","connectionDeviceGenerationId":"638436705062889146","contentType":"application/json","contentEncoding":"utf-8","enqueuedTime":"2024-02-16T09:53:30.1870000Z"},"Body":{"ID": "EAN543075800162607807", "timestamp": "2024-02-16T10:53:36.116475", "rate_1_total": 1477.680758880375, "rate_2_total": 0.0, "current_rate": 1, "L1_cons": 0.8912875276157028, "L1_prod": 0.0, "L1_voltage": 235.13811926436907, "L1_current": 5.785005370238169}}
{"EnqueuedTimeUtc":"2024-02-16T09:53:35.2340000Z","Properties":{},"SystemProperties":{"messageId":"8e1b981e-7723-4717-9735-c4c3a849d690","connectionDeviceId":"electricity","connectionAuthMethod":"{\"scope\":\"device\",\"type\":\"sas\",\"issuer\":\"iothub\",\"acceptingIpFilterRule\":null}","connectionDeviceGenerationId":"638436705062889146","contentType":"application/json","contentEncoding":"utf-8","enqueuedTime":"2024-02-16T09:53:35.2340000Z"},"Body":{"ID": "EAN543075800162607807", "timestamp": "2024-02-16T10:53:41.157502", "rate_1_total": 1481.4054222072928, "rate_2_total": 0.0, "current_rate": 1, "L1_cons": 3.7246633269177303, "L1_prod": 0.0, "L1_voltage": 237.93548777335184, "L1_current": 13.019322689421454}}
{"EnqueuedTimeUtc":"2024-02-16T09:53:40.2660000Z","Properties":{},"SystemProperties":{"messageId":"ce0ca7cb-9670-4895-ae4a-e460da0eb2de","connectionDeviceId":"electricity","connectionAuthMethod":"{\"scope\":\"device\",\"type\":\"sas\",\"issuer\":\"iothub\",\"acceptingIpFilterRule\":null}","connectionDeviceGenerationId":"638436705062889146","contentType":"application/json","contentEncoding":"utf-8","enqueuedTime":"2024-02-16T09:53:40.2660000Z"},"Body":{"ID": "EAN543075800162607807", "timestamp": "2024-02-16T10:53:46.192593", "rate_1_total": 1483.4466018649223, "rate_2_total": 0.0, "current_rate": 1, "L1_cons": 2.0411796576295496, "L1_prod": 0.0, "L1_voltage": 239.261927824167, "L1_current": 3.800406423066861}}
{"EnqueuedTimeUtc":"2024-02-16T09:53:45.2980000Z","Properties":{},"SystemProperties":{"messageId":"688f8b08-d1d2-4941-bdb2-2191583003f4","connectionDeviceId":"electricity","connectionAuthMethod":"{\"scope\":\"device\",\"type\":\"sas\",\"issuer\":\"iothub\",\"acceptingIpFilterRule\":null}","connectionDeviceGenerationId":"638436705062889146","contentType":"application/json","contentEncoding":"utf-8","enqueuedTime":"2024-02-16T09:53:45.2980000Z"},"Body":{"ID": "EAN543075800162607807", "timestamp": "2024-02-16T10:53:51.228679", "rate_1_total": 1484.9012723837502, "rate_2_total": 0.0, "current_rate": 1, "L1_cons": 1.4546705188279083, "L1_prod": 0.0, "L1_voltage": 238.47030298883223, "L1_current": 14.371426357093396}}
{"EnqueuedTimeUtc":"2024-02-16T09:53:50.3450000Z","Properties":{},"SystemProperties":{"messageId":"7563088b-a226-41c1-9009-294bcf3e66f6","connectionDeviceId":"electricity","connectionAuthMethod":"{\"scope\":\"device\",\"type\":\"sas\",\"issuer\":\"iothub\",\"acceptingIpFilterRule\":null}","connectionDeviceGenerationId":"638436705062889146","contentType":"application/json","contentEncoding":"utf-8","enqueuedTime":"2024-02-16T09:53:50.3450000Z"},"Body":{"ID": "EAN543075800162607807", "timestamp": "2024-02-16T10:53:56.267611", "rate_1_total": 1488.0285324141423, "rate_2_total": 0.0, "current_rate": 1, "L1_cons": 3.1272600303921743, "L1_prod": 0.0, "L1_voltage": 238.3460617986025, "L1_current": 2.3457951831070023}}
{"EnqueuedTimeUtc":"2024-02-16T09:53:55.3760000Z","Properties":{},"SystemProperties":{"messageId":"72565742-c75c-46cc-926f-a1dfb06f3621","connectionDeviceId":"electricity","connectionAuthMethod":"{\"scope\":\"device\",\"type\":\"sas\",\"issuer\":\"iothub\",\"acceptingIpFilterRule\":null}","connectionDeviceGenerationId":"638436705062889146","contentType":"application/json","contentEncoding":"utf-8","enqueuedTime":"2024-02-16T09:53:55.3760000Z"},"Body":{"ID": "EAN543075800162607807", "timestamp": "2024-02-16T10:54:01.295789", "rate_1_total": 1489.4883024391756, "rate_2_total": 0.0, "current_rate": 1, "L1_cons": 1.4597700250332266, "L1_prod": 0.0, "L1_voltage": 231.34689992563824, "L1_current": 13.56292355259127}}
{"EnqueuedTimeUtc":"2024-02-16T09:54:00.4080000Z","Properties":{},"SystemProperties":{"messageId":"5b1c6f7e-eabf-4f5f-adda-dac34710207f","connectionDeviceId":"electricity","connectionAuthMethod":"{\"scope\":\"device\",\"type\":\"sas\",\"issuer\":\"iothub\",\"acceptingIpFilterRule\":null}","connectionDeviceGenerationId":"638436705062889146","contentType":"application/json","contentEncoding":"utf-8","enqueuedTime":"2024-02-16T09:54:00.4080000Z"},"Body":{"ID": "EAN543075800162607807", "timestamp": "2024-02-16T10:54:06.335165", "rate_1_total": 1491.01112088251, "rate_2_total": 0.0, "current_rate": 1, "L1_cons": 1.5228184433343719, "L1_prod": 0.0, "L1_voltage": 239.21983925043554, "L1_current": 13.230008361201378}}
{"EnqueuedTimeUtc":"2024-02-16T09:54:05.4390000Z","Properties":{},"SystemProperties":{"messageId":"b8ac753f-f750-40f6-8db4-6e0656f186c9","connectionDeviceId":"electricity","connectionAuthMethod":"{\"scope\":\"device\",\"type\":\"sas\",\"issuer\":\"iothub\",\"acceptingIpFilterRule\":null}","connectionDeviceGenerationId":"638436705062889146","contentType":"application/json","contentEncoding":"utf-8","enqueuedTime":"2024-02-16T09:54:05.4390000Z"},"Body":{"ID": "EAN543075800162607807", "timestamp": "2024-02-16T10:54:11.364480", "rate_1_total": 1491.2904651369251, "rate_2_total": 0.0, "current_rate": 1, "L1_cons": 0.2793442544149372, "L1_prod": 0.0, "L1_voltage": 234.91226947095186, "L1_current": 1.8344665077064002}}
{"EnqueuedTimeUtc":"2024-02-16T09:54:10.4720000Z","Properties":{},"SystemProperties":{"messageId":"1e8b6687-627b-4404-8269-e2acd865fade","connectionDeviceId":"electricity","connectionAuthMethod":"{\"scope\":\"device\",\"type\":\"sas\",\"issuer\":\"iothub\",\"acceptingIpFilterRule\":null}","connectionDeviceGenerationId":"638436705062889146","contentType":"application/json","contentEncoding":"utf-8","enqueuedTime":"2024-02-16T09:54:10.4720000Z"},"Body":{"ID": "EAN543075800162607807", "timestamp": "2024-02-16T10:54:16.403109", "rate_1_total": 1495.4647729737385, "rate_2_total": 0.0, "current_rate": 1, "L1_cons": 4.174307836813268, "L1_prod": 0.0, "L1_voltage": 231.14790461913373, "L1_current": 10.163568590318665}}
{"EnqueuedTimeUtc":"2024-02-16T09:54:15.5190000Z","Properties":{},"SystemProperties":{"messageId":"3a6b1ed2-a408-421d-a14f-57c26184e86f","connectionDeviceId":"electricity","connectionAuthMethod":"{\"scope\":\"device\",\"type\":\"sas\",\"issuer\":\"iothub\",\"acceptingIpFilterRule\":null}","connectionDeviceGenerationId":"638436705062889146","contentType":"application/json","contentEncoding":"utf-8","enqueuedTime":"2024-02-16T09:54:15.5190000Z"},"Body":{"ID": "EAN543075800162607807", "timestamp": "2024-02-16T10:54:21.444999", "rate_1_total": 1498.6490073788277, "rate_2_total": 0.0, "current_rate": 1, "L1_cons": 3.1842344050892417, "L1_prod": 0.0, "L1_voltage": 231.13798611686008, "L1_current": 14.286997306307773}}
{"EnqueuedTimeUtc":"2024-02-16T09:54:20.5510000Z","Properties":{},"SystemProperties":{"messageId":"3653733f-3247-4416-9116-52e4d80e8c0e","connectionDeviceId":"electricity","connectionAuthMethod":"{\"scope\":\"device\",\"type\":\"sas\",\"issuer\":\"iothub\",\"acceptingIpFilterRule\":null}","connectionDeviceGenerationId":"638436705062889146","contentType":"application/json","contentEncoding":"utf-8","enqueuedTime":"2024-02-16T09:54:20.5510000Z"},"Body":{"ID": "EAN543075800162607807", "timestamp": "2024-02-16T10:54:26.474502", "rate_1_total": 1501.3277934309042, "rate_2_total": 0.0, "current_rate": 1, "L1_cons": 2.67878605207648, "L1_prod": 0.0, "L1_voltage": 234.4403755219089, "L1_current": 11.03653993528364}}
{"EnqueuedTimeUtc":"2024-02-16T09:54:25.5980000Z","Properties":{},"SystemProperties":{"messageId":"d801d351-2ef1-4b2a-9df7-d55f08cf1a02","connectionDeviceId":"electricity","connectionAuthMethod":"{\"scope\":\"device\",\"type\":\"sas\",\"issuer\":\"iothub\",\"acceptingIpFilterRule\":null}","connectionDeviceGenerationId":"638436705062889146","contentType":"application/json","contentEncoding":"utf-8","enqueuedTime":"2024-02-16T09:54:25.5980000Z"},"Body":{"ID": "EAN543075800162607807", "timestamp": "2024-02-16T10:54:31.520640", "rate_1_total": 1506.3074169762433, "rate_2_total": 0.0, "current_rate": 1, "L1_cons": 4.9796235453390265, "L1_prod": 0.0, "L1_voltage": 230.84237382899192, "L1_current": 13.476268060692922}}