{"EnqueuedTimeUtc":"2024-02-16T09:54:30.6300000Z","Properties":{},"SystemProperties":{"messageId":"d7e1d73a-5bb8-4326-9cdb-fcfef33bd9c1","connectionDeviceId":"electricity","connectionAuthMethod":"{\"scope\":\"device\",\"type\":\"sas\",\"issuer\":\"iothub\",\"acceptingIpFilterRule\":null}","connectionDeviceGenerationId":"638436705062889146","contentType":"application/json","contentEncoding":"utf-8","enqueuedTime":"2024-02-16T09:54:30.6300000Z"},"Body":{"ID": "EAN543075800162607807", "timestamp": "2024-02-16T10:54:36.558972", "rate_1_total": 1509.0557286518847, "rate_2_total": 0.0, "current_rate": 1, "L1_cons": 2.7483116756414305, "L1_prod": 0.0, "L1_voltage": 231.75845450013057, "L1_current": 9.330731295097214}}
{"EnqueuedTimeUtc":"2024-02-16T09:54:35.6610000Z","Properties":{},"SystemProperties":{"messageId":"64e25d41-1329-4106-8d43-a7793bd095b6","connectionDeviceId":"electricity","connectionAuthMethod":"{\"scope\":\"device\",\"type\":\"sas\",\"issuer\":\"iothub\",\"acceptingIpFilterRule\":null}","connectionDeviceGenerationId":"638436705062889146","contentType":"application/json","contentEncoding":"utf-8","enqueuedTime":"2024-02-16T09:54:35.6610000Z"},"Body":{"ID": "EAN543075800162607807", "timestamp": "2024-02-16T10:54:41.590323", "rate_1_total": 1512.363182408566, "rate_2_total": 0.0, "current_rate": 1, "L1_cons": 3.3074537566813316, "L1_prod": 0.0, "L1_voltage": 233.80225330339857, "L1_current": 1.507913584918803}}
{"EnqueuedTimeUtc":"2024-02-16T09:54:40.6930000Z","Properties":{},"SystemProperties":{"messageId":"148398b1-bedc-4a5a-9394-0bfc160fc3d1","connectionDeviceId":"electricity","connectionAuthMethod":"{\"scope\":\"device\",\"type\":\"sas\",\"issuer\":\"iothub\",\"acceptingIpFilterRule\":null}","connectionDeviceGenerationId":"638436705062889146","contentType":"application/json","contentEncoding":"utf-8","enqueuedTime":"2024-02-16T09:54:40.6930000Z"},"Body":{"ID": "EAN543075800162607807", "timestamp": "2024-02-16T10:54:46.625198", "rate_1_total": 1515.3329262854095, "rate_2_total": 0.0, "current_rate": 1, "L1_cons": 2.969743876843451, "L1_prod": 0.0, "L1_voltage": 236.7910901333265, "L1_current": 11.80788132371707}}
{"EnqueuedTimeUtc":"2024-02-16T09:54:45.7240000Z","Properties":{},"SystemProperties":{"messageId":"e72f5aff-d37a-40a7-a6b9-32edf8d1eef7","connectionDeviceId":"electricity","connectionAuthMethod":"{\"scope\":\"device\",\"type\":\"sas\",\"issuer\":\"iothub\",\"acceptingIpFilterRule\":null}","connectionDeviceGenerationId":"638436705062889146","contentType":"application/json","contentEncoding":"utf-8","enqueuedTime":"2024-02-16T09:54:45.7240000Z"},"Body":{"ID": "EAN543075800162607807", "timestamp": "2024-02-16T10:54:51.659428", "rate_1_total": 1519.4980793261539, "rate_2_total": 0.0, "current_rate": 1, "L1_cons": 4.165153040744438, "L1_prod": 0.0, "L1_voltage": 233.89110465666698, "L1_current": 6.143043605743707}}
{"EnqueuedTimeUtc":"2024-02-16T09:54:50.7740000Z","Properties":{},"SystemProperties":{"messageId":"9d63553e-112e-4f88-9a25-5269cab44ee2","connectionDeviceId":"electricity","connectionAuthMethod":"{\"scope\":\"device\",\"type\":\"sas\",\"issuer\":\"iothub\",\"acceptingIpFilterRule\":null}","connectionDeviceGenerationId":"638436705062889146","contentType":"application/json","contentEncoding":"utf-8","enqueuedTime":"2024-02-16T09:54:50.7740000Z"},"Body":{"ID": "EAN543075800162607807", "timestamp": "2024-02-16T10:54:56.702348", "rate_1_total": 1521.224162441196, "rate_2_total": 0.0, "current_rate": 1, "L1_cons": 1.7260831150422513, "L1_prod": 0.0, "L1_voltage": 233.9889489714098, "L1_current": 3.0696908941677394}}
{"EnqueuedTimeUtc":"2024-02-16T09:54:55.8210000Z","Properties":{},"SystemProperties":{"messageId":"166cb3da-bb49-4c38-82a9-378689a4b501","connectionDeviceId":"electricity","connectionAuthMethod":"{\"scope\":\"device\",\"type\":\"sas\",\"issuer\":\"iothub\",\"acceptingIpFilterRule\":null}","connectionDeviceGenerationId":"638436705062889146","contentType":"application/json","contentEncoding":"utf-8","enqueuedTime":"2024-02-16T09:54:55.8210000Z"},"Body":{"ID": "EAN543075800162607807", "timestamp": "2024-02-16T10:55:01.747694", "rate_1_total": 1526.197969518104, "rate_2_total": 0.0, "current_rate": 1, "L1_cons": 4.973807076907816, "L1_prod": 0.0, "L1_voltage": 231.3352099775505, "L1_current": 4.419484369629322}}
{"EnqueuedTimeUtc":"2024-02-16T09:55:00.8550000Z","Properties":{},"SystemProperties":{"messageId":"d3f36fd3-e8d0-45ff-9ba1-80d33ba7b240","connectionDeviceId":"electricity","connectionAuthMethod":"{\"scope\":\"device\",\"type\":\"sas\",\"issuer\":\"iothub\",\"acceptingIpFilterRule\":null}","connectionDeviceGenerationId":"638436705062889146","contentType":"application/json","contentEncoding":"utf-8","enqueuedTime":"2024-02-16T09:55:00.8550000Z"},"Body":{"ID": "EAN543075800162607807", "timestamp": "2024-02-16T10:55:06.778192", "rate_1_total": 1530.4097722549436, "rate_2_total": 0.0, "current_rate": 1, "L1_cons": 4.211802736839622, "L1_prod": 0.0, "L1_voltage": 234.1891772417936, "L1_current": 9.726348710392333}}
{"EnqueuedTimeUtc":"2024-02-16T09:55:05.8870000Z","Properties":{},"SystemProperties":{"messageId":"11364219-c2b9-4ebb-9b99-18af09e233a1","connectionDeviceId":"electricity","connectionAuthMethod":"{\"scope\":\"device\",\"type\":\"sas\",\"issuer\":\"iothub\",\"acceptingIpFilterRule\":null}","connectionDeviceGenerationId":"638436705062889146","contentType":"application/json","contentEncoding":"utf-8","enqueuedTime":"2024-02-16T09:55:05.8870000Z"},"Body":{"ID": "EAN543075800162607807", "timestamp": "2024-02-16T10:55:11.822628", "rate_1_total": 1534.943803584527, "rate_2_total": 0.0, "current_rate": 1, "L1_cons": 4.534031329583247, "L1_prod": 0.0, "L1_voltage": 237.659433764332, "L1_current": 8.364469084782755}}
{"EnqueuedTimeUtc":"2024-02-16T09:55:10.9340000Z","Properties":{},"SystemProperties":{"messageId":"52a0649c-4b19-4ad1-a03d-a03b41fc9e21","connectionDeviceId":"electricity","connectionAuthMethod":"{\"scope\":\"device\",\"type\":\"sas\",\"issuer\":\"iothub\",\"acceptingIpFilterRule\":null}","connectionDeviceGenerationId":"638436705062889146","contentType":"application/json","contentEncoding":"utf-8","enqueuedTime":"2024-02-16T09:55:10.9340000Z"},"Body":{"ID": "EAN543075800162607807", "timestamp": "2024-02-16T10:55:16.860307", "rate_1_total": 1537.4287779685546, "rate_2_total": 0.0, "current_rate": 1, "L1_cons": 2.48497438402783, "L1_prod": 0.0, "L1_voltage": 237.35878784187094, "L1_current": 7.123910334881421}}
{"EnqueuedTimeUtc":"2024-02-16T09:55:15.9660000Z","Properties":{},"SystemProperties":{"messageId":"36e980b2-6ea5-4df0-b1dd-f1da58e183e2","connectionDeviceId":"electricity","connectionAuthMethod":"{\"scope\":\"device\",\"type\":\"sas\",\"issuer\":\"iothub\",\"acceptingIpFilterRule\":null}","connectionDeviceGenerationId":"638436705062889146","contentType":"application/json","contentEncoding":"utf-8","enqueuedTime":"2024-02-16T09:55:15.9660000Z"},"Body":{"ID": "EAN543075800162607807", "timestamp": "2024-02-16T10:55:21.896837", "rate_1_total": 1538.7747020558031, "rate_2_total": 0.0, "current_rate": 1, "L1_cons": 1.3459240872484568, "L1_prod": 0.0, "L1_voltage": 231.24145679148455, "L1_current": 4.601683867173059}}
{"EnqueuedTimeUtc":"2024-02-16T09:55:21.0130000Z","Properties":{},"SystemProperties":{"messageId":"012dfb98-a30b-473a-819e-b646a1865ea3","connectionDeviceId":"electricity","connectionAuthMethod":"{\"scope\":\"device\",\"type\":\"sas\",\"issuer\":\"iothub\",\"acceptingIpFilterRule\":null}","connectionDeviceGenerationId":"638436705062889146","contentType":"application/json","contentEncoding":"utf-8","enqueuedTime":"2024-02-16T09:55:21.0130000Z"},"Body":{"ID": "EAN543075800162607807", "timestamp": "2024-02-16T10:55:26.934987", "rate_1_total": 1539.116161676688, "rate_2_total": 0.0, "current_rate": 1, "L1_cons": 0.3414596208850479, "L1_prod": 0.0, "L1_voltage": 232.18417075743753, "L1_current": 5.1025901952469574}}
{"EnqueuedTimeUtc":"2024-02-16T09:55:26.0450000Z","Properties":{},"SystemProperties":{"messageId":"f7fe3ebe-aac3-4ec5-9e14-51cfab0e0bb7","connectionDeviceId":"electricity","connectionAuthMethod":"{\"scope\":\"device\",\"type\":\"sas\",\"issuer\":\"iothub\",\"acceptingIpFilterRule\":null}","connectionDeviceGenerationId":"638436705062889146","contentType":"application/json","contentEncoding":"utf-8","enqueuedTime":"2024-02-16T09:55:26.0450000Z"},"Body":{"ID": "EAN543075800162607807", "timestamp": "2024-02-16T10:55:31.972351", "rate_1_total": 1542.368196365841, "rate_2_total": 0.0, "current_rate": 1, "L1_cons": 3.252034689152848, "L1_prod": 0.0, "L1_voltage": 237.95984857569198, "L1_current": 10.789698394289996}}