{"EnqueuedTimeUtc":"2024-02-16T09:55:31.0920000Z","Properties":{},"SystemProperties":{"messageId":"6cb3fd0a-ca48-45c9-af9b-5e2c6490f1b1","connectionDeviceId":"electricity","connectionAuthMethod":"{\"scope\":\"device\",\"type\":\"sas\",\"issuer\":\"iothub\",\"acceptingIpFilterRule\":null}","connectionDeviceGenerationId":"638436705062889146","contentType":"application/json","contentEncoding":"utf-8","enqueuedTime":"2024-02-16T09:55:31.0920000Z"},"Body":{"ID": "EAN543075800162607807", "timestamp": "2024-02-16T10:55:37.011031", "rate_1_total": 1543.2127039565019, "rate_2_total": 0.0, "current_rate": 1, "L1_cons": 0.8445075906608354, "L1_prod": 0.0, "L1_voltage": 239.77775865627788, "L1_current": 4.110984772962031}}
{"EnqueuedTimeUtc":"2024-02-16T09:55:36.1230000Z","Properties":{},"SystemProperties":{"messageId":"c0bfd63b-6d45-47cf-8166-0211d1a935f3","connectionDeviceId":"electricity","connectionAuthMethod":"{\"scope\":\"device\",\"type\":\"sas\",\"issuer\":\"iothub\",\"acceptingIpFilterRule\":null}","connectionDeviceGenerationId":"638436705062889146","contentType":"application/json","contentEncoding":"utf-8","enqueuedTime":"2024-02-16T09:55:36.1230000Z"},"Body":{"ID": "EAN543075800162607807", "timestamp": "2024-02-16T10:55:42.057779", "rate_1_total": 1545.9000076505395, "rate_2_total": 0.0, "current_rate": 1, "L1_cons": 2.6873036940375163, "L1_prod": 0.0, "L1_voltage": 237.5113279466771, "L1_current": 6.251218321269778}}
{"EnqueuedTimeUtc":"2024-02-16T09:55:41.1550000Z","Properties":{},"SystemProperties":{"messageId":"fd1828eb-dae1-4ee1-8cb1-7dd24b3d66c1","connectionDeviceId":"electricity","connectionAuthMethod":"{\"scope\":\"device\",\"type\":\"sas\",\"issuer\":\"iothub\",\"acceptingIpFilterRule\":null}","connectionDeviceGenerationId":"638436705062889146","contentType":"application/json","contentEncoding":"utf-8","enqueuedTime":"2024-02-16T09:55:41.1550000Z"},"Body":{"ID": "EAN543075800162607807", "timestamp": "2024-02-16T10:55:47.087356", "rate_1_total": 1550.12160749249, "rate_2_total": 0.0, "current_rate": 1, "L1_cons": 4.22159984195056, "L1_prod": 0.0, "L1_voltage": 232.72590715205428, "L1_current": 15.174822129471716}}
{"EnqueuedTimeUtc":"2024-02-16T09:55:46.2040000Z","Properties":{},"SystemProperties":{"messageId":"d458cef8-2ec8-4115-8af5-f5bed0e4118f","connectionDeviceId":"electricity","connectionAuthMethod":"{\"scope\":\"device\",\"type\":\"sas\",\"issuer\":\"iothub\",\"acceptingIpFilterRule\":null}","connectionDeviceGenerationId":"638436705062889146","contentType":"application/json","contentEncoding":"utf-8","enqueuedTime":"2024-02-16T09:55:46.2040000Z"},"Body":{"ID": "EAN543075800162607807", "timestamp": "2024-02-16T10:55:52.126541", "rate_1_total": 1553.668806235438, "rate_2_total": 0.0, "current_rate": 1, "L1_cons": 3.547198742948107, "L1_prod": 0.0, "L1_voltage": 234.9010406162551, "L1_current": 7.53772281435482}}
{"EnqueuedTimeUtc":"2024-02-16T09:55:51.2360000Z","Properties":{},"SystemProperties":{"messageId":"d1d000e9-fb30-4ab7-8b9b-94a5881c5e99","connectionDeviceId":"electricity","connectionAuthMethod":"{\"scope\":\"device\",\"type\":\"sas\",\"issuer\":\"iothub\",\"acceptingIpFilterRule\":null}","connectionDeviceGenerationId":"638436705062889146","contentType":"application/json","contentEncoding":"utf-8","enqueuedTime":"2024-02-16T09:55:51.2360000Z"},"Body":{"ID": "EAN543075800162607807", "timestamp": "2024-02-16T10:55:57.163525", "rate_1_total": 1556.8527089226309, "rate_2_total": 0.0, "current_rate": 1, "L1_cons": 3.1839026871928042, "L1_prod": 0.0, "L1_voltage": 231.008706289385, "L1_current": 8.632655044187965}}
{"EnqueuedTimeUtc":"2024-02-16T09:55:56.2670000Z","Properties":{},"SystemProperties":{"messageId":"bf1b62aa-8e5d-48e0-a915-4a457518f72c","connectionDeviceId":"electricity","connectionAuthMethod":"{\"scope\":\"device\",\"type\":\"sas\",\"issuer\":\"iothub\",\"acceptingIpFilterRule\":null}","connectionDeviceGenerationId":"638436705062889146","contentType":"application/json","contentEncoding":"utf-8","enqueuedTime":"2024-02-16T09:55:56.2670000Z"},"Body":{"ID": "EAN541644228787926248", "timestamp": "2024-02-16T10:56:02.193399", "rate_1_total": -1558.516622528114, "rate_2_total": 0.0, "current_rate": 1, "L1_cons": -1.6639136054831867, "L1_prod": 0.0, "L1_voltage": 232.10375295867215, "L1_current": 10.870078744700244}}
{"EnqueuedTimeUtc":"2024-02-16T09:56:01.2990000Z","Properties":{},"SystemProperties":{"messageId":"15dca3ba-7128-495f-a19d-3f0ab3116fc4","connectionDeviceId":"electricity","connectionAuthMethod":"{\"scope\":\"device\",\"type\":\"sas\",\"issuer\":\"iothub\",\"acceptingIpFilterRule\":null}","connectionDeviceGenerationId":"638436705062889146","contentType":"application/json","contentEncoding":"utf-8","enqueuedTime":"2024-02-16T09:56:01.2990000Z"},"Body":{"ID": "EAN543075800162607807", "timestamp": "2024-02-16T10:56:07.229349", "rate_1_total": 1559.1812692595604, "rate_2_total": 0.0, "current_rate": 1, "L1_cons": 0.66464673144629, "L1_prod": 0.0, "L1_voltage": 239.72153273724604, "L1_current": 12.10028610647196}}
{"EnqueuedTimeUtc":"2024-02-16T09:56:06.3930000Z","Properties":{},"SystemProperties":{"messageId":"54d1cc22-0304-4190-acbe-6000bcd32419","connectionDeviceId":"electricity","connectionAuthMethod":"{\"scope\":\"device\",\"type\":\"sas\",\"issuer\":\"iothub\",\"acceptingIpFilterRule\":null}","connectionDeviceGenerationId":"638436705062889146","contentType":"application/json","contentEncoding":"utf-8","enqueuedTime":"2024-02-16T09:56:06.3930000Z"},"Body":{"ID": "EAN543075800162607807", "timestamp": "2024-02-16T10:56:12.258460", "rate_1_total": 1562.8713184430865, "rate_2_total": 0.0, "current_rate": 1, "L1_cons": 3.690049183526119, "L1_prod": 0.0, "L1_voltage": 238.91556386347818, "L1_current": 3.5930478537121924}}
{"EnqueuedTimeUtc":"2024-02-16T09:56:11.4400000Z","Properties":{},"SystemProperties":{"messageId":"0028cc64-dfc0-4ee5-a29a-a5442eea4f88","connectionDeviceId":"electricity","connectionAuthMethod":"{\"scope\":\"device\",\"type\":\"sas\",\"issuer\":\"iothub\",\"acceptingIpFilterRule\":null}","connectionDeviceGenerationId":"638436705062889146","contentType":"application/json","contentEncoding":"utf-8","enqueuedTime":"2024-02-16T09:56:11.4400000Z"},"Body":{"ID": "EAN543075800162607807", "timestamp": "2024-02-16T10:56:17.365786", "rate_1_total": 1566.9630520941225, "rate_2_total": 0.0, "current_rate": 1, "L1_cons": 4.0917336510360975, "L1_prod": 0.0, "L1_voltage": 231.3249326306328, "L1_current": 3.7516450240771473}}
{"EnqueuedTimeUtc":"2024-02-16T09:56:16.4870000Z","Properties":{},"SystemProperties":{"messageId":"ffecc5dc-bf6b-4ee6-9c36-9769aaab7c1a","connectionDeviceId":"electricity","connectionAuthMethod":"{\"scope\":\"device\",\"type\":\"sas\",\"issuer\":\"iothub\",\"acceptingIpFilterRule\":null}","connectionDeviceGenerationId":"638436705062889146","contentType":"application/json","contentEncoding":"utf-8","enqueuedTime":"2024-02-16T09:56:16.4870000Z"},"Body":{"ID": "EAN543075800162607807", "timestamp": "2024-02-16T10:56:22.407199", "rate_1_total": 1570.799742805421, "rate_2_total": 0.0, "current_rate": 1, "L1_cons": 3.836690711298297, "L1_prod": 0.0, "L1_voltage": 236.97946644153117, "L1_current": 1.6246552053442191}}
{"EnqueuedTimeUtc":"2024-02-16T09:56:21.5190000Z","Properties":{},"SystemProperties":{"messageId":"c4bcb28d-ae76-490e-b6c1-6aa9a321c01b","connectionDeviceId":"electricity","connectionAuthMethod":"{\"scope\":\"device\",\"type\":\"sas\",\"issuer\":\"iothub\",\"acceptingIpFilterRule\":null}","connectionDeviceGenerationId":"638436705062889146","contentType":"application/json","contentEncoding":"utf-8","enqueuedTime":"2024-02-16T09:56:21.5190000Z"},"Body":{"ID": "EAN543075800162607807", "timestamp": "2024-02-16T10:56:27.438280", "rate_1_total": 1574.0541397321913, "rate_2_total": 0.0, "current_rate": 1, "L1_cons": 3.2543969267703416, "L1_prod": 0.0, "L1_voltage": 239.0621390216039, "L1_current": 5.585475434584881}}
{"EnqueuedTimeUtc":"2024-02-16T09:56:26.5660000Z","Properties":{},"SystemProperties":{"messageId":"7ffd597d-3b27-49ae-9554-c92df11d8ee3","connectionDeviceId":"electricity","connectionAuthMethod":"{\"scope\":\"device\",\"type\":\"sas\",\"issuer\":\"iothub\",\"acceptingIpFilterRule\":null}","connectionDeviceGenerationId":"638436705062889146","contentType":"application/json","contentEncoding":"utf-8","enqueuedTime":"2024-02-16T09:56:26.5660000Z"},"Body":{"ID": "EAN543075800162607807", "timestamp": "2024-02-16T10:56:32.486874", "rate_1_total": 1576.8742074892025, "rate_2_total": 0.0, "current_rate": 1, "L1_cons": 2.8200677570112553, "L1_prod": 0.0, "L1_voltage": 231.43695607501817, "L1_current": 6.648452612806916}}