{"EnqueuedTimeUtc":"2024-02-16T09:56:31.5970000Z","Properties":{},"SystemProperties":{"messageId":"e5f8ab48-8c9b-4da0-a7e0-f803190df5ec","connectionDeviceId":"electricity","connectionAuthMethod":"{\"scope\":\"device\",\"type\":\"sas\",\"issuer\":\"iothub\",\"acceptingIpFilterRule\":null}","connectionDeviceGenerationId":"638436705062889146","contentType":"application/json","contentEncoding":"utf-8","enqueuedTime":"2024-02-16T09:56:31.5970000Z"},"Body":{"ID": "EAN543075800162607807", "timestamp": "2024-02-16T10:56:37.524890", "rate_1_total": 1580.1502990781553, "rate_2_total": 0.0, "current_rate": 1, "L1_cons": 3.276091588952779, "L1_prod": 0.0, "L1_voltage": 230.95762236137963, "L1_current": 6.728881358030926}}
{"EnqueuedTimeUtc":"2024-02-16T09:56:36.6290000Z","Properties":{},"SystemProperties":{"messageId":"d7c56875-f6d6-4e0e-a4a1-7398b199142e","connectionDeviceId":"electricity","connectionAuthMethod":"{\"scope\":\"device\",\"type\":\"sas\",\"issuer\":\"iothub\",\"acceptingIpFilterRule\":null}","connectionDeviceGenerationId":"638436705062889146","contentType":"application/json","contentEncoding":"utf-8","enqueuedTime":"2024-02-16T09:56:36.6290000Z"},"Body":{"ID": "EAN543075800162607807", "timestamp": "2024-02-16T10:56:42.563263", "rate_1_total": 1581.909516172072, "rate_2_total": 0.0, "current_rate": 1, "L1_cons": 1.759217093916712, "L1_prod": 0.0, "L1_voltage": 237.53903563472124, "L1_current": 11.363404585484242}}
{"EnqueuedTimeUtc":"2024-02-16T09:56:41.6770000Z","Properties":{},"SystemProperties":{"messageId":"3a1eca4c-4f41-4d3d-9a5b-7f309a9f5f8b","connectionDeviceId":"electricity","connectionAuthMethod":"{\"scope\":\"device\",\"type\":\"sas\",\"issuer\":\"iothub\",\"acceptingIpFilterRule\":null}","connectionDeviceGenerationId":"638436705062889146","contentType":"application/json","contentEncoding":"utf-8","enqueuedTime":"2024-02-16T09:56:41.6770000Z"},"Body":{"ID": "EAN543075800162607807", "timestamp": "2024-02-16T10:56:47.606616", "rate_1_total": 1583.124785696901, "rate_2_total": 0.0, "current_rate": 1, "L1_cons": 1.215269524828906, "L1_prod": 0.0, "L1_voltage": 239.53952112822833, "L1_current": 14.339912283162173}}
{"EnqueuedTimeUtc":"2024-02-16T09:56:46.7240000Z","Properties":{},"SystemProperties":{"messageId":"8e34e17f-8ab7-451e-b27a-e24a90439bbf","connectionDeviceId":"electricity","connectionAuthMethod":"{\"scope\":\"device\",\"type\":\"sas\",\"issuer\":\"iothub\",\"acceptingIpFilterRule\":null}","connectionDeviceGenerationId":"638436705062889146","contentType":"application/json","contentEncoding":"utf-8","enqueuedTime":"2024-02-16T09:56:46.7240000Z"},"Body":{"ID": "EAN543075800162607807", "timestamp": "2024-02-16T10:56:52.642704", "rate_1_total": 1585.1802532061065, "rate_2_total": 0.0, "current_rate": 1, "L1_cons": 2.0554675092055543, "L1_prod": 0.0, "L1_voltage": 231.89227673486934, "L1_current": 1.5188779106819676}}
{"EnqueuedTimeUtc":"2024-02-16T09:56:51.7550000Z","Properties":{},"SystemProperties":{"messageId":"e72d15be-06d4-49ea-8e2a-83817dc5c0de","connectionDeviceId":"electricity","connectionAuthMethod":"{\"scope\":\"device\",\"type\":\"sas\",\"issuer\":\"iothub\",\"acceptingIpFilterRule\":null}","connectionDeviceGenerationId":"638436705062889146","contentType":"application/json","contentEncoding":"utf-8","enqueuedTime":"2024-02-16T09:56:51.7550000Z"},"Body":{"ID": "EAN543075800162607807", "timestamp": "2024-02-16T10:56:57.683807", "rate_1_total": 1585.621624366217, "rate_2_total": 0.0, "current_rate": 1, "L1_cons": 0.4413711601105103, "L1_prod": 0.0, "L1_voltage": 234.81756830577373, "L1_current": 6.788030308233704}}
{"EnqueuedTimeUtc":"2024-02-16T09:56:56.8650000Z","Properties":{},"SystemProperties":{"messageId":"e89ad5cc-1a01-431d-97f7-2b6deb733e95","connectionDeviceId":"electricity","connectionAuthMethod":"{\"scope\":\"device\",\"type\":\"sas\",\"issuer\":\"iothub\",\"acceptingIpFilterRule\":null}","connectionDeviceGenerationId":"638436705062889146","contentType":"application/json","contentEncoding":"utf-8","enqueuedTime":"2024-02-16T09:56:56.8650000Z"},"Body":{"ID": "EAN543075800162607807", "timestamp": "2024-02-16T10:57:02.795699", "rate_1_total": 1589.5540181614872, "rate_2_total": 0.0, "current_rate": 1, "L1_cons": 3.9323937952701815, "L1_prod": 0.0, "L1_voltage": 230.41471371271828, "L1_current": 2.954805297377093}}
{"EnqueuedTimeUtc":"2024-02-16T09:57:01.8960000Z","Properties":{},"SystemProperties":{"messageId":"f8441703-43b7-4472-a310-408c230ebaa2","connectionDeviceId":"electricity","connectionAuthMethod":"{\"scope\":\"device\",\"type\":\"sas\",\"issuer\":\"iothub\",\"acceptingIpFilterRule\":null}","connectionDeviceGenerationId":"638436705062889146","contentType":"application/json","contentEncoding":"utf-8","enqueuedTime":"2024-02-16T09:57:01.8960000Z"},"Body":{"ID": "EAN543075800162607807", "timestamp": "2024-02-16T10:57:07.825028", "rate_1_total": 1592.00343035728, "rate_2_total": 0.0, "current_rate": 1, "L1_cons": 2.4494121957928705, "L1_prod": 0.0, "L1_voltage": 234.54256764908, "L1_current": 3.4610314816575167}}
{"EnqueuedTimeUtc":"2024-02-16T09:57:06.9440000Z","Properties":{},"SystemProperties":{"messageId":"aec9fd7f-d60c-4e7e-9533-f7dafa5df9c3","connectionDeviceId":"electricity","connectionAuthMethod":"{\"scope\":\"device\",\"type\":\"sas\",\"issuer\":\"iothub\",\"acceptingIpFilterRule\":null}","connectionDeviceGenerationId":"638436705062889146","contentType":"application/json","contentEncoding":"utf-8","enqueuedTime":"2024-02-16T09:57:06.9440000Z"},"Body":{"ID": "EAN543075800162607807", "timestamp": "2024-02-16T10:57:12.872033", "rate_1_total": 1595.2435206583796, "rate_2_total": 0.0, "current_rate": 1, "L1_cons": 3.2400903010996407, "L1_prod": 0.0, "L1_voltage": 233.11163289973368, "L1_current": 13.245583746317056}}
{"EnqueuedTimeUtc":"2024-02-16T09:57:11.9920000Z","Properties":{},"SystemProperties":{"messageId":"4a895404-e599-4beb-b444-373de3e0162b","connectionDeviceId":"electricity","connectionAuthMethod":"{\"scope\":\"device\",\"type\":\"sas\",\"issuer\":\"iothub\",\"acceptingIpFilterRule\":null}","connectionDeviceGenerationId":"638436705062889146","contentType":"application/json","contentEncoding":"utf-8","enqueuedTime":"2024-02-16T09:57:11.9920000Z"},"Body":{"ID": "EAN543075800162607807", "timestamp": "2024-02-16T10:57:17.911329", "rate_1_total": 1599.3101715238358, "rate_2_total": 0.0, "current_rate": 1, "L1_cons": 4.066650865456319, "L1_prod": 0.0, "L1_voltage": 234.3000401830516, "L1_current": 5.076229615571036}}
{"EnqueuedTimeUtc":"2024-02-16T09:57:17.0080000Z","Properties":{},"SystemProperties":{"messageId":"120f56bc-9cba-429b-b948-7d819e5cc19c","connectionDeviceId":"electricity","connectionAuthMethod":"{\"scope\":\"device\",\"type\":\"sas\",\"issuer\":\"iothub\",\"acceptingIpFilterRule\":null}","connectionDeviceGenerationId":"638436705062889146","contentType":"application/json","contentEncoding":"utf-8","enqueuedTime":"2024-02-16T09:57:17.0080000Z"},"Body":{"ID": "EAN543075800162607807", "timestamp": "2024-02-16T10:57:22.941911", "rate_1_total": 1602.8287575648042, "rate_2_total": 0.0, "current_rate": 1, "L1_cons": 3.5185860409683216, "L1_prod": 0.0, "L1_voltage": 235.70185908688237, "L1_current": 8.271819590211702}}
{"EnqueuedTimeUtc":"2024-02-16T09:57:22.0550000Z","Properties":{},"SystemProperties":{"messageId":"bdca547a-b6a1-4be1-9b81-797373bd86bd","connectionDeviceId":"electricity","connectionAuthMethod":"{\"scope\":\"device\",\"type\":\"sas\",\"issuer\":\"iothub\",\"acceptingIpFilterRule\":null}","connectionDeviceGenerationId":"638436705062889146","contentType":"application/json","contentEncoding":"utf-8","enqueuedTime":"2024-02-16T09:57:22.0550000Z"},"Body":{"ID": "EAN543075800162607807", "timestamp": "2024-02-16T10:57:27.980607", "rate_1_total": 1606.6745587688467, "rate_2_total": 0.0, "current_rate": 1, "L1_cons": 3.8458012040425897, "L1_prod": 0.0, "L1_voltage": 232.48150621782673, "L1_current": 3.778354253373017}}
{"EnqueuedTimeUtc":"2024-02-16T09:57:27.0860000Z","Properties":{},"SystemProperties":{"messageId":"743e0a30-63bd-45d1-a766-d288f4bdcc39","connectionDeviceId":"electricity","connectionAuthMethod":"{\"scope\":\"device\",\"type\":\"sas\",\"issuer\":\"iothub\",\"acceptingIpFilterRule\":null}","connectionDeviceGenerationId":"638436705062889146","contentType":"application/json","contentEncoding":"utf-8","enqueuedTime":"2024-02-16T09:57:27.0860000Z"},"Body":{"ID": "EAN543075800162607807", "timestamp": "2024-02-16T10:57:33.014939", "rate_1_total": 1607.4422459288915, "rate_2_total": 0.0, "current_rate": 1, "L1_cons": 0.7676871600447106, "L1_prod": 0.0, "L1_voltage": 239.27564688118238, "L1_current": 9.901991605881113}}